CustomerID,CustomerName,Email,City,State,ModifiedDate
1,Patricia Frank,ssteele@example.org,Bengaluru,Tamil Nadu,2026-07-30 23:30:11.000
2,Billy Cannon,gallen@example.org,Pune,Karnataka,2025-06-23 08:56:59.000
3,Steven Carroll,erika29@example.net,Hyderabad,Kerala,2025-03-21 14:38:54.000
4,Charles Love,carla11@example.com,Bengaluru,Delhi,2025-11-24 17:11:34.000
5,Stacy Myers,mary92@example.org,Chennai,Tamil Nadu,2025-03-14 18:36:21.000
6,Jane Blankenship,dmartinez@example.net,Mumbai,Karnataka,2026-01-28 12:30:19.000
7,Marc Little,karawilson@example.net,Chennai,Delhi,2025-06-04 10:36:08.000
8,Gabriel Salazar,ijohnson@example.net,Kochi,Karnataka,2025-12-15 21:51:48.000
9,Tamara Brennan,zaustin@example.org,Pune,Tamil Nadu,2026-08-13 09:11:40.000
10,Jill Morris,molly91@example.org,Hyderabad,Kerala,2025-11-25 06:06:12.000
11,David Reyes,victor68@example.com,Delhi,Telangana,2025-05-01 18:20:52.000
12,Bryan Santana,matthew68@example.org,Mumbai,Telangana,2025-03-21 09:20:15.000
13,Jennifer James,rachel97@example.net,Bengaluru,Maharashtra,2025-03-17 02:55:26.000
14,Kristin Cox,sherry24@example.org,Delhi,Telangana,2026-04-14 22:16:08.000
15,Erin Thompson,lholland@example.net,Pune,Tamil Nadu,2026-07-21 19:11:11.000
16,Kayla Kelly,olsonryan@example.org,Coimbatore,Delhi,2025-04-07 22:55:41.000
17,Jerome Powers,juliekim@example.org,Kochi,Tamil Nadu,2026-03-05 18:46:59.000
18,Rebecca Lowe,milleranne@example.com,Pune,Kerala,2026-04-26 10:02:37.000
19,Adam Adkins,melissabeasley@example.org,Delhi,Delhi,2025-05-30 08:31:08.000
20,Krystal Kim,omar62@example.com,Bengaluru,Tamil Nadu,2026-05-29 14:50:30.000
21,Wendy Miller,lschmidt@example.org,Mumbai,Telangana,2025-03-03 23:25:48.000
22,Sherry Oconnell,nwarner@example.net,Mumbai,Tamil Nadu,2025-10-23 06:03:59.000
23,Christopher Lowery,ophillips@example.net,Pune,Maharashtra,2026-05-09 18:01:00.000
24,Nicholas Harper,dawnwalls@example.org,Delhi,Karnataka,2025-10-15 12:40:24.000
25,Daniel Harris,kruegeralicia@example.com,Delhi,Karnataka,2026-06-05 12:58:14.000
26,Gina Miles,arianahardy@example.com,Pune,Kerala,2026-06-15 22:15:07.000
27,Rodney Smith,pturner@example.net,Bengaluru,Delhi,2026-05-09 04:51:11.000
28,Travis Thomas,omalone@example.com,Hyderabad,Delhi,2026-07-21 07:54:31.000
29,Raymond Williams,andrewtaylor@example.net,Mumbai,Karnataka,2025-12-26 01:09:17.000
30,Daisy Taylor,vwashington@example.net,Kochi,Telangana,2026-05-13 02:27:36.000
31,Ashley Gonzalez,nsawyer@example.com,Mumbai,Kerala,2025-09-09 21:04:05.000
32,Crystal Lopez,alice10@example.com,Chennai,Karnataka,2025-01-25 22:23:30.000
33,Rodney Jacobs,morenojoshua@example.org,Delhi,Maharashtra,2025-07-27 23:03:06.000
34,Lucas Mullen,boydandrea@example.org,Bengaluru,Karnataka,2026-03-17 13:00:08.000
35,Elizabeth Silva,jacksonjack@example.org,Delhi,Karnataka,2026-05-25 02:15:44.000
36,Shane Brock,aaronjones@example.com,Coimbatore,Maharashtra,2026-05-15 07:37:38.000
37,Michelle King,kevin99@example.org,Coimbatore,Karnataka,2025-07-25 17:43:27.000
38,Lauren Edwards,davisamanda@example.org,Hyderabad,Karnataka,2026-08-02 15:36:04.000
39,Darryl Nash,pwilliamson@example.net,Pune,Kerala,2026-03-31 01:28:21.000
40,Caleb Raymond,emilyvazquez@example.com,Kochi,Delhi,2025-11-07 05:21:54.000
41,Todd Smith,amanda41@example.net,Delhi,Karnataka,2025-04-18 10:41:26.000
42,Christopher Finley,omedina@example.org,Coimbatore,Tamil Nadu,2026-08-11 00:48:02.000
43,Daniel Howard,millscody@example.com,Chennai,Tamil Nadu,2025-04-29 17:10:07.000
44,Richard Andrews,deannaray@example.com,Hyderabad,Kerala,2025-11-24 21:37:55.000
45,Morgan Lane,christinewhite@example.net,Bengaluru,Maharashtra,2025-10-24 09:53:56.000
46,Kimberly Potts,fpittman@example.org,Coimbatore,Delhi,2025-07-15 06:41:55.000
47,William Suarez,raymondgrant@example.net,Chennai,Kerala,2026-07-14 19:13:42.000
48,James Bryan,tsmith@example.net,Bengaluru,Kerala,2026-02-22 01:51:08.000
49,William Wilson MD,mayssteven@example.net,Pune,Kerala,2025-09-22 05:19:49.000
50,Nicole White,parkerkeith@example.com,Bengaluru,Telangana,2025-12-04 16:36:42.000
51,Priscilla Cisneros,john65@example.net,Hyderabad,Maharashtra,2025-01-03 12:29:49.000
52,Sabrina Allen,samantha35@example.org,Pune,Delhi,2026-08-15 20:00:17.000
53,David Hill,rodriguezdiane@example.com,Hyderabad,Delhi,2025-03-24 15:38:29.000
54,Ashley Hernandez,andrewfowler@example.org,Pune,Kerala,2026-01-30 07:31:19.000
55,Aaron Holloway,gperez@example.com,Mumbai,Karnataka,2025-10-18 10:15:33.000
56,Maureen Dawson,gerald40@example.net,Hyderabad,Delhi,2026-08-28 18:38:58.000
57,Leslie Torres,reesemonica@example.com,Chennai,Delhi,2025-09-09 18:42:24.000
58,Stephen Smith,pnewman@example.net,Coimbatore,Tamil Nadu,2025-03-28 21:21:55.000
59,Dr. Whitney Davis,kingjulie@example.com,Delhi,Telangana,2025-07-05 23:42:52.000
60,Darryl Johnson,smoore@example.net,Chennai,Karnataka,2026-03-17 16:17:59.000
61,Frank Crawford,thompsonjorge@example.com,Bengaluru,Tamil Nadu,2026-07-23 11:44:47.000
62,Nicole Smith,robertmiddleton@example.com,Coimbatore,Tamil Nadu,2026-08-14 18:39:07.000
63,Haley Castaneda,uerickson@example.org,Hyderabad,Karnataka,2026-05-28 10:38:48.000
64,Tammy Montgomery,suebrennan@example.net,Coimbatore,Delhi,2025-05-09 06:11:22.000
65,Amber Drake,debbie73@example.com,Pune,Delhi,2026-04-17 03:43:48.000
66,Rachel Hall,murphyjonathan@example.net,Kochi,Karnataka,2026-02-23 21:12:27.000
67,Jacob Cabrera,sherry16@example.com,Mumbai,Kerala,2025-08-31 02:48:46.000
68,Danny Griffin,matthewlee@example.com,Kochi,Kerala,2026-05-20 18:36:18.000
69,Erica Bolton,joan97@example.net,Delhi,Maharashtra,2026-02-07 00:18:46.000
70,Gwendolyn Turner,rjimenez@example.com,Coimbatore,Tamil Nadu,2025-07-12 13:17:44.000
71,Stacey Mann,saraanthony@example.com,Mumbai,Tamil Nadu,2025-09-20 14:22:18.000
72,Martin Hernandez,ayalazachary@example.net,Chennai,Delhi,2026-03-07 05:50:44.000
73,Robert Lee,caitlinhernandez@example.com,Mumbai,Delhi,2025-06-21 01:08:58.000
74,Brandon Keller,teresa23@example.org,Chennai,Tamil Nadu,2026-07-04 19:06:41.000
75,Darin Mendez,gouldjohn@example.net,Chennai,Karnataka,2025-02-22 08:25:59.000
76,Nicole Martinez,hernandezkaren@example.com,Chennai,Telangana,2025-02-25 00:52:36.000
77,Cynthia Steele,susanochoa@example.org,Mumbai,Telangana,2026-06-04 14:38:58.000
78,Michelle Ramirez,johnsongina@example.net,Coimbatore,Karnataka,2026-02-23 20:02:56.000
79,Barbara Finley,amandatucker@example.net,Hyderabad,Kerala,2026-03-20 13:00:53.000
80,Cynthia Taylor,angeladunn@example.net,Coimbatore,Karnataka,2026-01-03 08:51:16.000
81,Timothy Wheeler,melindamcbride@example.net,Kochi,Karnataka,2025-03-15 06:21:37.000
82,Cynthia Benson,stephanie85@example.com,Bengaluru,Kerala,2025-12-01 19:22:35.000
83,Joseph Wright,sandra44@example.net,Delhi,Maharashtra,2025-11-16 07:30:06.000
84,Noah Nicholson,rwolfe@example.net,Coimbatore,Kerala,2025-02-12 01:49:26.000
85,Barbara Wells,grossdavid@example.net,Bengaluru,Tamil Nadu,2025-11-09 17:24:16.000
86,Timothy Bush,fcarlson@example.org,Delhi,Tamil Nadu,2025-07-13 03:17:24.000
87,Robert Mcneil,tracy86@example.net,Mumbai,Karnataka,2026-02-21 13:05:27.000
88,Alexis Boone,mooresarah@example.net,Coimbatore,Karnataka,2025-11-24 16:26:37.000
89,Derek Beck,bmontoya@example.org,Hyderabad,Telangana,2025-12-26 08:00:44.000
90,Deborah Cook,michellecastro@example.org,Mumbai,Tamil Nadu,2025-12-11 04:33:20.000
91,Jonathan Cook,rlee@example.net,Bengaluru,Tamil Nadu,2026-05-22 12:51:42.000
92,Michael Reyes,jbrown@example.com,Chennai,Tamil Nadu,2026-08-09 07:28:44.000
93,Patrick Williams,ovincent@example.org,Mumbai,Karnataka,2025-11-12 16:06:25.000
94,Tony Pennington,dcollins@example.org,Coimbatore,Maharashtra,2025-06-16 00:32:18.000
95,Crystal Mitchell,collinsjennifer@example.org,Kochi,Tamil Nadu,2025-05-08 21:03:30.000
96,Luke Sims,adeleon@example.net,Kochi,Tamil Nadu,2025-10-31 05:59:20.000
97,Troy Blake,gmartin@example.org,Pune,Maharashtra,2025-08-10 13:25:51.000
98,Judith Price,turnerjames@example.net,Kochi,Kerala,2026-07-22 09:36:21.000
99,Miguel Brown,maxwell93@example.com,Coimbatore,Karnataka,2025-05-28 11:57:10.000
100,Antonio Nelson,timothy40@example.net,Pune,Karnataka,2025-02-15 10:12:27.000
101,Amber Gray,santosdeborah@example.com,Chennai,Kerala,2025-09-01 14:01:02.000
102,Rose Griffith,theresascott@example.com,Chennai,Tamil Nadu,2026-03-30 17:51:34.000
103,David Mcgee,vanessa55@example.com,Coimbatore,Delhi,2026-02-17 12:54:31.000
104,Jacqueline Mcdonald,tony55@example.org,Hyderabad,Tamil Nadu,2026-01-30 10:36:33.000
105,Peter Walsh,maxwell27@example.org,Bengaluru,Karnataka,2025-02-23 05:19:48.000
106,Glenn Salinas,mcdonaldmelanie@example.com,Bengaluru,Kerala,2025-07-02 16:31:06.000
107,Connie Stafford,john64@example.com,Kochi,Tamil Nadu,2026-03-19 11:31:09.000
108,Pamela Parker,wrightdeborah@example.com,Mumbai,Delhi,2026-04-07 18:38:25.000
109,Heather Thompson,lunanatasha@example.com,Chennai,Delhi,2025-03-05 16:16:53.000
110,Edward Reyes,vbentley@example.org,Kochi,Kerala,2026-03-30 08:26:24.000
111,Edward Hale,jenkinscassie@example.net,Delhi,Telangana,2025-06-08 15:40:02.000
112,Abigail Matthews,ericyoung@example.org,Delhi,Karnataka,2025-07-26 07:24:48.000
113,Rhonda Marshall,kcase@example.com,Kochi,Karnataka,2026-06-06 17:12:47.000
114,Antonio English,walterschmidt@example.net,Pune,Maharashtra,2025-09-03 13:58:12.000
115,Jennifer Garner,samanthanguyen@example.com,Bengaluru,Tamil Nadu,2025-12-22 23:03:40.000
116,Maria Robinson,brownsandra@example.com,Bengaluru,Tamil Nadu,2026-02-22 14:13:54.000
117,Brian Ortiz,robertsalas@example.net,Mumbai,Delhi,2025-07-25 23:41:38.000
118,Sarah Williams,laurenmoore@example.org,Hyderabad,Telangana,2025-02-23 10:21:46.000
119,Christina Dawson,eileenlawson@example.net,Mumbai,Telangana,2025-08-10 08:33:00.000
120,Belinda Gates,amanda64@example.net,Hyderabad,Maharashtra,2026-02-26 22:19:00.000
121,Linda Schwartz,pauljohnson@example.com,Pune,Delhi,2026-05-23 23:00:07.000
122,Christopher Ross,morrisnathan@example.net,Chennai,Kerala,2026-03-07 18:32:09.000
123,Michael Bailey MD,katherinethompson@example.net,Pune,Kerala,2025-03-22 10:59:32.000
124,Kimberly Humphrey,jenniferbrown@example.org,Hyderabad,Telangana,2025-03-31 15:44:46.000
125,Benjamin Carlson,luke53@example.net,Bengaluru,Kerala,2026-03-06 16:50:10.000
126,Todd Davis,dhall@example.net,Hyderabad,Telangana,2025-08-07 20:19:03.000
127,Gerald Rich,jasonmartinez@example.net,Mumbai,Kerala,2025-09-24 07:45:06.000
128,Dennis Vega,usimpson@example.com,Mumbai,Kerala,2026-05-08 15:03:08.000
129,Diana Hicks,barrettjasmine@example.com,Pune,Delhi,2026-01-15 10:53:37.000
130,Kevin Garcia,ujordan@example.org,Pune,Tamil Nadu,2025-03-13 16:34:05.000
131,Rachel Brown,michaelgomez@example.net,Kochi,Telangana,2025-02-04 05:50:12.000
132,John Mullins,daniel00@example.net,Chennai,Telangana,2026-08-22 22:42:15.000
133,Tiffany Daniels,rose60@example.net,Hyderabad,Kerala,2025-07-23 11:12:00.000
134,James Taylor,ksmith@example.net,Hyderabad,Kerala,2025-12-10 04:24:39.000
135,Juan Evans,kevinnguyen@example.net,Kochi,Delhi,2025-01-08 12:15:22.000
136,Margaret Cain,lemary@example.com,Bengaluru,Tamil Nadu,2026-06-21 17:32:21.000
137,Michael Bennett,mary04@example.net,Hyderabad,Delhi,2025-01-28 23:36:47.000
138,Charles Anthony,ashley22@example.org,Delhi,Delhi,2026-03-06 03:48:51.000
139,Allison Lynch,darren27@example.com,Hyderabad,Maharashtra,2025-04-09 23:45:24.000
140,Pamela Martinez,samuel58@example.org,Chennai,Telangana,2025-10-11 05:35:48.000
141,Kimberly Reynolds,kford@example.net,Chennai,Telangana,2025-06-13 04:06:37.000
142,Cynthia Bell,ewalker@example.com,Mumbai,Kerala,2025-03-21 20:12:43.000
143,Joseph Nelson,christinachurch@example.net,Delhi,Delhi,2025-11-12 15:25:24.000
144,Carlos Smith,newtonpeter@example.net,Hyderabad,Karnataka,2025-05-07 05:15:08.000
145,Kaitlyn Oneal,mcdonaldkatrina@example.com,Hyderabad,Maharashtra,2025-01-20 06:03:04.000
146,Maria Fleming,fieldsteresa@example.org,Hyderabad,Kerala,2025-09-16 00:23:09.000
147,Juan Allen,liaaron@example.com,Kochi,Kerala,2026-07-25 22:27:56.000
148,Robert Jones,hopkinsdylan@example.com,Mumbai,Telangana,2025-05-04 15:39:46.000
149,Mr. Barry Bullock,carla77@example.com,Bengaluru,Maharashtra,2025-01-31 01:52:44.000
150,Kathryn Thompson,kimberlylove@example.org,Coimbatore,Karnataka,2025-06-05 00:18:25.000
151,Megan Hunter,ubowman@example.com,Coimbatore,Telangana,2025-08-26 01:10:12.000
152,Christine Bruce,kyle61@example.com,Mumbai,Karnataka,2025-01-19 09:08:13.000
153,Paige Cobb,simpsonmeghan@example.net,Mumbai,Maharashtra,2025-09-12 23:14:46.000
154,Kari Ramirez,rlarson@example.net,Pune,Tamil Nadu,2026-08-24 15:51:12.000
155,Mr. David Huber,joshualane@example.net,Pune,Telangana,2026-05-14 06:05:10.000
156,Jason Reed,harrismargaret@example.com,Kochi,Kerala,2026-02-21 11:47:08.000
157,Eric Gonzalez,turnervanessa@example.com,Delhi,Tamil Nadu,2025-03-31 14:07:33.000
158,Michael Reid,markpage@example.net,Pune,Karnataka,2026-03-27 22:58:37.000
159,David Mccormick,melissaobrien@example.org,Pune,Tamil Nadu,2025-03-26 04:46:11.000
160,Amber Pearson,alexissmith@example.net,Kochi,Telangana,2026-07-20 21:03:51.000
161,Kelsey Robinson,calderonlynn@example.net,Delhi,Maharashtra,2026-04-16 20:33:07.000
162,Amanda Arroyo,elizabethparker@example.org,Bengaluru,Maharashtra,2026-03-24 20:22:48.000
163,Joseph Morris,robertharris@example.org,Mumbai,Telangana,2025-02-04 11:25:29.000
164,Melissa Drake,jlane@example.net,Kochi,Tamil Nadu,2026-02-08 20:01:03.000
165,Leah Peterson,daniel97@example.com,Mumbai,Telangana,2025-12-01 23:57:58.000
166,Joann Gibson,matthew54@example.com,Bengaluru,Kerala,2025-09-14 11:22:29.000
167,Jeffrey Stewart,benjamindunlap@example.com,Delhi,Kerala,2025-04-07 19:11:03.000
168,Mark Santana,annettebond@example.org,Pune,Delhi,2025-08-29 05:29:02.000
169,Bryan Medina,richarddenise@example.com,Kochi,Telangana,2025-11-09 13:17:12.000
170,Cassandra Hodges,shortjulie@example.net,Pune,Delhi,2025-04-09 20:48:59.000
171,Russell Kaiser,aroberts@example.net,Mumbai,Maharashtra,2026-06-01 11:10:58.000
172,Ashley Williams,turnerjohn@example.com,Kochi,Kerala,2026-08-05 02:14:20.000
173,Lisa Clark,ashley39@example.org,Hyderabad,Delhi,2026-03-19 00:53:27.000
174,Jorge Young,jennifer06@example.org,Pune,Maharashtra,2026-03-02 14:17:23.000
175,David Irwin,ataylor@example.net,Chennai,Telangana,2025-08-11 20:27:33.000
176,Leslie Henry,tinawerner@example.org,Mumbai,Maharashtra,2026-03-27 11:41:59.000
177,Joshua Peters,christophercarpenter@example.org,Delhi,Maharashtra,2025-12-10 03:29:17.000
178,Jamie James,taylorperry@example.net,Coimbatore,Kerala,2025-06-15 23:40:58.000
179,Samuel Rose,scottkristen@example.net,Coimbatore,Kerala,2025-05-12 19:16:36.000
180,Jocelyn Owens,matthewwyatt@example.net,Bengaluru,Telangana,2026-02-05 08:43:18.000
181,Patricia Lane,andrewglenn@example.com,Delhi,Tamil Nadu,2026-08-07 10:13:47.000
182,Brenda Moore,anthonyhernandez@example.com,Mumbai,Kerala,2025-08-30 02:38:17.000
183,Adam Shields Jr.,colleen59@example.net,Mumbai,Karnataka,2025-04-25 10:52:37.000
184,Stephanie Dyer,spencervalenzuela@example.org,Chennai,Tamil Nadu,2025-07-10 04:11:44.000
185,William Vega,bfarmer@example.com,Coimbatore,Delhi,2026-08-20 21:40:46.000
186,Melissa Smith,fsmall@example.org,Bengaluru,Maharashtra,2025-11-18 21:44:25.000
187,Sarah Lyons,baueralexander@example.net,Mumbai,Kerala,2026-06-25 20:59:02.000
188,Taylor White,poolejeffrey@example.net,Kochi,Maharashtra,2025-11-07 10:04:09.000
189,George Hamilton,pattersonashley@example.net,Mumbai,Karnataka,2026-05-25 13:48:27.000
190,Yolanda Wright,markherrera@example.com,Chennai,Tamil Nadu,2026-08-28 14:48:29.000
191,Andrew Gibson,mhunter@example.net,Kochi,Karnataka,2025-05-17 14:45:55.000
192,Brandon Harrison,mbarron@example.org,Coimbatore,Tamil Nadu,2026-03-09 22:47:49.000
193,Chad Vincent,davenportchristine@example.com,Mumbai,Tamil Nadu,2025-12-21 13:03:54.000
194,Sean Richards,kelsey82@example.com,Hyderabad,Maharashtra,2026-06-03 12:33:03.000
195,Chad Long,collinsmichael@example.org,Delhi,Maharashtra,2026-04-21 20:40:01.000
196,Todd Ellis,justinmoore@example.net,Kochi,Delhi,2025-12-13 08:25:55.000
197,Christopher Mcdaniel,sandra06@example.com,Hyderabad,Kerala,2026-01-04 16:34:22.000
198,Katherine Wilson,tbrooks@example.org,Coimbatore,Telangana,2026-08-07 22:08:06.000
199,Dylan Peters,james29@example.com,Mumbai,Kerala,2025-08-04 09:27:29.000
200,Carol Moore,kevin89@example.org,Coimbatore,Kerala,2025-07-05 19:51:58.000
201,Francisco Wise,tammy08@example.net,Pune,Maharashtra,2025-03-02 04:23:39.000
202,Carla Long,tiffany36@example.org,Pune,Karnataka,2025-07-31 01:08:12.000
203,Michael Byrd,yoderjohn@example.com,Delhi,Telangana,2026-02-24 13:10:02.000
204,Bradley Contreras,kimberlystevens@example.net,Bengaluru,Karnataka,2025-04-28 03:41:14.000
205,Rachel Thomas,lwalker@example.org,Mumbai,Maharashtra,2026-06-24 00:09:43.000
206,Michael Morris,nelsonkayla@example.com,Hyderabad,Kerala,2025-06-16 04:22:14.000
207,Adam Schultz,amanda39@example.org,Bengaluru,Maharashtra,2025-11-13 14:12:10.000
208,Matthew Dean,chenkristina@example.net,Delhi,Delhi,2025-12-28 21:27:30.000
209,Rebecca Banks,robertmoran@example.org,Kochi,Tamil Nadu,2025-06-10 15:40:20.000
210,Rodney Ruiz,gilldestiny@example.org,Kochi,Maharashtra,2026-08-21 22:01:59.000
211,Christina Walker,rsmith@example.org,Chennai,Delhi,2025-10-23 10:48:58.000
212,Travis Garcia,fcain@example.com,Coimbatore,Tamil Nadu,2025-10-01 05:15:33.000
213,Larry Hart,felicia13@example.com,Pune,Maharashtra,2025-11-22 11:07:22.000
214,Rebecca Bryant,laurajohnson@example.net,Mumbai,Maharashtra,2025-06-20 10:18:56.000
215,Ronald Rodriguez,aaroncruz@example.org,Pune,Maharashtra,2026-01-13 05:01:22.000
216,Daniel Mathews,heather80@example.com,Chennai,Maharashtra,2025-09-19 01:54:31.000
217,Madison Woods,warnererik@example.org,Kochi,Kerala,2025-05-09 04:39:24.000
218,Tonya Wood,ahicks@example.com,Coimbatore,Karnataka,2026-04-29 07:42:37.000
219,Robert Cox,mmartin@example.com,Chennai,Maharashtra,2026-04-05 17:40:51.000
220,Scott Lopez,emiller@example.org,Chennai,Tamil Nadu,2026-05-15 05:43:18.000
221,Justin Charles,michael26@example.net,Kochi,Karnataka,2025-12-25 14:40:58.000
222,Glenda Orr,garcianicole@example.com,Hyderabad,Tamil Nadu,2025-07-22 01:39:54.000
223,Melissa Haynes,robyn81@example.net,Kochi,Telangana,2025-06-14 09:38:01.000
224,Yolanda Allen,christopherstevenson@example.com,Coimbatore,Telangana,2025-09-20 03:27:58.000
225,Jeffrey Wolf,lindarussell@example.com,Kochi,Telangana,2026-08-08 02:28:44.000
226,John Payne,briandeleon@example.org,Kochi,Telangana,2025-03-05 14:50:34.000
227,Mary Santos,vwebb@example.org,Coimbatore,Tamil Nadu,2026-08-05 18:49:27.000
228,Adam Jackson,jenniferellis@example.org,Chennai,Telangana,2025-06-24 03:48:14.000
229,Jeanette Lopez,pgraham@example.net,Bengaluru,Kerala,2025-02-01 06:27:57.000
230,Felicia Gonzalez,fosterkelly@example.net,Chennai,Karnataka,2025-06-04 20:21:08.000
231,Caitlin Barnes,karagonzalez@example.org,Chennai,Delhi,2025-04-29 08:36:46.000
232,James Graves,patricia28@example.net,Mumbai,Karnataka,2026-01-03 19:49:04.000
233,Ryan Tanner,kimberly68@example.net,Bengaluru,Delhi,2025-06-19 07:09:12.000
234,Michele Clark,suttonnatasha@example.org,Coimbatore,Kerala,2025-07-19 00:43:43.000
235,Carrie Callahan,steven20@example.org,Delhi,Karnataka,2026-04-16 14:39:30.000
236,Stefanie Alvarez,watsonbeverly@example.net,Bengaluru,Karnataka,2025-08-30 14:11:08.000
237,Brian Brown,qlopez@example.org,Bengaluru,Delhi,2025-01-20 22:40:49.000
238,Angela Sherman,vincent56@example.com,Pune,Delhi,2026-06-11 02:40:06.000
239,Alyssa Savage,uesparza@example.net,Kochi,Maharashtra,2026-07-10 08:50:24.000
240,James Moore,jeffreyhull@example.net,Mumbai,Tamil Nadu,2026-04-05 21:30:14.000
241,Steven Cox,steven65@example.net,Mumbai,Tamil Nadu,2026-06-26 12:37:10.000
242,Danielle Gutierrez,fboyle@example.com,Pune,Kerala,2026-04-12 08:29:01.000
243,Stephanie Mcguire,mtate@example.org,Bengaluru,Delhi,2026-08-31 21:22:49.000
244,Kelly Burgess,ncarroll@example.com,Chennai,Telangana,2026-02-18 19:05:28.000
245,Laura Gutierrez,emily66@example.net,Kochi,Kerala,2025-10-15 19:56:30.000
246,Lisa George,christophersanchez@example.net,Bengaluru,Delhi,2026-05-18 23:04:52.000
247,Rhonda Lawson,brenda89@example.com,Delhi,Tamil Nadu,2025-11-23 06:27:44.000
248,Aaron Thomas,merickson@example.org,Coimbatore,Tamil Nadu,2025-12-03 17:27:42.000
249,Mr. Thomas English,ewilcox@example.com,Delhi,Kerala,2025-12-24 02:09:45.000
250,Shelby Maxwell,zblankenship@example.org,Hyderabad,Maharashtra,2025-05-17 19:25:51.000
251,Kari Shaw,hilljennifer@example.com,Pune,Delhi,2026-02-23 00:16:12.000
252,Jill Wright,kedwards@example.net,Coimbatore,Maharashtra,2025-12-05 07:41:49.000
253,Michael Frazier,rfernandez@example.org,Pune,Telangana,2025-07-10 16:21:41.000
254,Joseph Stewart,redwards@example.net,Bengaluru,Telangana,2025-12-17 03:33:30.000
255,Laura Flores,spencerrobertson@example.org,Mumbai,Maharashtra,2026-03-19 14:46:02.000
256,Elizabeth Frazier,michael89@example.net,Kochi,Telangana,2025-01-23 07:00:24.000
257,Jordan Adams,michael56@example.com,Coimbatore,Telangana,2025-05-22 05:44:26.000
258,Barbara Luna,jeffrey89@example.com,Coimbatore,Karnataka,2025-10-03 14:25:00.000
259,Dr. Donna Long DVM,andrew44@example.org,Pune,Telangana,2025-08-06 05:12:43.000
260,Summer Clements,kelly16@example.net,Pune,Delhi,2025-01-08 21:13:49.000
261,Jaclyn Boyer,kbarron@example.net,Mumbai,Tamil Nadu,2025-07-07 11:12:10.000
262,Natalie Archer,edward16@example.net,Kochi,Maharashtra,2026-03-08 05:14:04.000
263,Diane Green,sharon88@example.net,Mumbai,Kerala,2026-01-05 19:01:07.000
264,Christy James,john22@example.org,Coimbatore,Maharashtra,2025-01-14 09:26:15.000
265,Amy Gonzales,gabrielvega@example.net,Bengaluru,Telangana,2025-06-22 02:51:22.000
266,Andrew Clayton,lauren89@example.com,Kochi,Kerala,2025-07-08 23:32:13.000
267,Ian Gonzalez,lisayoung@example.com,Pune,Kerala,2026-03-28 16:58:54.000
268,Tiffany Dougherty,philipwilson@example.org,Delhi,Maharashtra,2026-03-06 21:29:01.000
269,Jay Sparks,gina27@example.org,Delhi,Maharashtra,2026-08-03 09:14:39.000
270,Mary Velazquez,herberttanner@example.net,Delhi,Telangana,2026-06-30 22:09:56.000
271,Crystal Goodwin,faithsoto@example.org,Coimbatore,Telangana,2025-08-27 03:52:00.000
272,Walter Castillo,richard07@example.org,Pune,Karnataka,2025-04-04 17:11:19.000
273,Richard Miller,mcgeeerin@example.net,Mumbai,Telangana,2025-04-03 20:39:42.000
274,Connie Singh,perezshelly@example.net,Hyderabad,Karnataka,2025-06-18 01:42:07.000
275,Sarah Campbell,zweber@example.com,Coimbatore,Telangana,2026-07-17 19:14:36.000
276,Katelyn Hatfield,tlee@example.net,Pune,Tamil Nadu,2025-05-31 18:36:50.000
277,Donna Rose,keithdavid@example.org,Pune,Karnataka,2025-10-08 07:18:38.000
278,Mrs. Hayley Jones DVM,betty47@example.org,Hyderabad,Telangana,2025-01-11 23:44:40.000
279,Mary Cline,williamsjesus@example.net,Hyderabad,Telangana,2025-02-05 08:28:26.000
280,Jimmy Mora,bdalton@example.org,Chennai,Delhi,2025-08-15 21:49:18.000
281,Sarah Vincent,pmaxwell@example.org,Hyderabad,Kerala,2026-08-08 17:03:47.000
282,Bryan Dillon,michael35@example.org,Coimbatore,Tamil Nadu,2025-01-10 12:38:37.000
283,Samantha Jones,kristenbanks@example.org,Pune,Maharashtra,2026-01-07 19:52:46.000
284,James Gibson,martinezanthony@example.net,Coimbatore,Telangana,2025-05-24 04:47:16.000
285,Jennifer Campbell,rperez@example.net,Chennai,Telangana,2026-01-07 01:31:03.000
286,Joshua Guzman,adkinsmichael@example.net,Bengaluru,Tamil Nadu,2025-11-08 05:43:41.000
287,Kenneth Perez,adriansmith@example.com,Coimbatore,Tamil Nadu,2026-03-25 04:27:14.000
288,Annette Garrett,masonroger@example.org,Chennai,Karnataka,2025-04-26 21:14:40.000
289,Jean Palmer,ogarcia@example.com,Pune,Tamil Nadu,2025-07-12 18:36:53.000
290,Jennifer Hernandez,lauraroberts@example.net,Bengaluru,Delhi,2026-08-17 18:15:31.000
291,James Morgan,hernandeztimothy@example.com,Kochi,Delhi,2026-04-09 00:36:35.000
292,Daniel Young,weeksjoseph@example.com,Mumbai,Delhi,2025-10-23 10:45:37.000
293,Keith Harvey,cduncan@example.net,Coimbatore,Maharashtra,2025-08-19 23:03:50.000
294,Christine Nguyen,johnsonbrenda@example.com,Kochi,Telangana,2026-03-18 16:01:17.000
295,Joseph Mendoza,kristamcdonald@example.net,Chennai,Delhi,2026-07-29 20:15:52.000
296,Gary Hawkins,davidwilliams@example.com,Bengaluru,Karnataka,2026-05-01 20:26:43.000
297,Elizabeth Martin,hzhang@example.net,Mumbai,Telangana,2026-05-28 23:16:22.000
298,Christopher Guerra,gary51@example.org,Bengaluru,Karnataka,2025-07-06 07:24:39.000
299,Kristina Anderson,alvarezdanielle@example.org,Hyderabad,Delhi,2025-02-28 07:18:38.000
300,Elaine Carlson,sjames@example.com,Hyderabad,Tamil Nadu,2025-11-14 07:19:10.000
301,Michael Wood,jsmith@example.org,Coimbatore,Kerala,2026-04-07 05:26:34.000
302,Sheri Reynolds,vburton@example.com,Coimbatore,Telangana,2025-01-26 08:27:03.000
303,David Taylor,chadreed@example.net,Mumbai,Telangana,2026-07-04 02:36:42.000
304,Steven Murphy,lindseythomas@example.net,Pune,Kerala,2025-12-19 15:45:26.000
305,Jose Ellison,lararoy@example.org,Bengaluru,Kerala,2025-07-01 07:20:06.000
306,David Stewart,muellerrobert@example.com,Pune,Kerala,2026-04-04 02:28:29.000
307,Richard Vega,kevin00@example.net,Mumbai,Maharashtra,2025-03-31 03:35:07.000
308,Lucas Sparks,amorris@example.net,Mumbai,Kerala,2025-04-26 17:21:49.000
309,Marissa Payne,alicia13@example.org,Pune,Karnataka,2025-02-25 11:10:33.000
310,Vickie Miles,robertmichael@example.org,Chennai,Karnataka,2025-08-27 22:17:59.000
311,Joseph Wells,johnsonalex@example.net,Pune,Maharashtra,2025-04-07 14:07:12.000
312,Veronica Smith,grossbeth@example.com,Coimbatore,Kerala,2025-08-25 04:40:14.000
313,Tara Porter,frankmorgan@example.com,Kochi,Telangana,2026-01-24 17:28:39.000
314,Dylan Smith,joshuawilliams@example.net,Coimbatore,Maharashtra,2025-03-04 11:32:41.000
315,Toni Gordon,reneeellis@example.net,Chennai,Maharashtra,2026-07-25 12:42:17.000
316,Tara Zimmerman,cindy57@example.net,Delhi,Delhi,2025-07-14 11:11:45.000
317,Richard Armstrong,anthony11@example.org,Chennai,Tamil Nadu,2025-06-27 19:27:37.000
318,Donald Walton DDS,mtran@example.org,Chennai,Kerala,2025-07-29 08:02:58.000
319,Tonya Garcia,nphillips@example.net,Chennai,Karnataka,2026-01-01 10:46:15.000
320,Melissa Morris,johnny18@example.org,Coimbatore,Telangana,2025-05-21 23:12:10.000
321,Jaclyn James,ericgarcia@example.com,Kochi,Kerala,2026-01-17 22:25:59.000
322,John Colon,rdixon@example.com,Bengaluru,Maharashtra,2025-09-28 06:27:51.000
323,Lauren Garza,mariahickman@example.net,Kochi,Telangana,2025-09-07 08:57:34.000
324,Donna Duncan,dorseydavid@example.net,Bengaluru,Karnataka,2025-09-14 03:59:09.000
325,Marcus Hurst III,sgarza@example.net,Kochi,Kerala,2026-01-20 20:12:43.000
326,Kimberly Ramos,michaeljohnson@example.org,Pune,Kerala,2025-11-08 00:58:15.000
327,Rose Gaines,melaniemartinez@example.com,Chennai,Maharashtra,2025-03-10 09:33:12.000
328,David Lowery,xedwards@example.com,Delhi,Telangana,2025-09-09 02:15:36.000
329,Michael Martinez,gmiller@example.com,Bengaluru,Maharashtra,2026-02-04 16:46:09.000
330,Grace Roy,ashleywhite@example.net,Chennai,Kerala,2026-02-26 10:40:39.000
331,Michael Howard,reyesamanda@example.net,Coimbatore,Maharashtra,2025-02-12 02:26:14.000
332,Jenny Reynolds,gnielsen@example.net,Mumbai,Delhi,2025-10-09 00:03:21.000
333,Brent Bartlett,solsen@example.net,Coimbatore,Kerala,2025-12-10 08:14:26.000
334,Connie Marks,craighunter@example.net,Chennai,Karnataka,2025-07-27 10:17:20.000
335,Christopher Garcia,cbryant@example.com,Hyderabad,Telangana,2025-12-07 07:04:33.000
336,Jordan Kelly,william29@example.org,Coimbatore,Tamil Nadu,2025-01-23 10:09:55.000
337,Robert Mullins,harrisdaniel@example.com,Mumbai,Kerala,2025-05-04 00:22:58.000
338,Candace Oneill,kimdavid@example.net,Pune,Delhi,2025-01-11 14:54:37.000
339,Jill Mays,sampsonmichelle@example.net,Kochi,Tamil Nadu,2025-06-24 12:43:25.000
340,William Gonzalez,donna08@example.org,Bengaluru,Maharashtra,2025-04-02 05:43:39.000
341,Amber Williams,jerryreese@example.net,Hyderabad,Maharashtra,2026-07-11 14:27:15.000
342,Deborah Murphy,sanchezdanielle@example.net,Pune,Delhi,2026-07-02 21:49:33.000
343,Julie Mosley,xstone@example.com,Pune,Maharashtra,2026-01-10 18:26:38.000
344,Edward Caldwell,caroline39@example.com,Coimbatore,Karnataka,2025-12-21 19:07:01.000
345,James Elliott,grantanita@example.net,Hyderabad,Maharashtra,2025-05-29 01:14:05.000
346,Patricia Woods,brianrivera@example.com,Hyderabad,Tamil Nadu,2025-08-03 13:37:29.000
347,Brian Park,vlang@example.net,Kochi,Telangana,2026-01-30 08:54:58.000
348,Stephanie Perez,walshelizabeth@example.com,Pune,Tamil Nadu,2025-08-08 16:30:02.000
349,John Miller,justinkelly@example.com,Pune,Delhi,2026-03-27 10:33:19.000
350,Jacqueline Skinner,comptonabigail@example.com,Coimbatore,Karnataka,2025-12-13 20:14:48.000
351,Michael Miller,fjoseph@example.org,Coimbatore,Telangana,2025-09-16 05:07:47.000
352,William Long,nnguyen@example.com,Kochi,Maharashtra,2025-09-07 22:21:52.000
353,Susan Ballard,melissa16@example.com,Mumbai,Kerala,2025-07-05 11:39:28.000
354,Jasmine Singh,snavarro@example.com,Kochi,Karnataka,2026-08-26 09:11:48.000
355,Jessica Thompson,bellamy@example.com,Kochi,Tamil Nadu,2025-09-05 03:14:11.000
356,Kathy Bond,jonesadrienne@example.com,Coimbatore,Kerala,2025-10-24 02:39:49.000
357,Lawrence Guzman,lharris@example.org,Kochi,Kerala,2026-05-22 10:30:54.000
358,Alex Robinson,cookmary@example.net,Hyderabad,Maharashtra,2025-01-29 18:05:44.000
359,Paul Robinson,patriciadaniels@example.net,Hyderabad,Delhi,2026-04-04 09:45:38.000
360,Robert Berry,kerry09@example.org,Delhi,Tamil Nadu,2025-12-08 23:54:09.000
361,Charles Anderson,christina86@example.com,Bengaluru,Delhi,2025-12-21 21:45:24.000
362,Adam Carney,bradley03@example.net,Chennai,Kerala,2025-04-22 23:15:06.000
363,Darius Matthews,erikagardner@example.org,Kochi,Kerala,2025-04-30 21:30:06.000
364,Debbie Parker,zhoover@example.com,Bengaluru,Maharashtra,2026-08-31 00:41:14.000
365,Christina Owens,perkinscory@example.com,Pune,Telangana,2026-04-30 02:23:50.000
366,Carlos Kaufman,sandra36@example.org,Kochi,Kerala,2025-03-04 09:11:09.000
367,Anna Raymond,debbiehiggins@example.org,Delhi,Kerala,2026-02-19 11:26:27.000
368,Shelly Williams,ecarter@example.org,Kochi,Telangana,2026-05-02 20:23:00.000
369,Emma Long,krystal91@example.net,Coimbatore,Delhi,2025-01-28 21:12:27.000
370,Angela Buchanan,smithmark@example.org,Bengaluru,Karnataka,2026-05-06 05:41:38.000
371,Amber Wong,juliabyrd@example.org,Pune,Karnataka,2026-08-04 00:44:02.000
372,Ashley Kelly,dylanjames@example.net,Bengaluru,Maharashtra,2025-03-18 11:06:46.000
373,Christine Petersen,reynoldspeggy@example.org,Bengaluru,Maharashtra,2025-05-10 05:15:51.000
374,Dr. Elizabeth Smith MD,zscott@example.net,Pune,Tamil Nadu,2025-02-05 17:20:01.000
375,Alexis Campbell,amandasantiago@example.net,Delhi,Tamil Nadu,2025-08-16 20:46:18.000
376,Laura Harris,elizabeth45@example.org,Delhi,Telangana,2025-12-01 12:35:01.000
377,Timothy Jordan,francopaul@example.org,Hyderabad,Karnataka,2026-02-17 13:39:28.000
378,Scott Barker MD,acollins@example.org,Kochi,Delhi,2026-06-14 13:40:48.000
379,Christopher Smith,vstark@example.net,Hyderabad,Karnataka,2025-05-16 23:31:45.000
380,James Reynolds,millerevan@example.net,Bengaluru,Delhi,2025-10-25 03:08:33.000
381,Robert Thompson,bcummings@example.org,Mumbai,Maharashtra,2026-03-29 22:50:12.000
382,Brittany Richards,christine98@example.org,Hyderabad,Karnataka,2025-12-25 04:27:26.000
383,Christine Thomas,brandi15@example.net,Pune,Maharashtra,2025-07-18 07:38:05.000
384,Gary Andrews,awallace@example.net,Chennai,Maharashtra,2025-08-12 09:50:34.000
385,Alexis Davis,rdixon@example.org,Hyderabad,Tamil Nadu,2025-12-10 02:26:23.000
386,Rachel Bush,sean58@example.org,Delhi,Delhi,2025-08-21 08:38:21.000
387,Jeffrey Velasquez,gravesallison@example.org,Kochi,Kerala,2025-07-14 06:10:07.000
388,Brian Burns,barrygarza@example.com,Coimbatore,Telangana,2025-06-04 17:40:26.000
389,James Bowman,sotoandrew@example.org,Kochi,Maharashtra,2025-03-24 20:09:39.000
390,Michelle Alvarez,yyoung@example.net,Mumbai,Maharashtra,2026-03-21 05:24:42.000
391,Laura Rogers,wolftiffany@example.net,Delhi,Delhi,2025-08-18 19:27:39.000
392,Rodney Dunn,gibsontina@example.com,Pune,Tamil Nadu,2026-05-27 06:17:35.000
393,Cindy Juarez,annawilkerson@example.net,Kochi,Telangana,2025-01-07 06:57:25.000
394,Rachel Woods,bellfelicia@example.net,Chennai,Delhi,2026-08-02 19:00:56.000
395,William Graham,kristine19@example.net,Coimbatore,Telangana,2026-08-26 12:51:35.000
396,Kelly Gaines,nathaniel15@example.net,Mumbai,Delhi,2025-10-01 15:44:19.000
397,John Rangel,brownmelissa@example.com,Mumbai,Kerala,2025-05-28 16:19:01.000
398,Sherry Carlson,choward@example.org,Pune,Kerala,2026-08-10 20:58:55.000
399,Alexandra Lee,riosalexander@example.com,Hyderabad,Kerala,2025-03-17 11:16:00.000
400,Robert Anthony,blakeruiz@example.net,Chennai,Telangana,2025-12-09 09:32:23.000
401,Cheryl Turner,gibsonalbert@example.com,Chennai,Delhi,2025-10-11 09:30:22.000
402,Miranda Harvey,jay14@example.com,Hyderabad,Tamil Nadu,2025-08-18 05:15:27.000
403,Michelle Huff,eyang@example.net,Delhi,Kerala,2025-11-19 17:32:20.000
404,Shannon Moss,areed@example.net,Hyderabad,Karnataka,2025-04-13 15:38:13.000
405,Courtney Smith,jessicagreen@example.com,Delhi,Delhi,2026-01-25 18:07:56.000
406,Shelly Chandler,jessicalopez@example.org,Pune,Karnataka,2025-07-19 14:16:10.000
407,Tyler Torres,amanda64@example.net,Coimbatore,Telangana,2026-08-03 20:52:29.000
408,Mark Brock,bartontiffany@example.org,Delhi,Tamil Nadu,2025-12-30 18:19:47.000
409,Brandon Lawrence,bryan06@example.com,Bengaluru,Karnataka,2026-08-09 18:24:09.000
410,Kathryn Mccarthy,gwhite@example.org,Mumbai,Kerala,2026-07-17 12:22:40.000
411,Juan Morrow,hortonscott@example.org,Kochi,Delhi,2025-10-12 02:32:28.000
412,Nicole Anderson,elizabeth71@example.org,Bengaluru,Maharashtra,2025-01-11 19:27:45.000
413,Jennifer Wright,samuelpena@example.net,Pune,Delhi,2025-04-06 23:51:39.000
414,Rhonda Freeman,powersandrew@example.com,Coimbatore,Telangana,2026-06-07 14:25:48.000
415,Jessica Horton,ryanhoffman@example.org,Pune,Delhi,2025-10-23 22:49:48.000
416,Savannah Ward,smithchristopher@example.org,Delhi,Tamil Nadu,2026-06-09 03:51:54.000
417,Sergio Mason,ashleyobrien@example.org,Mumbai,Maharashtra,2025-01-20 10:29:35.000
418,Mitchell Hicks,hancockjuan@example.org,Delhi,Delhi,2025-06-21 22:35:01.000
419,Lawrence Huber,vaughnamy@example.com,Bengaluru,Kerala,2025-12-27 14:34:26.000
420,Brittany Reilly,valdezdave@example.com,Pune,Kerala,2025-11-14 03:11:11.000
421,Robert Bell,mooretiffany@example.com,Bengaluru,Karnataka,2025-02-05 05:19:32.000
422,Daniel Scott,keymichael@example.org,Chennai,Telangana,2026-01-18 15:11:18.000
423,Mary Hart,jennifer88@example.com,Bengaluru,Tamil Nadu,2025-07-02 08:59:23.000
424,Douglas Evans,hartjohn@example.net,Hyderabad,Maharashtra,2025-12-19 08:31:57.000
425,Allen Casey,jeremy55@example.com,Delhi,Kerala,2026-08-01 05:08:09.000
426,Travis Flores,christinarichards@example.org,Kochi,Delhi,2026-07-31 12:53:50.000
427,Paige Miller,dwayne15@example.com,Hyderabad,Maharashtra,2026-05-24 16:37:44.000
428,Deborah Fisher,howellwilliam@example.org,Bengaluru,Maharashtra,2026-04-24 04:35:20.000
429,Catherine Jones,laura55@example.com,Kochi,Telangana,2025-01-26 09:52:32.000
430,Mark Rivera,upark@example.com,Delhi,Karnataka,2025-12-11 09:15:35.000
431,David Flores,xcooke@example.com,Coimbatore,Karnataka,2025-10-09 16:57:28.000
432,Michael Hicks,kevinclayton@example.net,Bengaluru,Kerala,2025-10-13 07:37:11.000
433,Jesus Perry,hchristensen@example.net,Delhi,Tamil Nadu,2025-11-06 05:51:39.000
434,Craig Porter,robertjohnston@example.net,Pune,Karnataka,2025-04-05 21:13:19.000
435,Samantha House,billy40@example.org,Coimbatore,Tamil Nadu,2026-05-30 18:54:17.000
436,Joseph Griffith,thomasmary@example.net,Mumbai,Kerala,2026-05-12 17:00:43.000
437,Ivan Jones,allison56@example.net,Chennai,Tamil Nadu,2025-09-17 01:03:40.000
438,Tiffany Hanson,kathleen80@example.net,Mumbai,Karnataka,2026-03-15 12:29:46.000
439,Amanda Morrow,christopherknight@example.org,Mumbai,Tamil Nadu,2026-08-18 07:34:02.000
440,Tiffany Price,christianjerry@example.net,Mumbai,Delhi,2025-06-17 17:37:29.000
441,Donna Davenport,jason74@example.com,Mumbai,Telangana,2026-08-25 11:16:35.000
442,Brooke Cervantes,jmoran@example.com,Hyderabad,Delhi,2025-01-03 04:51:30.000
443,Christopher Miller,joseph81@example.com,Pune,Karnataka,2025-04-11 23:13:44.000
444,Robert Juarez,stevenleonard@example.org,Pune,Karnataka,2025-03-27 09:10:32.000
445,Joshua Hurst,haynesjacob@example.com,Chennai,Karnataka,2025-01-12 13:00:59.000
446,Ronnie Anderson,scottjoel@example.net,Delhi,Karnataka,2026-04-03 09:00:50.000
447,Christina Roberts,mdonaldson@example.net,Delhi,Tamil Nadu,2025-05-16 08:11:04.000
448,Todd Allen,william81@example.net,Pune,Tamil Nadu,2025-04-09 10:57:01.000
449,Matthew Simpson,danielsrebecca@example.com,Kochi,Delhi,2025-03-30 06:34:35.000
450,Robert Benjamin,rickychristian@example.org,Bengaluru,Maharashtra,2025-12-15 04:27:20.000
451,Brandon Smith,chadhardin@example.org,Delhi,Delhi,2026-04-07 02:44:12.000
452,Brenda Moody,haydendixon@example.net,Bengaluru,Maharashtra,2026-01-27 08:14:02.000
453,Amy Mclaughlin,bharrison@example.com,Mumbai,Delhi,2025-02-03 16:22:58.000
454,Lawrence Meyer,asmith@example.org,Pune,Maharashtra,2026-05-15 16:44:22.000
455,Alexandria Hogan,keithrebecca@example.net,Chennai,Tamil Nadu,2026-01-08 00:52:11.000
456,Tyler Thompson,michael34@example.org,Kochi,Maharashtra,2026-06-17 21:47:03.000
457,Susan Cooper,amber56@example.net,Bengaluru,Maharashtra,2026-07-08 08:07:22.000
458,Melissa Myers,coleantonio@example.org,Coimbatore,Tamil Nadu,2025-03-04 18:02:37.000
459,Dr. Barbara Barton,tthomas@example.com,Delhi,Delhi,2025-04-26 05:08:34.000
460,Joseph Simpson,ronaldcruz@example.com,Bengaluru,Karnataka,2025-08-02 14:40:11.000
461,Heidi Stewart,katie36@example.net,Delhi,Maharashtra,2026-04-10 00:11:28.000
462,Michael Walsh,adean@example.com,Pune,Maharashtra,2026-01-28 16:09:18.000
463,Loretta Dudley,zgordon@example.net,Kochi,Tamil Nadu,2026-06-30 02:06:59.000
464,Lee Leach,wendy20@example.org,Bengaluru,Kerala,2026-05-21 13:57:57.000
465,Michael Oconnor,stacey00@example.com,Mumbai,Maharashtra,2025-12-17 17:35:37.000
466,Nicole Cooper,levi98@example.org,Mumbai,Maharashtra,2025-09-21 06:08:35.000
467,Lisa Jones,rharrison@example.org,Coimbatore,Maharashtra,2025-11-20 02:36:32.000
468,Lindsey Adams,jacobpowell@example.com,Bengaluru,Telangana,2025-11-28 11:27:27.000
469,Amber Buchanan,mmartinez@example.org,Delhi,Kerala,2025-07-17 23:29:24.000
470,Charles Foster,smithheather@example.org,Delhi,Karnataka,2026-06-18 11:16:19.000
471,Wesley Ortiz,carlosshepherd@example.net,Coimbatore,Tamil Nadu,2025-03-12 20:33:11.000
472,Kimberly Luna,amylee@example.net,Bengaluru,Tamil Nadu,2025-12-02 10:45:42.000
473,Timothy Jackson,laurahaas@example.org,Bengaluru,Kerala,2026-07-28 20:09:20.000
474,Robert Paul,courtneyclark@example.com,Delhi,Karnataka,2026-03-09 03:30:08.000
475,Tara Thompson,deleonjames@example.com,Chennai,Delhi,2026-03-13 04:43:46.000
476,Erica Cordova,daguilar@example.org,Delhi,Kerala,2025-04-05 22:33:22.000
477,Michelle Hodges,dawnday@example.com,Kochi,Telangana,2026-06-01 18:50:46.000
478,Jasmine Lynch,dthornton@example.com,Kochi,Kerala,2025-02-09 23:01:27.000
479,Robert Johnson,fcross@example.net,Pune,Delhi,2025-08-31 16:28:10.000
480,Melissa Neal,vreed@example.com,Delhi,Tamil Nadu,2026-03-25 21:10:55.000
481,Jason Rogers,reynoldsrachel@example.com,Mumbai,Karnataka,2026-05-26 02:27:07.000
482,Amanda Hale,ihayes@example.net,Coimbatore,Karnataka,2025-03-26 01:20:12.000
483,Debbie Martinez,tgillespie@example.org,Delhi,Delhi,2025-10-13 11:50:04.000
484,Sheila Adams,jennifer92@example.net,Bengaluru,Telangana,2026-03-22 21:59:59.000
485,Samuel Williams,mmay@example.org,Mumbai,Maharashtra,2026-03-12 17:09:30.000
486,Lindsey Henry,justinramirez@example.com,Chennai,Delhi,2026-05-26 22:51:46.000
487,Robert Hancock,michaelboyd@example.com,Pune,Tamil Nadu,2025-05-21 03:11:57.000
488,Marie Willis,sean85@example.org,Pune,Kerala,2026-08-16 04:20:36.000
489,Matthew Parker,sjones@example.org,Pune,Telangana,2025-09-30 15:33:03.000
490,Bobby Hansen,jessicacarter@example.org,Chennai,Karnataka,2025-04-22 06:24:04.000
491,Susan Kaiser,jrivera@example.org,Kochi,Tamil Nadu,2025-04-21 04:44:06.000
492,Rebecca Everett,sueturner@example.net,Chennai,Tamil Nadu,2026-08-03 12:31:52.000
493,Brenda Evans,ooliver@example.org,Mumbai,Maharashtra,2025-11-23 02:14:41.000
494,Daniel Trujillo,gharris@example.net,Coimbatore,Telangana,2025-05-03 06:19:17.000
495,Christopher Burns,osantiago@example.com,Delhi,Telangana,2026-07-15 11:31:25.000
496,Arthur Owens,brandon41@example.net,Delhi,Delhi,2026-04-09 02:25:00.000
497,Trevor Tate,garybell@example.org,Bengaluru,Tamil Nadu,2025-05-01 20:13:10.000
498,Jennifer Reid,boliver@example.com,Hyderabad,Delhi,2025-02-08 15:38:24.000
499,Marilyn Morrison,denisereed@example.net,Bengaluru,Telangana,2025-12-11 04:13:28.000
500,Mrs. Gina Davis,alexisblack@example.org,Kochi,Maharashtra,2026-04-17 12:43:01.000
501,James Hart,snyderbrandon@example.net,Coimbatore,Maharashtra,2025-08-01 04:11:56.000
502,Jimmy Hutchinson,jessica19@example.org,Mumbai,Delhi,2025-03-30 09:42:43.000
503,Jessica Mcmahon,ahurley@example.org,Delhi,Maharashtra,2025-03-28 03:08:06.000
504,Kevin Briggs,davisheather@example.org,Pune,Kerala,2026-06-11 23:54:01.000
505,Samantha Williams,ahughes@example.net,Coimbatore,Delhi,2026-06-03 04:15:08.000
506,Philip Miller,adrianriley@example.org,Pune,Tamil Nadu,2025-06-21 06:45:41.000
507,Sarah Ross,amandaodonnell@example.net,Kochi,Delhi,2025-02-12 13:12:35.000
508,Adam Stevens,hutchinsonclayton@example.net,Chennai,Karnataka,2025-08-23 02:51:50.000
509,Rachel Norris,llopez@example.org,Mumbai,Karnataka,2026-08-17 12:59:29.000
510,Devin Blair,rsmith@example.net,Pune,Telangana,2025-09-12 20:38:38.000
511,Craig Burns,jessicaleonard@example.com,Bengaluru,Tamil Nadu,2026-01-22 07:56:04.000
512,Tim Boyer,briansmith@example.org,Kochi,Karnataka,2025-04-11 08:11:45.000
513,Sheri Braun,katherinewilliams@example.org,Kochi,Delhi,2026-07-01 13:22:59.000
514,Elizabeth Perez,brittanyhall@example.org,Mumbai,Delhi,2026-03-10 23:21:43.000
515,Justin Nelson,virginia49@example.net,Delhi,Tamil Nadu,2025-11-05 09:56:35.000
516,Dr. Cassandra Spears DVM,anthonymullins@example.net,Chennai,Maharashtra,2025-01-15 13:22:03.000
517,Cristina Jones,debbie63@example.net,Coimbatore,Tamil Nadu,2025-09-01 03:52:23.000
518,Scott Cummings,nathanlloyd@example.org,Kochi,Delhi,2025-11-11 02:59:20.000
519,Juan Moore,icook@example.net,Kochi,Telangana,2025-03-31 10:59:14.000
520,Stephanie Gibson,vgallagher@example.org,Kochi,Tamil Nadu,2025-09-10 06:07:03.000
521,Mary Lewis,jasonkennedy@example.net,Hyderabad,Delhi,2025-12-24 08:49:40.000
522,Christopher Dodson,graylarry@example.org,Delhi,Tamil Nadu,2025-12-06 04:53:51.000
523,Sarah Hernandez,dmahoney@example.com,Bengaluru,Karnataka,2025-12-05 09:35:56.000
524,Jessica Nash,sandraduke@example.net,Kochi,Delhi,2025-03-03 02:05:16.000
525,Yvonne Craig,stephaniemorales@example.com,Kochi,Telangana,2026-08-03 06:48:34.000
526,Paul Porter,jason42@example.com,Delhi,Karnataka,2025-09-16 16:50:56.000
527,Hannah Sanchez,thomaskenneth@example.com,Hyderabad,Tamil Nadu,2026-02-01 12:05:53.000
528,Douglas Luna,laura68@example.org,Bengaluru,Delhi,2026-02-01 02:11:43.000
529,Roger Chavez,anash@example.net,Mumbai,Telangana,2025-09-30 16:58:24.000
530,Mark Mayer,chandlertony@example.net,Hyderabad,Karnataka,2025-03-21 20:24:55.000
531,Paul Cobb,stacyallen@example.net,Hyderabad,Telangana,2025-06-03 05:24:46.000
532,Tiffany Jacobs,emiller@example.net,Hyderabad,Delhi,2025-04-29 17:41:57.000
533,Tiffany Taylor,thomascarlos@example.com,Bengaluru,Karnataka,2026-08-24 06:55:57.000
534,John Fisher,kathyzuniga@example.net,Coimbatore,Maharashtra,2026-08-09 23:53:22.000
535,Ryan Friedman,rprice@example.org,Coimbatore,Kerala,2026-03-15 10:53:22.000
536,Emily Bartlett,zlewis@example.org,Delhi,Kerala,2025-09-03 13:15:22.000
537,Jeffery Hudson,pmcdonald@example.com,Hyderabad,Maharashtra,2025-02-23 00:56:53.000
538,Ryan Bennett,danielsimpson@example.net,Coimbatore,Maharashtra,2026-05-06 09:52:18.000
539,Emily Hunter,warrenrussell@example.org,Pune,Telangana,2026-04-05 08:51:48.000
540,Francisco Smith,robertford@example.org,Chennai,Telangana,2026-01-30 01:26:42.000
541,Elizabeth Martinez,kristenflores@example.net,Bengaluru,Telangana,2025-12-25 15:30:13.000
542,Alexis Adams,annegill@example.com,Coimbatore,Tamil Nadu,2025-02-14 04:30:26.000
543,Kelly Holmes,bankscarly@example.net,Delhi,Telangana,2025-03-01 14:22:10.000
544,Jeremiah Moreno,jabbott@example.org,Bengaluru,Delhi,2026-04-07 10:27:01.000
545,Elizabeth Cline,paynejennifer@example.com,Kochi,Maharashtra,2026-03-27 18:07:27.000
546,Anita Johnson,fbrown@example.com,Chennai,Maharashtra,2026-03-21 00:27:10.000
547,Janice Drake,taylorwalter@example.com,Mumbai,Telangana,2026-04-15 22:07:34.000
548,Amber Jones,jamesmolina@example.com,Coimbatore,Delhi,2025-04-28 04:15:15.000
549,Laura Wolf,williamsonandrew@example.net,Chennai,Maharashtra,2025-03-22 09:24:53.000
550,Richard Friedman,mdavid@example.com,Delhi,Kerala,2025-03-07 12:00:32.000
551,Amber Perkins,michaelwhite@example.org,Hyderabad,Tamil Nadu,2025-07-12 10:16:39.000
552,John Brown,davidanderson@example.com,Coimbatore,Maharashtra,2026-02-12 01:20:45.000
553,Paul Johnson,douglashanson@example.com,Hyderabad,Telangana,2025-10-17 14:27:52.000
554,Mark King,fisheranthony@example.com,Pune,Maharashtra,2025-11-14 12:00:49.000
555,Kathleen Hill,younggina@example.org,Delhi,Kerala,2026-04-10 09:24:01.000
556,Donald Barber MD,moorekelsey@example.net,Chennai,Kerala,2026-05-18 18:38:47.000
557,Michael Rivera,wesley74@example.com,Delhi,Tamil Nadu,2025-09-14 01:52:52.000
558,Sarah Campbell,brendaashley@example.org,Bengaluru,Delhi,2026-06-11 21:54:27.000
559,Michael Rocha,xgarcia@example.net,Kochi,Telangana,2025-07-15 17:32:30.000
560,Christina Robbins,dixonmichael@example.org,Hyderabad,Telangana,2025-03-05 07:18:25.000
561,Sabrina Rodriguez,rray@example.com,Hyderabad,Telangana,2025-08-29 23:08:19.000
562,Erica Douglas,lopezkaitlyn@example.org,Kochi,Karnataka,2026-04-08 04:22:20.000
563,Julie Collins,jeffreywalters@example.com,Bengaluru,Telangana,2026-03-11 03:03:45.000
564,John Larsen,melaniecox@example.org,Kochi,Kerala,2025-09-13 03:14:48.000
565,Patrick Armstrong,xrodriguez@example.com,Hyderabad,Kerala,2026-06-30 21:43:01.000
566,Jennifer Grant,jason19@example.org,Bengaluru,Kerala,2026-06-05 18:12:23.000
567,Brian West,ivan93@example.net,Kochi,Delhi,2025-10-09 00:57:52.000
568,Jacqueline Morrison,meadowsjose@example.net,Chennai,Telangana,2025-08-28 21:40:51.000
569,Mrs. Rebecca Johnson,susan63@example.net,Hyderabad,Karnataka,2025-09-23 10:21:09.000
570,Ronald Fernandez,piercecrystal@example.net,Coimbatore,Karnataka,2025-06-25 23:04:06.000
571,Joshua Gates,friedmanbrenda@example.org,Hyderabad,Karnataka,2025-03-01 22:27:41.000
572,Robert Burke,xsullivan@example.org,Pune,Tamil Nadu,2026-01-30 08:01:19.000
573,Jacqueline Bean,timothy96@example.com,Chennai,Kerala,2025-09-19 13:44:34.000
574,Benjamin Mcmillan,christinerose@example.net,Hyderabad,Delhi,2025-10-20 14:34:02.000
575,Adam Morris,charles38@example.com,Hyderabad,Karnataka,2025-05-21 11:12:47.000
576,Charles Beasley PhD,nsmith@example.net,Hyderabad,Kerala,2025-12-06 22:49:25.000
577,Anthony Booker,davidmyers@example.org,Chennai,Maharashtra,2025-10-10 23:01:59.000
578,Ricardo Porter,justinsmith@example.com,Mumbai,Maharashtra,2026-04-20 06:19:25.000
579,Heather Weber,edward98@example.com,Pune,Kerala,2025-12-15 16:37:25.000
580,Katherine Rodriguez,pattersonjulie@example.com,Mumbai,Delhi,2025-07-05 18:25:26.000
581,Tony Hopkins,tboyd@example.net,Pune,Maharashtra,2025-05-31 16:43:25.000
582,Lawrence Ingram,garyknight@example.org,Delhi,Kerala,2026-03-20 01:23:17.000
583,Marissa Murphy,darrellmartin@example.com,Coimbatore,Maharashtra,2026-08-21 15:22:27.000
584,Valerie Michael,elliottpatricia@example.org,Pune,Maharashtra,2026-01-26 14:51:36.000
585,Matthew Ramirez,garygonzalez@example.org,Kochi,Karnataka,2025-06-05 02:38:07.000
586,Justin Smith,tonigarner@example.net,Hyderabad,Telangana,2025-02-10 12:42:07.000
587,Matthew Good,natalie78@example.com,Coimbatore,Telangana,2026-03-07 17:23:19.000
588,David Walsh,douglasjohnson@example.net,Bengaluru,Kerala,2026-02-05 17:14:52.000
589,Tammy Luna,jmarshall@example.org,Bengaluru,Telangana,2025-03-07 03:32:44.000
590,Brittany Lopez,david70@example.org,Hyderabad,Telangana,2025-12-15 23:55:02.000
591,James Wood,larry92@example.org,Hyderabad,Maharashtra,2025-03-13 05:39:53.000
592,Diane Andrews,tmoore@example.org,Mumbai,Maharashtra,2025-09-29 12:44:17.000
593,Steven Carr,vruiz@example.org,Chennai,Maharashtra,2025-02-11 08:46:49.000
594,Cynthia Estes,april74@example.org,Kochi,Delhi,2025-10-18 11:08:50.000
595,Brenda Camacho,mullenthomas@example.net,Mumbai,Maharashtra,2025-03-05 09:14:08.000
596,Gail Carroll,justin21@example.org,Delhi,Karnataka,2025-01-22 21:27:14.000
597,Charles Thompson,halerodney@example.net,Delhi,Tamil Nadu,2026-07-10 03:03:11.000
598,Scott Robles,navery@example.net,Delhi,Karnataka,2025-04-17 21:02:32.000
599,Melissa Morris,mariacampbell@example.org,Chennai,Telangana,2026-01-02 23:11:53.000
600,Valerie Davis,bbarron@example.net,Hyderabad,Kerala,2025-12-31 08:50:47.000
601,Debra Silva,paige42@example.net,Coimbatore,Delhi,2025-01-05 01:53:21.000
602,Melissa Walker,donna91@example.com,Bengaluru,Tamil Nadu,2025-07-18 18:46:04.000
603,Lisa Walker,whiteamanda@example.net,Mumbai,Karnataka,2026-03-03 06:27:09.000
604,Patrick David,grose@example.org,Kochi,Tamil Nadu,2026-08-26 20:54:23.000
605,Richard White,shannon41@example.com,Pune,Karnataka,2025-08-22 21:51:54.000
606,Brian Brooks,lindseytrevor@example.com,Bengaluru,Tamil Nadu,2025-07-05 04:50:04.000
607,Carlos Stewart,zhill@example.net,Kochi,Kerala,2026-04-29 18:01:49.000
608,Joel Dougherty,dwagner@example.org,Coimbatore,Tamil Nadu,2025-03-28 02:32:27.000
609,Jacqueline Alexander,ibarrakathleen@example.net,Coimbatore,Delhi,2026-02-21 08:46:00.000
610,Dana Cross,iburns@example.com,Chennai,Kerala,2026-02-05 07:17:59.000
611,Adam Ellis,thomas79@example.com,Mumbai,Kerala,2025-04-22 12:27:58.000
612,Randall Parker,william98@example.com,Pune,Maharashtra,2025-01-02 05:09:40.000
613,Christopher Bell,fordgabriel@example.net,Delhi,Karnataka,2026-03-20 05:56:33.000
614,William Bishop,gregory66@example.com,Kochi,Karnataka,2026-06-01 00:46:43.000
615,Shelly Morales,cbutler@example.org,Bengaluru,Delhi,2025-10-08 02:08:28.000
616,Veronica Perez,zmcgee@example.com,Bengaluru,Delhi,2026-02-27 14:25:22.000
617,Cheryl Howard,theresaperez@example.com,Chennai,Maharashtra,2026-01-01 03:57:11.000
618,Eric Lee,sean72@example.org,Chennai,Kerala,2025-10-28 11:59:25.000
619,Courtney Smith,thomasrhonda@example.org,Delhi,Telangana,2026-08-04 10:59:27.000
620,Sarah Solis,scottmorris@example.net,Chennai,Telangana,2025-02-22 11:24:05.000
621,Courtney Nelson,stephanie17@example.com,Delhi,Karnataka,2026-07-24 07:00:39.000
622,Dylan Jones,gordonjason@example.org,Bengaluru,Delhi,2026-07-26 00:52:43.000
623,Christopher Potter,kristine12@example.net,Delhi,Karnataka,2025-02-04 10:28:37.000
624,Casey Gutierrez,qlozano@example.net,Delhi,Delhi,2025-09-20 22:58:41.000
625,Harry Fisher,dominguezkristy@example.net,Hyderabad,Kerala,2025-12-27 21:11:54.000
626,David Santos,normanclark@example.net,Coimbatore,Kerala,2025-05-22 13:54:29.000
627,Brenda Anderson,danielwilson@example.org,Hyderabad,Tamil Nadu,2026-07-11 04:02:50.000
628,Kimberly Cruz,jonathan75@example.net,Coimbatore,Tamil Nadu,2025-08-16 22:09:57.000
629,Robert Walker,lorisimpson@example.com,Mumbai,Tamil Nadu,2025-06-04 22:23:13.000
630,Cody Burke,patrickgilmore@example.com,Chennai,Telangana,2025-08-29 20:14:00.000
631,Lisa Lucas,ronald37@example.com,Kochi,Delhi,2026-01-03 16:48:40.000
632,Karla Morales,davidwilliams@example.com,Pune,Tamil Nadu,2026-08-09 02:21:37.000
633,Grace Lawson,bshields@example.com,Mumbai,Telangana,2025-10-05 06:28:51.000
634,Tina Ramos,mary74@example.net,Chennai,Kerala,2025-09-15 19:31:28.000
635,Maria Ramirez,jennifer04@example.com,Pune,Tamil Nadu,2025-10-13 20:22:28.000
636,Aaron Mccall,lisa99@example.com,Kochi,Maharashtra,2026-08-01 08:15:35.000
637,Patrick Graham,steven64@example.net,Coimbatore,Maharashtra,2025-09-21 08:06:02.000
638,Christopher Davis,pattersonsean@example.net,Hyderabad,Maharashtra,2026-06-22 13:05:30.000
639,Marissa Duncan,tjohnson@example.com,Coimbatore,Telangana,2026-02-08 08:00:12.000
640,Pamela Wall,drew63@example.net,Pune,Tamil Nadu,2026-07-19 17:46:41.000
641,Raymond Smith,kendra53@example.com,Kochi,Tamil Nadu,2025-12-01 11:05:56.000
642,John Perez,joseph24@example.net,Hyderabad,Delhi,2025-08-17 04:12:10.000
643,Jerry Gonzalez,jonesthomas@example.net,Delhi,Tamil Nadu,2025-03-04 04:35:33.000
644,Derrick Park,joneskevin@example.net,Delhi,Kerala,2025-08-18 15:07:41.000
645,Eric Sloan,laura94@example.org,Pune,Maharashtra,2026-04-14 01:40:52.000
646,Melissa Archer,jeffreymiranda@example.net,Kochi,Karnataka,2026-06-20 18:08:52.000
647,Thomas Hurley,lopeztimothy@example.org,Coimbatore,Telangana,2025-12-14 07:06:03.000
648,Joseph Frye,joneschristopher@example.net,Chennai,Kerala,2025-10-01 20:10:54.000
649,Ronnie Martin,claudiamorgan@example.net,Kochi,Telangana,2026-05-12 16:34:18.000
650,James Anderson,rguzman@example.com,Chennai,Tamil Nadu,2026-06-06 07:46:28.000
651,Wesley Perez,marissamiller@example.com,Kochi,Telangana,2026-02-03 12:36:59.000
652,Ashley Huang,bdoyle@example.net,Hyderabad,Tamil Nadu,2025-04-21 21:36:07.000
653,Kelly Taylor,deborah54@example.net,Coimbatore,Tamil Nadu,2025-04-09 01:05:53.000
654,Joshua Taylor,ewinters@example.com,Bengaluru,Karnataka,2026-08-28 16:34:42.000
655,Anne Osborne,whernandez@example.net,Delhi,Telangana,2025-10-25 08:55:23.000
656,Susan Hicks,francisco38@example.com,Chennai,Delhi,2025-04-30 04:17:40.000
657,Karen Sanders,alyssaknox@example.net,Coimbatore,Telangana,2025-10-16 22:49:55.000
658,Mary Haney,ogarza@example.com,Coimbatore,Tamil Nadu,2026-03-22 18:40:38.000
659,Anthony Williams,rodriguezsarah@example.com,Hyderabad,Delhi,2025-10-13 00:26:34.000
660,Rachel Garcia,ginamontoya@example.net,Kochi,Telangana,2026-05-20 12:41:23.000
661,Catherine Hurst,wattswillie@example.net,Pune,Karnataka,2025-03-30 02:50:07.000
662,Shelby Yoder,ericcain@example.net,Chennai,Kerala,2025-05-25 12:11:13.000
663,Tyler Lee,kjones@example.com,Coimbatore,Delhi,2025-10-28 13:58:03.000
664,James Burke,kevin23@example.com,Bengaluru,Telangana,2026-08-25 22:23:06.000
665,Alicia Rivera,amanda23@example.net,Pune,Kerala,2025-12-13 15:08:01.000
666,Christine Rivers,elizabethsolis@example.org,Mumbai,Delhi,2025-08-10 19:32:19.000
667,Melissa Dunn,daniel65@example.net,Coimbatore,Karnataka,2025-04-06 06:07:38.000
668,Richard Wilson,deborah40@example.net,Hyderabad,Tamil Nadu,2025-12-18 02:41:11.000
669,Karen Smith,qmatthews@example.com,Hyderabad,Kerala,2025-12-12 17:28:26.000
670,Gregory Harrell,paulshannon@example.com,Bengaluru,Kerala,2025-09-06 05:32:52.000
671,Amanda Martinez,shelbyhuynh@example.net,Delhi,Kerala,2025-02-20 10:33:07.000
672,Allison Thomas,josephmarshall@example.net,Pune,Telangana,2025-05-03 08:06:38.000
673,Susan Luna,kelly91@example.com,Hyderabad,Telangana,2026-01-31 03:53:40.000
674,Susan Rice,yolanda40@example.net,Mumbai,Tamil Nadu,2025-06-06 02:32:44.000
675,Warren Barnes,joshua45@example.org,Hyderabad,Karnataka,2026-01-19 17:14:11.000
676,Jason Bell,richardbowman@example.com,Chennai,Telangana,2026-03-07 07:42:29.000
677,Bruce Nelson,robert13@example.com,Delhi,Maharashtra,2026-03-05 11:26:39.000
678,Peter Reyes,bryanlewis@example.net,Hyderabad,Delhi,2025-03-08 23:10:23.000
679,Jason Jackson,arnoldchristina@example.com,Bengaluru,Telangana,2025-11-06 06:14:23.000
680,Christopher Fleming,matthew11@example.net,Coimbatore,Delhi,2025-11-16 01:46:33.000
681,Johnathan Rodriguez,edwin98@example.org,Kochi,Delhi,2025-02-27 06:48:46.000
682,Lisa Rogers,amanda95@example.net,Hyderabad,Telangana,2026-05-14 22:03:33.000
683,Allison Reed,joeschmidt@example.net,Bengaluru,Maharashtra,2025-12-28 19:45:36.000
684,Lisa Johnson,blopez@example.org,Delhi,Karnataka,2026-08-30 01:09:18.000
685,Roger Jones,clynn@example.com,Hyderabad,Karnataka,2025-12-03 00:35:21.000
686,Mrs. Brenda Lawson,brian28@example.org,Chennai,Tamil Nadu,2026-02-07 10:07:25.000
687,Daniel Wong,elizabeth25@example.net,Hyderabad,Telangana,2025-05-08 21:25:49.000
688,Tina Banks,davenportoscar@example.net,Hyderabad,Telangana,2026-07-05 22:54:33.000
689,Joseph Johnson,jennifer32@example.com,Mumbai,Telangana,2026-02-08 00:57:21.000
690,Carlos Sanford,ereilly@example.org,Pune,Tamil Nadu,2025-07-14 15:37:17.000
691,John Williams,justin56@example.com,Mumbai,Kerala,2026-03-04 20:25:41.000
692,Justin Davis,brandi28@example.net,Pune,Karnataka,2026-05-01 11:15:40.000
693,Theresa Davis,charlottechavez@example.com,Pune,Delhi,2026-02-19 08:45:04.000
694,William Fleming,ywalker@example.net,Bengaluru,Delhi,2026-05-13 20:52:18.000
695,Noah Mccarty,usmith@example.org,Hyderabad,Delhi,2026-03-28 00:02:07.000
696,Melanie Maldonado,cookjennifer@example.com,Hyderabad,Karnataka,2026-05-27 15:40:14.000
697,Pamela Gray,alexiscook@example.net,Delhi,Delhi,2025-02-01 23:55:02.000
698,Courtney Ortiz,zli@example.com,Chennai,Tamil Nadu,2025-02-05 07:28:09.000
699,Kevin White,thomas04@example.com,Pune,Kerala,2025-06-13 17:45:10.000
700,Keith Warren,matthewvasquez@example.com,Kochi,Delhi,2026-05-12 07:39:33.000
701,Rhonda Jones,fritzlaura@example.org,Chennai,Maharashtra,2026-05-03 03:11:04.000
702,Christopher Wilson,jonesjennifer@example.org,Pune,Kerala,2025-08-23 15:26:32.000
703,William Solomon,cynthia42@example.com,Coimbatore,Karnataka,2026-06-17 01:09:17.000
704,Carlos Gonzales,xfletcher@example.net,Kochi,Telangana,2025-12-19 06:40:31.000
705,Darlene Adams,rwright@example.org,Bengaluru,Kerala,2025-02-16 12:51:35.000
706,Joshua Sawyer,tdyer@example.com,Hyderabad,Maharashtra,2025-11-19 19:45:03.000
707,Erica Taylor,florescindy@example.org,Coimbatore,Maharashtra,2025-06-08 11:15:52.000
708,Curtis Hendrix,vanessa72@example.org,Delhi,Delhi,2025-04-22 14:10:42.000
709,Wesley Lopez MD,kwatson@example.net,Delhi,Kerala,2025-09-06 00:29:20.000
710,April Robinson,csloan@example.org,Delhi,Maharashtra,2025-04-12 13:39:27.000
711,Samantha Alvarado,theresasimon@example.com,Delhi,Delhi,2026-03-13 05:56:15.000
712,Justin Mccullough,martinrachel@example.com,Bengaluru,Telangana,2025-07-07 18:19:13.000
713,Lee Duke,nelsonandrea@example.com,Coimbatore,Tamil Nadu,2025-07-27 18:02:00.000
714,Jeffrey Brown MD,wkim@example.org,Coimbatore,Karnataka,2025-04-20 10:08:58.000
715,Rachel Foster,duncanamy@example.net,Bengaluru,Tamil Nadu,2025-08-14 09:56:37.000
716,Renee Carpenter,catherinegarcia@example.org,Kochi,Delhi,2025-11-21 18:35:47.000
717,Michael Blevins,kara12@example.net,Mumbai,Karnataka,2025-09-12 07:50:45.000
718,Brittany Weiss,wschmidt@example.org,Delhi,Karnataka,2026-08-16 17:36:48.000
719,Bailey Tucker,xcook@example.net,Hyderabad,Maharashtra,2026-02-04 19:09:59.000
720,Jordan Gibson,jdrake@example.com,Coimbatore,Maharashtra,2025-08-28 15:36:41.000
721,Kimberly Gentry,zcarter@example.net,Coimbatore,Tamil Nadu,2025-03-11 22:38:12.000
722,Michael Ramos,fordamber@example.net,Kochi,Delhi,2025-12-22 03:23:48.000
723,Michael Willis,samantharyan@example.com,Mumbai,Karnataka,2026-03-30 02:19:20.000
724,Caroline Ramos,ibuchanan@example.net,Delhi,Tamil Nadu,2025-02-09 06:08:29.000
725,Taylor Mcknight,maddoxjohnny@example.net,Pune,Maharashtra,2026-04-10 02:33:25.000
726,Edward Graham,shannon51@example.com,Coimbatore,Telangana,2026-02-21 20:38:26.000
727,Susan Sparks,woodpaul@example.com,Chennai,Tamil Nadu,2025-12-01 17:04:33.000
728,Christopher Ferguson,shannonreyes@example.net,Hyderabad,Telangana,2026-07-20 01:43:59.000
729,Keith Smith,marychan@example.com,Delhi,Maharashtra,2025-10-12 05:34:00.000
730,Michael Henderson,ulong@example.net,Chennai,Maharashtra,2025-02-09 17:38:54.000
731,Lori Edwards,leeryan@example.org,Mumbai,Telangana,2026-03-06 16:49:22.000
732,Benjamin Ray,hannahgarrett@example.org,Pune,Tamil Nadu,2025-10-28 02:03:50.000
733,Kyle Rodriguez,pittscourtney@example.com,Coimbatore,Delhi,2025-08-06 06:22:16.000
734,Heather Roy,darcher@example.com,Bengaluru,Karnataka,2025-03-17 02:16:24.000
735,Jerry Serrano,cookjoseph@example.com,Kochi,Telangana,2025-09-21 09:00:29.000
736,Hannah Crosby,kingsuzanne@example.com,Delhi,Karnataka,2025-06-04 14:42:28.000
737,Regina Francis,dblackburn@example.com,Kochi,Delhi,2025-02-01 06:24:21.000
738,Jessica Young,christophermorales@example.org,Chennai,Tamil Nadu,2025-04-17 10:32:35.000
739,Jennifer Berg,wwilliams@example.net,Delhi,Maharashtra,2026-02-08 09:03:48.000
740,Edward Dunn,wilsonsusan@example.net,Coimbatore,Karnataka,2026-04-16 21:30:54.000
741,Robert Miranda,amartin@example.org,Hyderabad,Telangana,2026-04-22 04:25:05.000
742,Dustin Perry,larsonkimberly@example.com,Delhi,Karnataka,2025-11-02 05:12:15.000
743,Eric Nelson,uscott@example.net,Pune,Delhi,2025-09-19 06:27:20.000
744,Jennifer Bean,richardreese@example.org,Coimbatore,Kerala,2026-03-14 05:40:07.000
745,Dr. Jennifer White,jessicarodriguez@example.org,Pune,Maharashtra,2025-01-13 22:08:07.000
746,Brandon Carter,davidwhite@example.com,Delhi,Telangana,2026-06-08 08:39:41.000
747,Jeffrey Strickland,joneskenneth@example.org,Bengaluru,Maharashtra,2026-03-30 08:59:47.000
748,Lorraine Martinez,madison71@example.org,Pune,Kerala,2026-06-19 10:03:47.000
749,Elizabeth Scott,chris73@example.com,Chennai,Delhi,2026-01-04 15:00:10.000
750,Kelly Ross,claudiakeller@example.com,Pune,Kerala,2026-08-26 20:42:31.000
751,Cynthia Moore,xfloyd@example.com,Mumbai,Kerala,2025-02-09 21:19:46.000
752,Sandra Spencer,zarnold@example.com,Coimbatore,Karnataka,2026-02-12 04:23:56.000
753,Mr. Ryan James II,jmorgan@example.com,Kochi,Karnataka,2026-06-13 17:40:08.000
754,Alicia Pitts,kimhoward@example.com,Mumbai,Tamil Nadu,2026-03-21 17:29:00.000
755,Peter Fisher,susan05@example.net,Bengaluru,Karnataka,2025-01-15 17:01:05.000
756,Troy Wong,peggy82@example.com,Coimbatore,Telangana,2025-11-22 06:37:50.000
757,Danielle Fowler,robert63@example.com,Hyderabad,Maharashtra,2026-06-21 07:51:28.000
758,Tamara Silva,pgonzalez@example.net,Mumbai,Maharashtra,2026-01-25 18:35:36.000
759,Luis Pineda,smithjeremiah@example.com,Coimbatore,Kerala,2026-07-19 23:45:28.000
760,Katelyn Jackson,maureensmith@example.org,Chennai,Kerala,2025-04-18 06:02:38.000
761,Ricardo Hall,dennis98@example.net,Mumbai,Delhi,2025-09-10 11:21:44.000
762,Amy Myers,lewisdonald@example.com,Coimbatore,Delhi,2025-10-20 16:31:22.000
763,Kyle Barber,kdavis@example.org,Delhi,Karnataka,2025-12-24 00:44:57.000
764,Dana Thomas,richard82@example.com,Delhi,Delhi,2025-10-03 04:23:17.000
765,Cassidy Owens,ashleystewart@example.net,Pune,Delhi,2026-01-12 01:46:16.000
766,Marissa Huynh,zshea@example.com,Mumbai,Karnataka,2025-08-05 17:03:22.000
767,Joshua Wolfe,elawson@example.net,Pune,Karnataka,2025-08-20 03:56:15.000
768,Zachary Moss,danakaiser@example.net,Pune,Kerala,2025-06-10 23:56:17.000
769,Yvonne Jordan,rsmith@example.net,Coimbatore,Telangana,2026-01-08 16:11:02.000
770,Amanda Reyes,donald16@example.net,Delhi,Delhi,2026-07-15 12:47:56.000
771,Blake Jacobs,savannah35@example.net,Pune,Telangana,2025-04-05 15:53:52.000
772,Emma Taylor,mitchellmark@example.net,Kochi,Maharashtra,2025-09-26 01:46:35.000
773,Patricia Ware,nicholas79@example.org,Hyderabad,Telangana,2025-02-02 16:10:34.000
774,Timothy Hunter,millercatherine@example.org,Pune,Kerala,2025-03-03 09:12:55.000
775,Benjamin Evans,nwright@example.net,Delhi,Maharashtra,2026-05-25 12:12:19.000
776,Jordan Flores,nunezjeremy@example.com,Pune,Kerala,2026-01-08 02:41:05.000
777,Danielle Medina,kperez@example.net,Mumbai,Karnataka,2026-02-23 07:49:12.000
778,Lauren Bell,juliebass@example.com,Pune,Delhi,2026-06-25 17:34:25.000
779,Norman Cruz,calderondaisy@example.net,Pune,Karnataka,2025-03-26 20:07:51.000
780,Michael Miranda,kperry@example.org,Mumbai,Karnataka,2025-02-09 10:20:10.000
781,Shawn Davis,danieldorsey@example.com,Mumbai,Kerala,2025-06-30 20:23:17.000
782,Trevor Nichols,matthewmorton@example.com,Chennai,Tamil Nadu,2025-11-18 00:29:45.000
783,John Oconnell,sharijohnston@example.org,Delhi,Kerala,2026-01-02 22:14:49.000
784,Jenna Gregory,jeffmcmahon@example.org,Bengaluru,Kerala,2026-08-22 16:07:14.000
785,Jennifer Myers,parknicholas@example.com,Hyderabad,Tamil Nadu,2026-03-04 11:18:55.000
786,Cheryl Williams,robertespinoza@example.org,Hyderabad,Maharashtra,2026-05-23 02:48:13.000
787,Dr. William Harrington,byrdandrew@example.net,Coimbatore,Maharashtra,2026-05-21 06:55:12.000
788,David Murphy,jacqueline68@example.com,Mumbai,Telangana,2025-09-07 10:59:59.000
789,Walter Lane,ograham@example.net,Pune,Kerala,2025-02-15 22:52:13.000
790,Mr. Craig Rogers,james99@example.net,Bengaluru,Kerala,2026-03-22 22:37:17.000
791,Paul Parker,heidibrown@example.org,Mumbai,Delhi,2026-07-28 18:06:53.000
792,Brett Holden,alyssa66@example.com,Chennai,Karnataka,2025-11-21 13:56:26.000
793,Tyler Medina,troywright@example.org,Hyderabad,Tamil Nadu,2025-11-05 08:30:54.000
794,Jane Arellano,gillwendy@example.net,Coimbatore,Karnataka,2026-08-05 18:25:53.000
795,Becky Frank,kellykeith@example.net,Pune,Tamil Nadu,2025-01-08 04:45:09.000
796,Paul Franklin,vcampbell@example.org,Pune,Delhi,2026-04-14 04:41:20.000
797,Heather Rice,abaker@example.com,Bengaluru,Telangana,2025-08-10 00:36:49.000
798,Jack Pruitt,gonzaleztimothy@example.net,Coimbatore,Kerala,2026-02-26 23:51:18.000
799,Jeremy Chapman,kmcdonald@example.com,Coimbatore,Karnataka,2026-01-27 15:12:19.000
800,Maria Newton,hollandmaria@example.com,Coimbatore,Telangana,2025-05-30 18:15:53.000
801,Leslie Cox,nwilson@example.com,Bengaluru,Telangana,2025-05-07 05:06:45.000
802,Sara Turner,jacobskatherine@example.org,Coimbatore,Kerala,2025-07-19 19:45:53.000
803,Michelle Shah,rgonzales@example.com,Hyderabad,Tamil Nadu,2026-07-27 03:33:10.000
804,Tricia Griffin,charleskimberly@example.org,Delhi,Telangana,2026-03-18 00:12:32.000
805,Ernest Ruiz MD,christian64@example.com,Mumbai,Karnataka,2026-04-20 13:01:02.000
806,William Merritt,millererika@example.org,Kochi,Maharashtra,2026-02-05 05:31:39.000
807,Samantha Brown,kevingibson@example.net,Delhi,Tamil Nadu,2025-11-08 08:04:23.000
808,Melvin Hayes,margaret74@example.net,Bengaluru,Karnataka,2025-04-20 05:11:43.000
809,Alicia Madden,monteschristine@example.org,Coimbatore,Telangana,2025-07-12 15:55:58.000
810,Lori Giles,danielflores@example.com,Chennai,Telangana,2025-10-25 22:20:41.000
811,James Gonzales,shermanallison@example.net,Mumbai,Maharashtra,2026-08-09 11:02:32.000
812,Nicholas Tran,robinsonteresa@example.net,Pune,Telangana,2025-08-23 12:40:42.000
813,Brooke Martin,mark76@example.org,Chennai,Telangana,2026-05-23 17:32:28.000
814,Kathy Carrillo,daguilar@example.net,Delhi,Kerala,2025-07-03 12:59:57.000
815,Michael Landry,ralphnielsen@example.org,Chennai,Kerala,2025-04-02 19:52:15.000
816,Cameron Fox,timothy37@example.net,Coimbatore,Telangana,2025-05-05 01:20:14.000
817,Lisa Cook,emartin@example.com,Kochi,Kerala,2026-01-26 07:39:37.000
818,Gabriela Graham,petersonmatthew@example.org,Pune,Kerala,2025-04-02 04:47:17.000
819,Patrick Peterson,frank34@example.net,Pune,Telangana,2026-04-23 09:26:55.000
820,David Mcguire,ufreeman@example.com,Mumbai,Karnataka,2025-04-14 17:54:09.000
821,Alex Martinez,jamesjohn@example.org,Coimbatore,Karnataka,2025-12-20 09:25:01.000
822,Michael Hayes,aalexander@example.net,Delhi,Maharashtra,2026-06-30 05:07:24.000
823,April Smith,jonathansalazar@example.net,Coimbatore,Delhi,2026-05-31 19:37:03.000
824,Diana Kemp,michaelandrews@example.net,Mumbai,Karnataka,2026-06-13 10:29:33.000
825,Troy Mccoy,pecknancy@example.org,Bengaluru,Delhi,2025-12-13 23:59:09.000
826,Jessica Mayo,rkelly@example.com,Delhi,Tamil Nadu,2026-03-15 04:52:02.000
827,Ronald Jacobs III,wayne52@example.com,Bengaluru,Tamil Nadu,2026-03-02 08:55:18.000
828,Laura Hubbard,paulbass@example.net,Mumbai,Delhi,2026-02-21 20:04:13.000
829,Gregory Spencer,kathryn32@example.org,Hyderabad,Karnataka,2025-09-12 20:33:21.000
830,George Jackson,jerryjohnson@example.net,Coimbatore,Tamil Nadu,2026-06-13 09:37:20.000
831,Melissa Rodriguez,sarasmith@example.org,Mumbai,Kerala,2026-03-29 22:39:38.000
832,Michael Downs,justin32@example.net,Coimbatore,Tamil Nadu,2026-02-01 10:05:10.000
833,Alisha Boyd,martinezmarcus@example.com,Coimbatore,Tamil Nadu,2025-12-19 04:35:26.000
834,Courtney Kelly,erika65@example.org,Hyderabad,Delhi,2025-11-19 16:04:31.000
835,Rodney Hernandez,jbarker@example.org,Coimbatore,Delhi,2025-02-14 20:17:29.000
836,Joseph Hall MD,laurie76@example.com,Coimbatore,Kerala,2025-08-28 08:41:49.000
837,Scott Carlson,hstafford@example.com,Chennai,Maharashtra,2025-07-17 15:25:34.000
838,Richard Vazquez,robinsonabigail@example.org,Chennai,Kerala,2025-06-19 05:58:29.000
839,Hannah Weaver,bennettcharles@example.org,Bengaluru,Tamil Nadu,2025-11-26 02:17:30.000
840,Jordan Williams,richardbenson@example.org,Delhi,Kerala,2025-02-19 12:34:15.000
841,Andrew Jones,curryeric@example.com,Chennai,Tamil Nadu,2026-01-02 16:02:42.000
842,Jason Moreno,wjames@example.net,Chennai,Telangana,2025-11-14 13:49:55.000
843,Krystal Clark,annesweeney@example.org,Hyderabad,Karnataka,2026-08-18 20:03:45.000
844,Andrew Little,william37@example.org,Kochi,Telangana,2025-10-25 01:56:12.000
845,Tara Coleman,leblancsheila@example.org,Coimbatore,Maharashtra,2025-10-19 18:32:25.000
846,Erica Santos,pacebrian@example.net,Bengaluru,Kerala,2026-05-30 00:42:25.000
847,Charles Frederick,andre29@example.org,Hyderabad,Kerala,2025-09-28 02:54:02.000
848,Bradley Vasquez,jeffrey74@example.com,Bengaluru,Karnataka,2026-02-22 07:13:26.000
849,Robert Harris,qedwards@example.net,Kochi,Delhi,2025-04-09 21:55:18.000
850,Tyler Cooper,brianmartinez@example.com,Mumbai,Tamil Nadu,2026-08-11 08:12:21.000
851,Kelly Davis,teresamason@example.org,Chennai,Telangana,2025-12-26 15:01:05.000
852,Margaret Patel,davidwyatt@example.com,Kochi,Delhi,2025-10-22 14:13:32.000
853,Matthew Benson,johnsonalyssa@example.org,Mumbai,Karnataka,2025-12-24 18:40:39.000
854,Leslie Robinson,sbryant@example.net,Delhi,Karnataka,2025-08-03 02:29:00.000
855,Nicholas Bender,spatton@example.com,Mumbai,Kerala,2026-08-18 13:45:59.000
856,Jamie Gonzales,tlynch@example.org,Bengaluru,Tamil Nadu,2026-05-28 18:58:36.000
857,Curtis Mata,simscharles@example.org,Kochi,Delhi,2026-08-19 00:16:17.000
858,Stephen Marshall,boylestefanie@example.org,Chennai,Karnataka,2025-06-10 01:38:23.000
859,Patrick Gonzales,nancy03@example.org,Bengaluru,Tamil Nadu,2026-04-07 07:55:17.000
860,Catherine Lopez,kaylee08@example.net,Chennai,Maharashtra,2026-04-10 07:31:05.000
861,Maria Martinez,joel28@example.com,Chennai,Karnataka,2026-07-30 04:41:10.000
862,Mrs. Kimberly Weber,kimberly53@example.com,Chennai,Maharashtra,2025-12-07 22:51:35.000
863,Kelly Moore,jeremiah99@example.org,Mumbai,Delhi,2025-06-18 18:11:29.000
864,George Caldwell,jonesgabriel@example.net,Chennai,Karnataka,2026-01-27 09:17:57.000
865,Randall Wright,wendy88@example.com,Pune,Karnataka,2026-07-23 04:28:27.000
866,Blake Reese,sarah58@example.com,Delhi,Delhi,2026-04-10 09:59:35.000
867,Keith Lawrence,victorialeach@example.org,Delhi,Karnataka,2025-08-23 09:17:48.000
868,Melissa Miller,mollyblack@example.net,Hyderabad,Kerala,2026-02-09 20:49:26.000
869,Claudia Walker,nicholas78@example.net,Mumbai,Maharashtra,2025-08-22 09:44:37.000
870,Valerie Williamson,vgoodwin@example.org,Pune,Tamil Nadu,2026-03-09 09:58:40.000
871,Christopher Guzman,wmccall@example.org,Hyderabad,Kerala,2026-06-12 04:49:09.000
872,Scott Garcia,emmabriggs@example.com,Kochi,Delhi,2026-01-20 23:02:28.000
873,Tamara Figueroa,lesliechoi@example.net,Chennai,Telangana,2026-05-15 16:16:50.000
874,Melanie Shields,cheryl55@example.net,Kochi,Delhi,2025-09-05 13:38:27.000
875,Caroline Shea,alexandraosborne@example.com,Kochi,Maharashtra,2025-04-26 21:37:04.000
876,Ann Hill,knightkenneth@example.com,Pune,Maharashtra,2025-05-23 19:45:09.000
877,Luis Gilbert,velasquezgeorge@example.com,Coimbatore,Karnataka,2025-06-25 00:43:36.000
878,Marcia Wilkerson,joshua20@example.org,Pune,Kerala,2025-04-23 02:54:41.000
879,Elizabeth Perkins,michael98@example.net,Coimbatore,Tamil Nadu,2026-03-13 19:38:02.000
880,Jennifer Sanford,amyriggs@example.org,Kochi,Maharashtra,2026-03-09 20:34:41.000
881,Megan Allen,diazjamie@example.net,Hyderabad,Maharashtra,2025-07-08 15:12:39.000
882,Molly Burch,erinroy@example.org,Pune,Karnataka,2025-09-14 12:32:54.000
883,James Miller,daniel34@example.org,Bengaluru,Maharashtra,2025-10-16 05:23:09.000
884,Tiffany Hernandez,christinakim@example.com,Bengaluru,Delhi,2026-07-17 19:14:16.000
885,Nathan Henderson,waltermoore@example.net,Mumbai,Tamil Nadu,2025-07-28 12:29:12.000
886,Keith Vasquez,andrea83@example.com,Kochi,Kerala,2026-04-15 21:26:52.000
887,Tony Henderson,alison65@example.net,Chennai,Tamil Nadu,2025-05-27 03:37:04.000
888,Jeremy Jones,robertojones@example.net,Mumbai,Maharashtra,2025-06-12 05:58:29.000
889,Chad Johnson,sstafford@example.org,Delhi,Telangana,2025-01-12 21:50:27.000
890,Angela Austin,ypatton@example.org,Mumbai,Karnataka,2026-07-30 22:05:58.000
891,Samantha Cook,geoffrey41@example.org,Bengaluru,Kerala,2026-08-09 21:44:39.000
892,Jonathan Olson II,james35@example.net,Coimbatore,Karnataka,2026-06-25 07:24:49.000
893,Mark Galvan,xlozano@example.com,Mumbai,Maharashtra,2025-07-05 21:27:08.000
894,Andres Barnett,david85@example.org,Delhi,Telangana,2025-10-23 16:02:57.000
895,Traci Riley,daviscameron@example.net,Coimbatore,Delhi,2026-05-19 21:02:32.000
896,Gregory Johnson,michael19@example.org,Delhi,Telangana,2025-07-23 03:51:43.000
897,Christina Mosley,christineray@example.org,Delhi,Delhi,2026-01-22 05:55:14.000
898,Rachel Rojas,kelli76@example.com,Coimbatore,Tamil Nadu,2026-07-16 02:45:54.000
899,Jamie Price,lcunningham@example.net,Coimbatore,Telangana,2025-06-07 18:34:15.000
900,William Kelly,jonathan80@example.org,Delhi,Telangana,2025-11-18 12:13:03.000
901,Teresa Bowen,lgutierrez@example.net,Chennai,Delhi,2025-06-21 20:50:53.000
902,Jennifer Mann,thorntonsamuel@example.com,Hyderabad,Tamil Nadu,2025-07-22 13:10:54.000
903,Ian Henry,fporter@example.org,Kochi,Telangana,2025-04-29 09:09:16.000
904,Joseph Mccormick,wendy00@example.org,Mumbai,Telangana,2025-06-28 15:51:28.000
905,Andrew Petersen,vargasallison@example.org,Kochi,Delhi,2025-07-10 20:44:22.000
906,Dorothy Richardson,rodriguezmichelle@example.org,Coimbatore,Delhi,2026-05-24 10:46:36.000
907,Miss Dawn Howard MD,shannonbeck@example.org,Delhi,Telangana,2026-08-16 22:04:24.000
908,Dylan Smith,yangchad@example.net,Coimbatore,Kerala,2026-05-14 10:03:05.000
909,Cynthia Abbott,meganpacheco@example.net,Coimbatore,Maharashtra,2025-05-11 16:06:08.000
910,Jeremy Gordon,kempkimberly@example.org,Delhi,Karnataka,2025-04-19 17:00:57.000
911,Wendy Mann,ryanmiller@example.org,Coimbatore,Karnataka,2026-02-26 02:09:48.000
912,Stefanie Simmons,ryanroy@example.net,Chennai,Delhi,2025-01-27 06:31:13.000
913,Courtney Hernandez,lpatton@example.net,Bengaluru,Kerala,2025-02-07 16:22:25.000
914,Lisa Jacobson,arthurschroeder@example.org,Chennai,Maharashtra,2025-04-17 19:01:40.000
915,Melissa Price,ocochran@example.org,Mumbai,Tamil Nadu,2026-07-04 06:35:46.000
916,Stephanie Walker MD,mcfarlandnancy@example.net,Hyderabad,Tamil Nadu,2025-06-19 21:13:48.000
917,Julian Stewart,salastara@example.org,Coimbatore,Telangana,2025-02-16 22:52:18.000
918,Stephanie Watson,michaelwilson@example.org,Coimbatore,Kerala,2026-01-14 22:15:53.000
919,Michelle Fry,dylan42@example.org,Chennai,Tamil Nadu,2026-02-18 09:09:35.000
920,David Sanchez,robert32@example.org,Kochi,Tamil Nadu,2025-01-13 23:47:52.000
921,Martha Rodriguez,sarahjackson@example.net,Pune,Delhi,2025-08-11 16:15:42.000
922,Mike Jenkins,bvargas@example.com,Chennai,Delhi,2026-06-27 01:02:09.000
923,Renee Potter,marisahuerta@example.com,Kochi,Karnataka,2025-03-25 02:55:50.000
924,Toni Fisher,andrewhardin@example.net,Bengaluru,Delhi,2025-04-26 15:39:01.000
925,Danielle Walker,danielmcknight@example.net,Mumbai,Karnataka,2026-04-27 09:33:08.000
926,Caleb Pope,karenherring@example.com,Pune,Telangana,2025-07-27 15:17:39.000
927,Erik Harris,iknapp@example.com,Kochi,Tamil Nadu,2025-10-17 18:11:07.000
928,Sylvia Reid,reedcody@example.org,Kochi,Maharashtra,2026-03-15 20:24:14.000
929,Kari Munoz,kiarathompson@example.com,Mumbai,Kerala,2025-06-25 10:17:03.000
930,Lawrence Turner,lindsaybailey@example.com,Pune,Kerala,2025-03-04 14:48:29.000
931,John Cole,ecarter@example.org,Chennai,Tamil Nadu,2025-11-11 18:56:06.000
932,Jennifer White,thomas11@example.org,Kochi,Maharashtra,2026-03-06 07:06:05.000
933,Miss Hannah Klein,ble@example.com,Coimbatore,Tamil Nadu,2026-05-10 13:50:40.000
934,Kelly Robinson,matthewsanchez@example.net,Chennai,Kerala,2025-05-14 02:49:17.000
935,Jason Scott,rjohnson@example.org,Bengaluru,Maharashtra,2025-12-04 00:39:43.000
936,Linda Howard,angela30@example.com,Delhi,Delhi,2025-03-16 01:40:24.000
937,Kayla Martinez,leeheather@example.net,Chennai,Karnataka,2025-06-14 05:05:58.000
938,Amanda Rios,shall@example.org,Coimbatore,Telangana,2025-02-06 03:58:40.000
939,Kristina Leon,christopher66@example.org,Bengaluru,Kerala,2025-08-06 18:31:54.000
940,Zachary Guerrero,jennifer40@example.org,Chennai,Karnataka,2025-09-02 06:25:10.000
941,Tracy Jordan,paul59@example.org,Chennai,Karnataka,2026-04-01 23:08:46.000
942,Mrs. Maria Morrison,trevinoerica@example.com,Hyderabad,Kerala,2025-11-06 08:46:33.000
943,Darlene Weber,griffincarolyn@example.net,Bengaluru,Telangana,2025-05-07 04:17:31.000
944,Sierra Graves,debbie57@example.com,Mumbai,Delhi,2025-10-30 06:24:17.000
945,David Williams,matthewcollins@example.com,Delhi,Maharashtra,2026-08-10 21:34:39.000
946,Elaine Smith,nancytucker@example.net,Hyderabad,Kerala,2026-07-17 11:23:14.000
947,Brandon Gilbert,qbaker@example.com,Bengaluru,Delhi,2026-08-03 00:19:02.000
948,Morgan Morgan,brian55@example.org,Delhi,Tamil Nadu,2025-03-17 20:59:42.000
949,David Ibarra,susan08@example.net,Kochi,Karnataka,2025-03-01 01:04:58.000
950,David White,lawrenceamy@example.com,Delhi,Delhi,2026-08-21 07:18:15.000
951,Jeffrey Cisneros,palmeradam@example.org,Kochi,Telangana,2025-01-24 00:15:44.000
952,Craig Diaz,dawnhall@example.org,Pune,Maharashtra,2026-01-17 01:30:40.000
953,Tamara King,lmeyer@example.org,Mumbai,Telangana,2026-03-06 13:22:13.000
954,Monica Ramirez,medinamark@example.net,Kochi,Maharashtra,2025-05-25 06:24:15.000
955,Teresa Knight,riddledavid@example.org,Kochi,Tamil Nadu,2026-08-23 18:14:37.000
956,Rachel King,patrick50@example.net,Pune,Karnataka,2026-07-08 21:18:23.000
957,Courtney Smith,pjames@example.net,Bengaluru,Tamil Nadu,2025-07-28 03:21:38.000
958,Randall Harding,trevor18@example.net,Hyderabad,Maharashtra,2026-07-07 18:37:25.000
959,Brandi Collins,samuelevans@example.com,Hyderabad,Kerala,2025-10-30 15:04:48.000
960,Kyle Malone,ronaldgarcia@example.org,Delhi,Telangana,2025-03-24 18:15:11.000
961,Timothy Lowe,billy84@example.com,Bengaluru,Tamil Nadu,2025-08-28 10:31:18.000
962,Kevin Mckinney,jhebert@example.net,Coimbatore,Telangana,2026-08-15 08:31:38.000
963,Loretta Davis,raven12@example.net,Pune,Tamil Nadu,2025-04-13 22:06:34.000
964,Tracy Scott,rodriguezkristen@example.org,Bengaluru,Karnataka,2025-12-01 18:02:25.000
965,George Sanders,kristenclark@example.com,Coimbatore,Delhi,2026-03-07 21:06:11.000
966,William Moore,oliviacarpenter@example.com,Kochi,Tamil Nadu,2025-01-21 09:33:26.000
967,Richard Bishop,ginanelson@example.org,Bengaluru,Telangana,2026-03-07 11:24:21.000
968,Christopher Sanchez,crossross@example.net,Bengaluru,Delhi,2026-04-10 12:20:39.000
969,Latasha Williamson,rlewis@example.net,Delhi,Maharashtra,2025-01-10 14:02:44.000
970,Jon White,andreamorris@example.com,Pune,Maharashtra,2025-10-29 05:06:27.000
971,Duane Norris,christinaperez@example.org,Bengaluru,Kerala,2026-03-11 14:31:01.000
972,Austin Rhodes,zachary92@example.org,Mumbai,Delhi,2026-02-09 18:05:33.000
973,Adrienne Brown,nmartin@example.net,Hyderabad,Kerala,2025-10-23 17:21:33.000
974,Patrick Kidd,james21@example.net,Hyderabad,Karnataka,2025-07-28 21:00:46.000
975,Andrew Cruz,qlynch@example.com,Pune,Telangana,2026-01-19 00:29:47.000
976,Cory Barrett,danielcochran@example.com,Hyderabad,Tamil Nadu,2025-05-10 20:58:18.000
977,Clifford Wilson,gerald79@example.com,Kochi,Telangana,2025-11-24 01:54:59.000
978,Lisa Powers,andrewthompson@example.org,Pune,Maharashtra,2026-08-31 21:57:48.000
979,Shaun Cooper,beardwanda@example.net,Bengaluru,Telangana,2025-07-15 12:01:23.000
980,Hannah Miller,harriskimberly@example.com,Mumbai,Kerala,2026-05-01 11:28:20.000
981,Bonnie Marshall,mcdonaldkathryn@example.org,Coimbatore,Delhi,2026-04-24 23:32:22.000
982,Elizabeth Richardson,ashleymyers@example.net,Mumbai,Maharashtra,2025-03-25 02:06:34.000
983,Christopher Garner,edwardcase@example.org,Hyderabad,Telangana,2025-01-06 06:09:10.000
984,Megan Poole,qleblanc@example.org,Kochi,Telangana,2026-04-27 17:13:13.000
985,George Hamilton,russell42@example.org,Kochi,Telangana,2025-12-08 22:21:00.000
986,Lauren Rhodes,wgray@example.com,Delhi,Maharashtra,2026-05-21 16:12:23.000
987,Mark Acevedo,barrerakatie@example.com,Hyderabad,Telangana,2025-09-07 01:37:54.000
988,Glenn Page,pmcintyre@example.org,Mumbai,Maharashtra,2025-09-02 00:48:03.000
989,Noah Turner,nmurillo@example.org,Hyderabad,Maharashtra,2025-09-05 21:09:26.000
990,Patricia English,wendyholder@example.org,Pune,Kerala,2026-06-24 18:57:06.000
991,William Lewis,desireelove@example.net,Coimbatore,Delhi,2026-08-31 09:03:31.000
992,Diana Perry,lori68@example.net,Mumbai,Telangana,2025-10-20 02:10:44.000
993,John Gibson,mary19@example.org,Pune,Maharashtra,2025-10-11 12:22:58.000
994,Kelsey Bright,kenneth53@example.org,Bengaluru,Delhi,2025-06-05 04:32:34.000
995,Jeff Patel,aaronwashington@example.com,Hyderabad,Kerala,2026-08-20 05:26:05.000
996,Kimberly Edwards,paula73@example.net,Chennai,Kerala,2025-12-25 13:15:42.000
997,Robert Fowler,annebailey@example.com,Mumbai,Maharashtra,2025-08-15 06:48:26.000
998,Melissa Bradley,vevans@example.org,Bengaluru,Maharashtra,2026-06-07 17:12:45.000
999,Douglas Bailey,uhenderson@example.net,Coimbatore,Karnataka,2026-05-07 22:14:22.000
1000,Michelle Wilson,samanthamarshall@example.org,Pune,Karnataka,2025-07-16 06:19:40.000
1001,John Lewis,chavezjessica@example.com,Hyderabad,Kerala,2025-11-25 15:40:36.000
1002,Richard Richardson,perezdawn@example.com,Kochi,Tamil Nadu,2025-12-15 19:12:37.000
1003,Scott Guzman,erinochoa@example.org,Coimbatore,Delhi,2025-11-08 07:32:54.000
1004,Tammy Frederick,mccartygary@example.org,Kochi,Delhi,2025-01-29 13:21:08.000
1005,Elizabeth Orr,daniellesalinas@example.org,Delhi,Kerala,2026-02-22 00:39:10.000
1006,John Patel,deborah46@example.com,Bengaluru,Tamil Nadu,2026-08-21 06:20:32.000
1007,Patrick Fritz,jennifer61@example.com,Mumbai,Kerala,2026-06-01 06:47:31.000
1008,Darlene Macdonald,rmitchell@example.org,Delhi,Karnataka,2026-05-18 12:57:04.000
1009,Alexandra Barnes,patrickvincent@example.com,Chennai,Delhi,2026-05-17 00:15:11.000
1010,Samantha Holmes,zacharyhardin@example.net,Kochi,Telangana,2025-12-01 08:16:22.000
1011,Grace Bradley,hillbruce@example.org,Bengaluru,Tamil Nadu,2025-03-18 14:09:34.000
1012,Joseph Ochoa,clarkanna@example.net,Pune,Karnataka,2026-02-01 15:41:42.000
1013,Isaac Juarez,willieobrien@example.com,Mumbai,Maharashtra,2025-10-18 14:05:39.000
1014,Carla Davidson,oruiz@example.net,Kochi,Maharashtra,2026-08-23 21:30:09.000
1015,Chris Hernandez,elopez@example.org,Hyderabad,Telangana,2025-01-20 01:52:51.000
1016,Tracy Golden,michael40@example.com,Coimbatore,Tamil Nadu,2025-08-18 11:15:20.000
1017,Bryan Bennett,julia15@example.org,Kochi,Tamil Nadu,2025-04-01 03:41:21.000
1018,Barbara Owens,eric44@example.org,Hyderabad,Telangana,2025-08-31 06:03:26.000
1019,Eric Mccoy,kevin14@example.org,Delhi,Maharashtra,2025-06-10 16:17:11.000
1020,Sarah Delgado,lross@example.net,Coimbatore,Telangana,2026-01-05 20:18:46.000
1021,Jon Martinez,ysmith@example.com,Bengaluru,Maharashtra,2026-07-15 18:56:33.000
1022,Gregory Hall,apruitt@example.org,Coimbatore,Telangana,2025-02-22 04:13:13.000
1023,Steven Pena,lisa98@example.com,Pune,Tamil Nadu,2026-07-07 01:52:50.000
1024,Patricia Obrien,benjamin69@example.net,Bengaluru,Tamil Nadu,2025-09-24 11:26:11.000
1025,Cristian Farmer,qescobar@example.net,Bengaluru,Kerala,2025-05-08 15:46:56.000
1026,Terry Myers,hendersonjose@example.com,Mumbai,Delhi,2025-05-16 12:02:38.000
1027,Samuel Nguyen,jessica14@example.org,Hyderabad,Telangana,2026-03-11 20:20:27.000
1028,Todd Kennedy,michael79@example.com,Kochi,Maharashtra,2025-06-30 02:06:02.000
1029,Angela Ochoa MD,slewis@example.net,Kochi,Kerala,2025-05-24 06:25:49.000
1030,Jamie Goodman,usimpson@example.org,Hyderabad,Kerala,2026-05-26 13:06:27.000
1031,Jennifer Ayers,icampbell@example.com,Kochi,Maharashtra,2025-01-23 16:11:00.000
1032,Robert Brown,cameroncook@example.net,Mumbai,Maharashtra,2026-04-05 23:28:01.000
1033,Jasmine Daniels,pamela98@example.com,Kochi,Maharashtra,2025-01-04 10:57:17.000
1034,Ricardo Howard,popeisaiah@example.org,Mumbai,Karnataka,2025-08-05 04:43:25.000
1035,Troy Jackson,annette24@example.net,Bengaluru,Delhi,2025-03-21 00:47:44.000
1036,Hannah Bradley,harrisandrew@example.com,Hyderabad,Telangana,2025-09-11 04:47:57.000
1037,Natalie Rosales,miguel37@example.com,Mumbai,Maharashtra,2025-03-30 12:16:28.000
1038,Jeff English,nhernandez@example.net,Pune,Kerala,2026-01-16 04:38:33.000
1039,Jeremiah Osborne,ocamacho@example.net,Delhi,Delhi,2025-10-29 20:45:39.000
1040,Chris Peterson,laura03@example.org,Kochi,Delhi,2025-03-30 17:26:24.000
1041,Eugene Lee,zburns@example.com,Delhi,Telangana,2025-12-22 15:08:23.000
1042,Victoria Harrison,griffintroy@example.org,Hyderabad,Kerala,2026-07-03 08:34:36.000
1043,Angela Robbins,kim41@example.net,Pune,Delhi,2026-04-04 09:32:08.000
1044,Jordan Hahn,torressean@example.net,Bengaluru,Kerala,2025-04-15 00:58:02.000
1045,Keith Trevino DVM,tara28@example.org,Delhi,Tamil Nadu,2025-07-05 07:19:04.000
1046,Kristin Flores,amandasimmons@example.com,Pune,Tamil Nadu,2025-05-23 04:11:49.000
1047,Nicholas Maxwell,thomasdillon@example.com,Delhi,Kerala,2025-04-20 19:06:51.000
1048,James Bradley,jeffreynelson@example.org,Kochi,Maharashtra,2026-04-09 06:10:59.000
1049,John Phillips,ashleywilliams@example.com,Hyderabad,Delhi,2025-10-26 00:52:19.000
1050,Kathleen Howard,summerwhite@example.net,Kochi,Karnataka,2026-01-14 00:11:25.000
1051,Margaret Hawkins,larsenemily@example.net,Hyderabad,Delhi,2025-05-10 14:35:55.000
1052,George Baker,christinewatts@example.net,Coimbatore,Telangana,2025-04-19 23:19:01.000
1053,Steven Pierce,ereed@example.org,Hyderabad,Telangana,2025-12-17 07:16:02.000
1054,Jamie Kelly,valeriemitchell@example.com,Chennai,Telangana,2025-01-08 10:38:53.000
1055,Brenda Turner,ucampbell@example.com,Coimbatore,Karnataka,2025-06-01 13:27:31.000
1056,Aaron Williams,charleskennedy@example.com,Kochi,Delhi,2026-01-28 14:02:51.000
1057,Maria Burnett,joe80@example.com,Coimbatore,Maharashtra,2026-06-16 19:40:15.000
1058,Paul Smith,njohnson@example.org,Coimbatore,Maharashtra,2026-07-06 14:00:47.000
1059,Gavin Harrison,wilsonlinda@example.net,Coimbatore,Maharashtra,2025-05-10 21:49:51.000
1060,Ricky Elliott,christinecarlson@example.net,Bengaluru,Delhi,2025-01-24 23:17:06.000
1061,Jamie Williamson,cynthia24@example.net,Mumbai,Telangana,2025-01-26 09:28:50.000
1062,David King,savagematthew@example.com,Pune,Karnataka,2026-02-22 13:45:03.000
1063,Jacqueline Gates,madisoncunningham@example.com,Pune,Karnataka,2026-08-30 10:03:07.000
1064,Nathan Lowery,isimmons@example.com,Coimbatore,Delhi,2026-07-31 17:32:36.000
1065,Lauren Sanchez,keithwise@example.org,Coimbatore,Delhi,2026-02-01 18:06:49.000
1066,William Jones,michaelvasquez@example.org,Bengaluru,Delhi,2025-03-30 16:57:58.000
1067,Rebekah Bryant,zortiz@example.net,Pune,Delhi,2025-10-12 22:47:56.000
1068,Kara Fisher,nathanrichardson@example.org,Chennai,Kerala,2025-12-09 19:40:09.000
1069,Audrey Garrett,carlosthomas@example.com,Mumbai,Maharashtra,2025-03-21 13:10:50.000
1070,Penny Moore,janet91@example.org,Mumbai,Telangana,2025-01-26 00:49:05.000
1071,Rachel Moreno,michael73@example.net,Coimbatore,Telangana,2025-09-28 17:56:44.000
1072,Ashley Rodgers,michael97@example.com,Bengaluru,Maharashtra,2025-04-02 04:14:02.000
1073,Christy Smith,guzmanmitchell@example.org,Mumbai,Karnataka,2026-07-27 22:06:09.000
1074,Christopher Gordon,figueroajames@example.com,Delhi,Kerala,2026-04-20 00:06:16.000
1075,Adam Williams,gabrielle66@example.org,Kochi,Karnataka,2026-04-24 13:53:27.000
1076,Sheila Davis,tsmith@example.org,Hyderabad,Karnataka,2025-06-10 17:41:30.000
1077,Veronica Martinez,crystal70@example.org,Chennai,Delhi,2025-09-30 11:40:28.000
1078,Ashley Herrera,hessmark@example.net,Pune,Delhi,2026-02-23 11:22:25.000
1079,Kenneth Garcia,danielsmark@example.net,Hyderabad,Telangana,2026-07-01 20:30:48.000
1080,Christopher English,sethwallace@example.net,Pune,Telangana,2026-03-21 20:33:54.000
1081,Joseph Hernandez,lisa82@example.net,Pune,Delhi,2026-06-12 15:03:25.000
1082,Maria Mason,steven89@example.net,Bengaluru,Karnataka,2026-08-06 14:46:05.000
1083,Diana Sanders,billywashington@example.com,Kochi,Tamil Nadu,2025-08-04 09:41:07.000
1084,Elizabeth Rivera,rebecca32@example.org,Hyderabad,Kerala,2025-04-14 01:32:12.000
1085,Ethan Bailey,mdavis@example.org,Mumbai,Karnataka,2026-07-07 13:21:40.000
1086,Gene Carroll,leahmoore@example.net,Delhi,Karnataka,2026-08-15 10:53:47.000
1087,Cory Rodriguez,hicksshannon@example.com,Kochi,Maharashtra,2025-04-21 10:16:16.000
1088,Melanie Berry,jonesmichele@example.org,Pune,Kerala,2025-11-18 17:42:55.000
1089,Melissa Rodriguez MD,frank92@example.org,Kochi,Maharashtra,2025-02-28 15:43:31.000
1090,Brittany House DDS,award@example.net,Bengaluru,Maharashtra,2026-02-05 11:43:54.000
1091,Mr. Keith Edwards,cheryl21@example.com,Pune,Kerala,2025-10-14 15:59:07.000
1092,Tara Gray,victoria40@example.com,Coimbatore,Maharashtra,2025-09-12 05:06:51.000
1093,Sarah Ball,xmiddleton@example.org,Chennai,Kerala,2025-03-14 08:17:10.000
1094,Kevin Mathews,david63@example.org,Coimbatore,Kerala,2026-05-31 20:32:17.000
1095,Bryce Friedman,robinsonjessica@example.com,Delhi,Tamil Nadu,2026-02-20 02:23:38.000
1096,Katherine Phillips,kimberlycastro@example.net,Kochi,Karnataka,2025-11-30 17:07:40.000
1097,Sarah Wallace,kelly30@example.org,Mumbai,Maharashtra,2025-07-28 13:53:22.000
1098,Peter Coleman,cassandraclark@example.com,Delhi,Telangana,2025-09-20 08:12:44.000
1099,Paige Schwartz,kimberlylee@example.com,Hyderabad,Delhi,2026-01-12 23:21:15.000
1100,Kelly King,fordglenn@example.net,Delhi,Kerala,2026-08-16 01:26:41.000
1101,Sarah Harris,caseyashley@example.net,Chennai,Tamil Nadu,2025-03-19 08:12:27.000
1102,Carlos Henderson,watersdonna@example.org,Coimbatore,Tamil Nadu,2025-04-07 11:56:55.000
1103,Tyler Murray,parksdavid@example.net,Hyderabad,Maharashtra,2025-12-21 14:06:53.000
1104,Christopher Conner,usmall@example.com,Chennai,Maharashtra,2025-06-07 03:29:04.000
1105,Jennifer Wilkins,gregorynelson@example.net,Hyderabad,Kerala,2025-08-23 11:10:51.000
1106,Amy Trevino,zhoffman@example.net,Hyderabad,Telangana,2025-03-14 11:59:00.000
1107,Michael Lyons,tgriffith@example.org,Delhi,Telangana,2025-03-06 00:25:48.000
1108,Patrick Foley,vzhang@example.net,Delhi,Kerala,2026-05-20 00:34:54.000
1109,Donna Lopez,suzanne29@example.org,Hyderabad,Tamil Nadu,2025-11-04 20:20:32.000
1110,Grant Bright,williejohnson@example.com,Pune,Kerala,2026-06-28 06:31:55.000
1111,Michelle Russell,pparsons@example.org,Mumbai,Maharashtra,2026-05-25 03:07:49.000
1112,Kristina Hall,nhickman@example.com,Bengaluru,Kerala,2025-03-15 22:21:08.000
1113,Tony Jarvis,pam35@example.com,Chennai,Karnataka,2026-01-06 08:19:16.000
1114,Judith Rhodes,jasonprice@example.net,Bengaluru,Karnataka,2026-04-07 02:59:16.000
1115,Robert James,crystal64@example.com,Mumbai,Delhi,2026-06-13 03:47:48.000
1116,Shawn Jones,martinezaaron@example.org,Coimbatore,Tamil Nadu,2025-01-07 06:17:49.000
1117,Elizabeth Williams MD,gblair@example.com,Delhi,Tamil Nadu,2025-11-25 00:30:08.000
1118,Andrew Morgan,chelsea02@example.org,Hyderabad,Maharashtra,2025-02-25 00:20:07.000
1119,Sandra Herrera,destiny20@example.com,Mumbai,Maharashtra,2025-03-11 09:15:07.000
1120,Mark Crawford,rachelhouse@example.com,Bengaluru,Tamil Nadu,2025-09-01 09:17:41.000
1121,Donna Weber,bishopmark@example.com,Delhi,Telangana,2025-04-17 12:16:31.000
1122,Heather Jones,michael82@example.org,Kochi,Karnataka,2026-05-14 07:50:46.000
1123,Tammy Davidson,lwiley@example.net,Hyderabad,Tamil Nadu,2026-02-17 01:23:27.000
1124,Karen Williams,penny42@example.net,Chennai,Delhi,2026-05-20 21:15:18.000
1125,Derek Gordon,millsstephen@example.net,Hyderabad,Maharashtra,2025-09-30 18:36:48.000
1126,Garrett Miranda,tporter@example.org,Mumbai,Kerala,2026-08-05 04:44:31.000
1127,Tara Macias,ccraig@example.net,Hyderabad,Maharashtra,2026-04-24 12:29:21.000
1128,Albert Garcia,makaylachoi@example.net,Coimbatore,Karnataka,2025-03-09 07:58:55.000
1129,Ryan Irwin,pmorse@example.org,Bengaluru,Karnataka,2026-08-08 10:36:12.000
1130,Mackenzie Brown,christopherbecker@example.org,Bengaluru,Delhi,2026-07-22 00:21:24.000
1131,Randall Brown,patricianeal@example.net,Kochi,Telangana,2025-11-30 12:23:10.000
1132,Destiny Nguyen,codyrichardson@example.org,Delhi,Karnataka,2025-07-12 11:04:22.000
1133,Joshua Best,hendersonangela@example.net,Pune,Kerala,2025-03-07 10:30:35.000
1134,Mallory Floyd,joannemann@example.org,Mumbai,Delhi,2026-04-12 19:26:04.000
1135,Heather Rhodes,cherrymark@example.com,Pune,Kerala,2025-01-21 20:02:35.000
1136,Phillip Hansen,smoreno@example.net,Pune,Karnataka,2026-02-07 03:32:35.000
1137,Donna Butler,christopher59@example.com,Mumbai,Kerala,2025-11-01 06:46:05.000
1138,Jerry Davis,owensjamie@example.org,Pune,Kerala,2025-02-12 09:14:32.000
1139,Jaime Murray,johntorres@example.com,Mumbai,Maharashtra,2025-10-27 17:25:42.000
1140,Erin Anderson,perkinspeggy@example.org,Bengaluru,Karnataka,2026-01-24 00:53:36.000
1141,Theresa Sellers,wtucker@example.com,Bengaluru,Delhi,2025-01-10 08:56:43.000
1142,Angel Camacho,eshields@example.org,Delhi,Telangana,2025-04-13 12:20:21.000
1143,Mrs. Kathleen Foster MD,scotthill@example.org,Kochi,Delhi,2025-11-23 21:27:53.000
1144,Andrew Vaughn,serranomathew@example.com,Delhi,Delhi,2026-06-15 10:57:45.000
1145,Aaron Smith,michael26@example.net,Hyderabad,Maharashtra,2026-08-22 08:40:57.000
1146,Julie Wagner,qdavenport@example.net,Bengaluru,Tamil Nadu,2026-04-02 05:14:57.000
1147,Randy Collins,kristi67@example.org,Bengaluru,Tamil Nadu,2025-07-23 15:29:16.000
1148,Nicholas Price,christy25@example.net,Mumbai,Tamil Nadu,2025-02-16 23:13:16.000
1149,Julie Herring,weberelizabeth@example.org,Kochi,Delhi,2025-08-11 12:31:10.000
1150,Jennifer Montgomery,asharp@example.net,Kochi,Maharashtra,2026-06-30 02:41:54.000
1151,Norma Reynolds,jacquelinefields@example.com,Kochi,Tamil Nadu,2026-05-13 12:28:49.000
1152,Steven Armstrong,markmontgomery@example.com,Hyderabad,Telangana,2025-03-06 22:21:44.000
1153,Kim Richardson,vmejia@example.org,Pune,Tamil Nadu,2026-02-02 03:24:37.000
1154,Hunter Banks,mark16@example.com,Mumbai,Karnataka,2026-02-21 15:02:15.000
1155,Mrs. Laura Armstrong,lawsonbrian@example.com,Delhi,Maharashtra,2026-04-01 11:58:51.000
1156,Kathleen Hall,matthew22@example.com,Bengaluru,Telangana,2026-06-27 16:15:44.000
1157,Steven Harris,proberts@example.org,Kochi,Kerala,2025-07-05 08:31:24.000
1158,Claudia Nolan,margarethernandez@example.com,Chennai,Karnataka,2025-03-08 23:07:22.000
1159,Ian Sampson,ronald35@example.org,Kochi,Tamil Nadu,2025-12-19 03:27:49.000
1160,Andrea Davis,ballen@example.org,Chennai,Telangana,2026-06-02 08:37:23.000
1161,Robert Atkins,joseph26@example.com,Hyderabad,Tamil Nadu,2025-01-10 20:05:31.000
1162,Angela Henson,harmonmarcus@example.net,Hyderabad,Kerala,2025-01-09 19:35:26.000
1163,Aaron Lowery,davidmartin@example.net,Hyderabad,Maharashtra,2025-09-27 07:03:07.000
1164,Noah Watts,xallison@example.com,Pune,Karnataka,2025-10-16 20:08:55.000
1165,Emily Coffey,jkelley@example.org,Hyderabad,Kerala,2026-08-30 17:12:22.000
1166,Steven Green,tyler04@example.com,Pune,Kerala,2025-04-02 16:44:12.000
1167,John Luna,gjackson@example.org,Chennai,Telangana,2025-11-30 11:11:24.000
1168,Michael Johnson,jodigonzalez@example.com,Pune,Delhi,2025-02-19 14:39:36.000
1169,Shirley Marquez,hgeorge@example.net,Pune,Kerala,2026-03-24 21:33:58.000
1170,Patrick Spencer,lisa53@example.net,Bengaluru,Maharashtra,2025-12-20 13:30:05.000
1171,Shawn Robles,smithsharon@example.org,Delhi,Tamil Nadu,2026-01-24 01:24:19.000
1172,Kelly Swanson,lisa83@example.com,Hyderabad,Telangana,2025-05-03 04:28:14.000
1173,Kyle Boone,richard63@example.net,Pune,Tamil Nadu,2026-03-22 18:30:02.000
1174,Nicholas Hunter,ramireztiffany@example.org,Bengaluru,Karnataka,2026-07-30 09:08:21.000
1175,David Ho,murphybeverly@example.net,Chennai,Tamil Nadu,2025-01-10 13:03:58.000
1176,Zachary Mason,joseph79@example.net,Mumbai,Tamil Nadu,2026-01-02 10:19:45.000
1177,Marcus Castro,brian72@example.net,Delhi,Maharashtra,2025-04-27 13:46:51.000
1178,Lori Clarke,kphillips@example.net,Hyderabad,Tamil Nadu,2026-03-06 10:08:47.000
1179,Emily Santiago,robertsonclaudia@example.net,Kochi,Karnataka,2025-09-07 22:49:27.000
1180,Paul Baker,emack@example.org,Mumbai,Maharashtra,2026-07-14 11:08:24.000
1181,Teresa Walker,jenniferrhodes@example.net,Delhi,Telangana,2025-03-02 11:55:12.000
1182,Michael Nelson,heatherbonilla@example.com,Delhi,Tamil Nadu,2026-01-25 22:43:17.000
1183,Karen Sullivan,deannabrown@example.net,Chennai,Karnataka,2025-06-23 08:28:15.000
1184,Rachel Rodriguez,lewisalison@example.com,Chennai,Maharashtra,2025-02-23 12:52:54.000
1185,Jennifer Rodriguez,williamallen@example.com,Coimbatore,Telangana,2026-08-24 19:35:50.000
1186,Maria Davis,ubowman@example.com,Pune,Telangana,2025-03-09 02:20:34.000
1187,Amanda Booker,charlesmacdonald@example.org,Coimbatore,Tamil Nadu,2025-10-14 13:09:19.000
1188,Kristen Barrett,christophermccullough@example.net,Mumbai,Telangana,2026-03-14 22:07:09.000
1189,Joseph Harris,davidestrada@example.org,Pune,Kerala,2026-04-29 16:17:45.000
1190,Jason Kidd,ubrown@example.org,Mumbai,Maharashtra,2025-10-14 01:07:04.000
1191,Jessica Smith,natalieclark@example.org,Coimbatore,Karnataka,2026-07-23 22:06:22.000
1192,Mark Mckenzie,lopezbenjamin@example.com,Mumbai,Karnataka,2025-01-05 22:53:32.000
1193,Jeffrey Hebert,scottcarroll@example.com,Kochi,Tamil Nadu,2025-06-30 23:23:33.000
1194,Adam Hernandez,wolfekimberly@example.com,Delhi,Kerala,2026-06-23 15:02:46.000
1195,Andrew Austin,dana02@example.net,Chennai,Telangana,2025-01-02 03:15:15.000
1196,Brian Wilson,courtneybutler@example.com,Kochi,Kerala,2026-07-19 20:16:15.000
1197,Eric Vaughan,john60@example.com,Pune,Tamil Nadu,2025-06-09 09:06:01.000
1198,Linda Chaney,whunt@example.com,Mumbai,Maharashtra,2026-01-18 04:04:58.000
1199,James Horn,peter13@example.net,Chennai,Karnataka,2026-07-07 18:09:49.000
1200,Teresa Ruiz,georgetaylor@example.org,Pune,Tamil Nadu,2025-02-04 02:21:36.000
1201,Mr. Robert Barber,meganolson@example.org,Mumbai,Delhi,2025-11-17 19:56:12.000
1202,Joshua Davis,hillsamantha@example.net,Delhi,Maharashtra,2026-08-04 21:51:19.000
1203,Dylan Harris,mooretimothy@example.org,Bengaluru,Delhi,2025-03-16 05:41:04.000
1204,Clarence Whitehead,rodneywalton@example.org,Hyderabad,Kerala,2025-11-03 07:14:27.000
1205,Erin Smith,toddlyons@example.net,Bengaluru,Delhi,2026-03-18 00:56:44.000
1206,Alejandro Williams,tabitha29@example.org,Chennai,Maharashtra,2026-05-30 12:50:59.000
1207,Jennifer Juarez,evansshannon@example.net,Hyderabad,Karnataka,2025-08-15 13:14:06.000
1208,Mark Thompson,john79@example.com,Pune,Telangana,2025-11-02 05:10:07.000
1209,Andrew Moreno,gmerritt@example.com,Delhi,Telangana,2025-12-18 16:01:05.000
1210,Carla Mcmahon,jasongregory@example.com,Pune,Karnataka,2025-02-28 00:16:28.000
1211,Gregory Carter,jonathan33@example.net,Mumbai,Karnataka,2026-08-29 19:04:44.000
1212,Molly Finley,carrillorichard@example.com,Bengaluru,Karnataka,2025-03-24 01:36:11.000
1213,Amy Garrett,davidjones@example.org,Hyderabad,Maharashtra,2025-12-28 23:53:49.000
1214,Gina Smith,maryking@example.com,Delhi,Maharashtra,2025-04-04 18:41:45.000
1215,Joy Hall,herringpenny@example.net,Delhi,Karnataka,2025-12-18 00:20:41.000
1216,Timothy Blackwell,kelleyangela@example.net,Pune,Maharashtra,2025-07-25 20:06:20.000
1217,James Curtis,cookvictor@example.net,Bengaluru,Tamil Nadu,2025-05-03 10:09:48.000
1218,Vicki Miller,russellgonzalez@example.com,Pune,Kerala,2026-06-26 06:44:49.000
1219,William Carpenter,imaxwell@example.com,Chennai,Karnataka,2025-09-12 14:31:00.000
1220,Kevin Allen,pmiller@example.net,Hyderabad,Tamil Nadu,2026-07-07 08:56:05.000
1221,Derrick Mahoney,hessdouglas@example.net,Mumbai,Telangana,2025-11-04 18:31:55.000
1222,Joshua Todd,christiankatherine@example.com,Chennai,Kerala,2025-08-21 02:47:40.000
1223,Scott Camacho,rwright@example.org,Pune,Karnataka,2025-01-25 03:24:43.000
1224,Lori Cooper,acasey@example.org,Kochi,Maharashtra,2026-03-08 19:43:45.000
1225,Andrea Allison,dominiquewest@example.org,Mumbai,Tamil Nadu,2025-12-25 21:06:37.000
1226,Patricia Juarez,james42@example.org,Bengaluru,Karnataka,2025-04-05 08:03:10.000
1227,Ryan Williams,mariegreen@example.org,Chennai,Tamil Nadu,2026-08-30 14:08:57.000
1228,Kenneth Robinson,dorothy64@example.net,Mumbai,Karnataka,2025-06-03 21:28:02.000
1229,Daniel Barker,michaeltorres@example.org,Kochi,Telangana,2026-06-18 01:17:04.000
1230,Donna Richardson,iclark@example.net,Bengaluru,Delhi,2026-04-01 06:02:43.000
1231,Carmen Rodriguez,wjohnson@example.net,Pune,Tamil Nadu,2025-01-17 22:23:05.000
1232,Christopher Hawkins,kimberly02@example.net,Bengaluru,Karnataka,2026-05-17 18:04:06.000
1233,Lisa Maddox,julie40@example.net,Coimbatore,Karnataka,2025-03-13 10:36:21.000
1234,Sandra Hill,marvin11@example.net,Delhi,Tamil Nadu,2025-02-03 03:55:01.000
1235,Olivia Brown,rodneywyatt@example.net,Coimbatore,Tamil Nadu,2025-05-11 11:32:44.000
1236,Richard Heath,fgoodman@example.org,Kochi,Kerala,2025-11-03 19:18:33.000
1237,Marissa Mckay,lweber@example.net,Coimbatore,Tamil Nadu,2025-10-25 06:35:37.000
1238,Melanie Hunter,steven43@example.net,Kochi,Karnataka,2025-10-02 21:58:49.000
1239,Madeline Martin,jamesjones@example.com,Mumbai,Karnataka,2025-08-02 14:01:54.000
1240,Andrew Hernandez,bakerrebecca@example.com,Pune,Maharashtra,2025-04-26 10:41:25.000
1241,Adam Willis,amberwhite@example.net,Chennai,Delhi,2026-04-26 22:17:14.000
1242,Janet Aguilar,dmitchell@example.org,Mumbai,Kerala,2025-08-18 05:09:32.000
1243,Sandra Jackson,sallylane@example.com,Coimbatore,Maharashtra,2026-03-04 17:34:50.000
1244,Rodney Wilson,zingram@example.com,Coimbatore,Tamil Nadu,2025-03-10 03:14:53.000
1245,Russell Wells,frichmond@example.com,Pune,Maharashtra,2025-04-17 14:15:53.000
1246,Melinda Fox,dstewart@example.net,Kochi,Karnataka,2026-05-15 03:54:40.000
1247,Kayla Zamora,jesse41@example.net,Mumbai,Kerala,2026-02-27 06:29:42.000
1248,Deborah Garcia,davidgolden@example.com,Chennai,Maharashtra,2026-08-31 07:57:58.000
1249,Michael Hunt,beltranbrianna@example.org,Delhi,Maharashtra,2026-02-27 22:32:51.000
1250,Alicia Smith,kyle55@example.net,Coimbatore,Telangana,2026-03-16 08:30:03.000
1251,Bryan Schmidt,lori43@example.net,Delhi,Maharashtra,2025-07-30 01:17:11.000
1252,Raymond Reed,vlee@example.net,Hyderabad,Tamil Nadu,2025-09-05 16:18:31.000
1253,Derrick West,william89@example.org,Mumbai,Tamil Nadu,2026-08-28 17:00:19.000
1254,Jennifer Berg DDS,cwilliams@example.com,Pune,Tamil Nadu,2026-01-02 08:50:03.000
1255,Jessica Hill,qmartin@example.com,Delhi,Delhi,2025-06-30 19:00:01.000
1256,James Ramirez,jonathan87@example.org,Hyderabad,Tamil Nadu,2025-07-12 12:23:25.000
1257,Samantha Johnson,jeremiahreyes@example.com,Mumbai,Telangana,2026-02-19 12:41:40.000
1258,Matthew Dennis,fadams@example.com,Chennai,Karnataka,2026-03-24 03:40:43.000
1259,Sara Lewis,cynthianelson@example.org,Kochi,Telangana,2025-05-15 22:13:37.000
1260,Rachel Freeman,ywilson@example.com,Hyderabad,Karnataka,2026-04-06 05:21:51.000
1261,Karen James,irivera@example.com,Delhi,Kerala,2026-06-26 20:42:06.000
1262,Benjamin Hubbard,cdiaz@example.org,Delhi,Delhi,2025-01-22 21:48:30.000
1263,Mary Warren,ronald04@example.com,Delhi,Delhi,2026-03-14 18:23:11.000
1264,Jennifer Park,shepherdshane@example.org,Hyderabad,Delhi,2025-05-27 04:55:47.000
1265,Kyle Smith,creed@example.com,Coimbatore,Delhi,2025-08-29 01:10:00.000
1266,Hector Murray,fbates@example.com,Hyderabad,Maharashtra,2025-01-30 11:41:43.000
1267,David Villa,njackson@example.net,Bengaluru,Tamil Nadu,2025-06-30 16:24:49.000
1268,Jeffrey Young,cmorrison@example.com,Mumbai,Tamil Nadu,2026-02-13 21:42:41.000
1269,Malik Robinson,stephanie36@example.com,Coimbatore,Tamil Nadu,2025-09-15 15:58:11.000
1270,Maria Moyer,gonzalezamy@example.com,Mumbai,Karnataka,2025-09-22 16:12:32.000
1271,James Cochran,williamsjames@example.com,Hyderabad,Telangana,2025-02-16 06:12:13.000
1272,Hayley Lopez,owenschristopher@example.com,Chennai,Karnataka,2026-04-01 15:11:15.000
1273,Meagan Adams,alyssa89@example.com,Hyderabad,Tamil Nadu,2026-02-13 18:50:51.000
1274,Kaitlyn Smith,mgonzalez@example.org,Delhi,Tamil Nadu,2025-10-18 04:14:12.000
1275,Anthony Mitchell,zlewis@example.com,Kochi,Delhi,2025-03-20 11:22:34.000
1276,Samuel Sanders,millercarol@example.com,Delhi,Telangana,2025-09-08 13:45:34.000
1277,Christopher Murphy,moranedward@example.com,Hyderabad,Karnataka,2026-07-23 20:01:52.000
1278,Anna Walker,iwarren@example.org,Kochi,Kerala,2026-01-14 10:03:59.000
1279,Gail Powell,oneillbarbara@example.net,Delhi,Karnataka,2026-07-04 06:50:42.000
1280,Virginia Hood,walkermichelle@example.org,Delhi,Karnataka,2026-06-01 22:24:34.000
1281,Kristen Hall,brittanytaylor@example.org,Hyderabad,Maharashtra,2025-08-27 07:35:58.000
1282,Lydia Rodriguez,gbates@example.net,Pune,Karnataka,2025-05-19 00:43:21.000
1283,Andrew Holden,tammy75@example.net,Chennai,Kerala,2026-03-21 22:24:52.000
1284,Lindsey Thompson,fred04@example.net,Kochi,Delhi,2025-01-26 03:39:29.000
1285,Mr. Dustin Payne DDS,rita97@example.com,Hyderabad,Delhi,2025-09-05 03:59:35.000
1286,Carolyn Smith,linmariah@example.com,Mumbai,Kerala,2026-03-16 06:37:14.000
1287,Tiffany Davidson,lisaperez@example.com,Bengaluru,Maharashtra,2025-04-20 05:46:56.000
1288,Jeffery Carpenter,hansenscott@example.net,Delhi,Kerala,2025-03-02 10:25:15.000
1289,Melissa Rodriguez,tammyevans@example.net,Mumbai,Telangana,2025-09-06 04:15:35.000
1290,Victoria Berger,monicajohnson@example.net,Hyderabad,Kerala,2025-03-10 21:58:21.000
1291,Cindy Hall,peterjackson@example.net,Delhi,Maharashtra,2025-01-09 20:25:47.000
1292,Marcus Franklin,westchristina@example.net,Pune,Karnataka,2025-07-13 19:46:43.000
1293,Craig Lopez,donald36@example.com,Bengaluru,Telangana,2025-07-19 08:27:02.000
1294,Joseph Green,marytaylor@example.net,Bengaluru,Kerala,2025-01-01 23:52:57.000
1295,Kyle Shelton,xjohnson@example.net,Chennai,Maharashtra,2025-12-07 09:00:55.000
1296,Timothy Mcbride,ryanwilliams@example.com,Kochi,Karnataka,2025-11-18 13:52:35.000
1297,Michael Martinez,phoffman@example.com,Coimbatore,Maharashtra,2025-09-30 19:25:24.000
1298,Angela Weiss,lauradavis@example.net,Kochi,Tamil Nadu,2026-01-08 10:19:38.000
1299,Kevin Boone,christine26@example.org,Mumbai,Karnataka,2025-12-17 12:36:26.000
1300,Kristopher Young,dennismendoza@example.com,Bengaluru,Tamil Nadu,2025-08-18 01:29:42.000
1301,Amy Arias,michelleellison@example.com,Chennai,Telangana,2025-07-22 19:46:23.000
1302,Michelle Hernandez,pamela51@example.net,Bengaluru,Tamil Nadu,2025-09-23 11:46:00.000
1303,Erik Henson,melinda92@example.com,Hyderabad,Maharashtra,2025-05-05 23:28:37.000
1304,David Goodwin,riosbrittany@example.org,Bengaluru,Delhi,2025-03-14 07:35:49.000
1305,Christie Love,lstone@example.com,Delhi,Delhi,2026-04-22 15:10:00.000
1306,Joan Jones,evansjeffrey@example.org,Coimbatore,Kerala,2025-01-25 01:45:18.000
1307,Maureen Cruz,sara55@example.com,Kochi,Kerala,2025-05-09 03:46:14.000
1308,Randy Brown,parkerluis@example.org,Kochi,Karnataka,2025-02-11 14:21:05.000
1309,Carlos Rodriguez,nicholasacevedo@example.net,Bengaluru,Telangana,2025-06-09 15:44:18.000
1310,Devon Contreras,rodgersdaniel@example.com,Mumbai,Maharashtra,2026-06-26 12:41:18.000
1311,Miguel Garcia,kimberly20@example.com,Pune,Kerala,2025-08-07 15:58:13.000
1312,Michael Boyer,ksmith@example.com,Pune,Karnataka,2025-03-16 12:00:08.000
1313,Gregory Keller,amyharper@example.org,Chennai,Maharashtra,2026-03-21 02:33:42.000
1314,David Mcdonald,millercaroline@example.org,Coimbatore,Karnataka,2025-02-12 08:02:38.000
1315,Adam Reed,tim28@example.net,Delhi,Tamil Nadu,2025-11-29 03:09:10.000
1316,Brian Carlson,briannasmith@example.com,Bengaluru,Telangana,2026-05-30 04:57:05.000
1317,Curtis Brown,jasonkrueger@example.com,Coimbatore,Karnataka,2025-03-17 07:58:00.000
1318,Bradley Becker,grahammatthew@example.org,Chennai,Karnataka,2025-05-13 16:32:34.000
1319,Mary Powell,usullivan@example.com,Pune,Tamil Nadu,2026-01-03 19:59:48.000
1320,Taylor Arnold,sreed@example.com,Bengaluru,Telangana,2025-11-05 17:19:42.000
1321,Kimberly Bennett,johnsonsandy@example.com,Coimbatore,Maharashtra,2026-05-29 10:40:47.000
1322,Carrie Stone,parkeraustin@example.net,Pune,Tamil Nadu,2026-05-14 13:15:23.000
1323,Anthony Roberts,hernandezmonica@example.com,Kochi,Karnataka,2025-10-16 04:19:25.000
1324,Jasmine Harris,kramerkatie@example.net,Kochi,Telangana,2025-05-25 22:09:29.000
1325,Eric Sanchez,estesrobert@example.org,Coimbatore,Tamil Nadu,2025-07-24 12:11:33.000
1326,Jennifer Thompson,rrodriguez@example.net,Coimbatore,Maharashtra,2025-07-24 14:08:49.000
1327,Chelsea Watkins,zimmermanmichelle@example.com,Mumbai,Telangana,2026-03-15 06:19:07.000
1328,Michael Martin,linda69@example.net,Chennai,Karnataka,2026-08-08 06:40:45.000
1329,Gary Howard,nscott@example.org,Bengaluru,Tamil Nadu,2026-06-03 23:03:15.000
1330,Linda Harmon,anthonycollier@example.org,Delhi,Delhi,2025-11-18 13:16:13.000
1331,Matthew Mcdaniel,gnunez@example.org,Mumbai,Delhi,2025-02-17 08:49:09.000
1332,Candace Jacobs,qgonzalez@example.org,Kochi,Delhi,2025-11-22 03:52:02.000
1333,John Lynch,tiffanygeorge@example.org,Coimbatore,Delhi,2025-07-03 00:41:08.000
1334,Marcus Nunez,morgan80@example.org,Coimbatore,Telangana,2025-03-03 07:49:43.000
1335,Charles Chen,carol96@example.org,Kochi,Kerala,2025-01-27 23:23:09.000
1336,Benjamin Murray,eric19@example.org,Hyderabad,Tamil Nadu,2026-08-12 03:01:17.000
1337,Jacqueline Weber,adam05@example.net,Coimbatore,Karnataka,2025-05-10 20:10:38.000
1338,Gary Randolph,dking@example.org,Mumbai,Karnataka,2025-04-09 00:16:39.000
1339,Mike Harris,pcarter@example.com,Chennai,Maharashtra,2025-03-02 20:53:42.000
1340,Gwendolyn Lawrence,xedwards@example.com,Kochi,Karnataka,2026-05-03 04:20:38.000
1341,Mindy Morgan,camposcody@example.org,Hyderabad,Delhi,2025-07-20 07:21:00.000
1342,Dr. Ricardo Richardson Jr.,brandibutler@example.com,Delhi,Kerala,2025-02-22 01:11:36.000
1343,Amanda Clark,upayne@example.org,Bengaluru,Maharashtra,2026-03-09 03:22:49.000
1344,David Smith,harrisveronica@example.net,Kochi,Delhi,2025-09-11 07:26:39.000
1345,Donna Beard,mmoore@example.net,Pune,Delhi,2025-12-22 20:40:07.000
1346,Stephanie Munoz,ibell@example.org,Chennai,Kerala,2026-04-29 22:38:29.000
1347,Taylor Jordan,perkinscheryl@example.net,Kochi,Tamil Nadu,2025-11-18 21:45:58.000
1348,Trevor Johnson,stephanie31@example.net,Hyderabad,Karnataka,2026-03-17 02:04:34.000
1349,Elizabeth Wright,martin15@example.org,Bengaluru,Tamil Nadu,2026-03-14 01:11:07.000
1350,Cheryl Anderson,colleenmiller@example.net,Bengaluru,Telangana,2026-02-21 00:55:54.000
1351,Desiree Bauer,cpeterson@example.net,Delhi,Maharashtra,2025-07-25 03:51:49.000
1352,Jasmine Ingram,cindy61@example.org,Kochi,Kerala,2026-01-13 03:57:23.000
1353,Alex Keller,ryan61@example.com,Coimbatore,Tamil Nadu,2025-05-14 18:02:08.000
1354,Cindy Hernandez,xcolon@example.org,Pune,Maharashtra,2025-04-22 17:36:29.000
1355,Michael Lee,johnsonheather@example.com,Kochi,Tamil Nadu,2025-11-04 10:06:41.000
1356,Lori Glover,tammy11@example.net,Delhi,Kerala,2025-07-04 12:47:56.000
1357,Mr. Derrick Brown,pamelamiller@example.org,Chennai,Kerala,2026-01-05 02:42:32.000
1358,Laura Brown,wwarner@example.net,Pune,Telangana,2025-01-16 17:10:06.000
1359,Karen Wright,dyoung@example.com,Delhi,Telangana,2025-08-30 12:30:54.000
1360,Daniel Sanchez,michaelandrews@example.net,Pune,Maharashtra,2026-06-25 17:47:19.000
1361,Elizabeth Smith,vincentgonzales@example.org,Bengaluru,Karnataka,2025-04-15 09:07:39.000
1362,Jessica Jones,campbelljoel@example.com,Pune,Kerala,2025-12-11 04:10:49.000
1363,Mr. Antonio Lyons,vanessaellis@example.net,Delhi,Telangana,2026-07-21 01:48:20.000
1364,Nicholas Hurley,fdouglas@example.net,Kochi,Delhi,2026-05-17 10:00:50.000
1365,Bryan Krause,susan70@example.net,Bengaluru,Karnataka,2025-12-10 02:11:39.000
1366,Michael Barrett,stanleytony@example.org,Mumbai,Maharashtra,2026-07-30 12:12:43.000
1367,Rachel Howe,kellyrogers@example.net,Coimbatore,Delhi,2025-10-18 10:11:29.000
1368,Joshua Rice,wvaughan@example.net,Chennai,Delhi,2025-05-04 11:27:40.000
1369,Rebecca Johnson,vtaylor@example.com,Bengaluru,Telangana,2026-07-06 03:19:56.000
1370,Bradley Austin,williamsanthony@example.com,Kochi,Karnataka,2026-08-30 05:52:50.000
1371,Angela Goodwin,twilson@example.com,Chennai,Karnataka,2025-05-30 17:22:15.000
1372,Scott Jensen,nharrell@example.org,Mumbai,Tamil Nadu,2025-07-13 18:50:08.000
1373,Brian Mcdonald,franciscophillips@example.net,Chennai,Maharashtra,2025-02-09 06:29:35.000
1374,Mrs. Amanda Contreras PhD,john98@example.com,Delhi,Kerala,2025-06-04 15:40:30.000
1375,Vanessa Lopez,leonardamber@example.com,Pune,Telangana,2025-12-27 13:39:33.000
1376,Scott Owens,holtmichael@example.com,Kochi,Kerala,2025-04-07 05:09:26.000
1377,Benjamin Stevens,ericnash@example.org,Chennai,Karnataka,2025-10-17 07:17:01.000
1378,Anthony Gomez,martinezdouglas@example.com,Coimbatore,Delhi,2025-12-13 11:58:14.000
1379,Sarah Williams,zrichard@example.org,Hyderabad,Maharashtra,2026-04-01 20:14:26.000
1380,Vanessa Parker,daniellejohnson@example.com,Delhi,Telangana,2025-05-08 00:06:52.000
1381,Jason Brown,bridgesjennifer@example.com,Pune,Kerala,2026-06-20 01:06:17.000
1382,Jennifer Diaz,matthew45@example.org,Bengaluru,Telangana,2025-01-22 07:42:51.000
1383,Juan Knight,pachecoholly@example.net,Kochi,Tamil Nadu,2025-05-07 12:48:50.000
1384,Amber Martin,denise56@example.org,Mumbai,Karnataka,2026-05-18 20:02:09.000
1385,Alexis Bartlett,hensontonya@example.net,Mumbai,Kerala,2025-06-10 13:44:41.000
1386,Ryan Merritt,kimberlywebb@example.net,Pune,Kerala,2025-11-15 01:46:02.000
1387,Danielle Grant,rsuarez@example.org,Chennai,Kerala,2025-01-07 21:52:13.000
1388,Gregory Green,amy99@example.com,Coimbatore,Karnataka,2026-05-18 19:52:49.000
1389,Charles Mccarty,daniel11@example.org,Hyderabad,Delhi,2025-01-07 13:46:31.000
1390,Amy Armstrong,kristina08@example.com,Mumbai,Telangana,2026-04-18 12:21:06.000
1391,William Hansen,antonio14@example.org,Pune,Kerala,2026-07-05 23:34:53.000
1392,William Luna,jeremy26@example.com,Pune,Maharashtra,2025-10-20 10:00:39.000
1393,Casey Oconnor,hsmith@example.net,Delhi,Maharashtra,2025-07-15 17:35:47.000
1394,Thomas Valdez,cameron35@example.com,Mumbai,Maharashtra,2025-08-23 16:23:33.000
1395,Lisa Bryant,jonespatricia@example.org,Kochi,Delhi,2025-03-21 11:14:09.000
1396,Gary Martin,gnoble@example.org,Chennai,Delhi,2026-05-30 11:12:01.000
1397,Dr. Linda Klein,christophermcgee@example.net,Delhi,Delhi,2026-05-18 19:19:54.000
1398,Elizabeth Mcdonald,randymeyer@example.org,Pune,Telangana,2026-06-16 14:23:08.000
1399,Joseph Mays,psmith@example.com,Bengaluru,Maharashtra,2025-02-19 14:00:32.000
1400,Jennifer Jones,jeremyharris@example.com,Delhi,Telangana,2026-05-13 13:33:05.000
1401,Michael Green,hooperfernando@example.com,Delhi,Telangana,2025-07-22 20:07:52.000
1402,Aaron Perez,timothyjones@example.com,Pune,Karnataka,2025-04-27 10:53:04.000
1403,Maria Allen,andrewhall@example.net,Mumbai,Tamil Nadu,2026-04-12 01:25:53.000
1404,Amy Burns MD,tammydavenport@example.com,Kochi,Kerala,2025-09-06 05:30:35.000
1405,Danielle Horton,thomas82@example.com,Hyderabad,Kerala,2025-01-20 18:31:14.000
1406,Elizabeth Norman,tpeterson@example.com,Coimbatore,Telangana,2025-07-21 12:03:22.000
1407,Laura Walton,joelbanks@example.org,Kochi,Maharashtra,2025-10-29 13:58:08.000
1408,Ashley Moss,laura66@example.net,Chennai,Delhi,2026-07-04 23:21:43.000
1409,Devon Peterson,boydjasmine@example.net,Mumbai,Telangana,2026-07-19 07:52:16.000
1410,Janet Calhoun,tracy70@example.net,Mumbai,Kerala,2026-02-20 06:19:14.000
1411,Julie Martinez,juliejohnson@example.net,Coimbatore,Kerala,2025-10-06 10:52:15.000
1412,Darren Booker,jweiss@example.org,Pune,Karnataka,2026-05-26 18:49:34.000
1413,Rita Krueger,crosbyjames@example.org,Hyderabad,Telangana,2025-03-17 19:27:10.000
1414,Colleen Shah,lisamckenzie@example.org,Coimbatore,Karnataka,2026-07-30 11:43:45.000
1415,Derrick Carrillo,mooremichael@example.net,Pune,Kerala,2026-03-11 05:06:19.000
1416,Mrs. Jennifer Erickson,smithjamie@example.com,Hyderabad,Kerala,2025-09-18 16:38:33.000
1417,Jordan Moon,wrightmakayla@example.net,Bengaluru,Karnataka,2025-10-03 22:57:45.000
1418,Patricia Neal MD,fhill@example.org,Mumbai,Kerala,2025-08-27 12:29:03.000
1419,Hunter Martinez,smaxwell@example.org,Kochi,Telangana,2025-10-16 16:39:45.000
1420,Veronica Foster,anna15@example.org,Pune,Delhi,2025-08-17 09:30:36.000
1421,Catherine Craig,myersbryce@example.net,Coimbatore,Tamil Nadu,2026-01-01 11:26:14.000
1422,Jamie Ward,david83@example.com,Chennai,Kerala,2026-03-30 06:37:09.000
1423,John Hernandez,stephen87@example.org,Bengaluru,Maharashtra,2025-06-01 02:33:33.000
1424,Jennifer Willis,vdowns@example.com,Bengaluru,Kerala,2025-10-24 10:49:47.000
1425,Lisa Moore,mistypeters@example.net,Pune,Maharashtra,2025-02-11 23:47:17.000
1426,Jesse Alexander,castillolynn@example.org,Hyderabad,Karnataka,2025-06-05 13:47:56.000
1427,Thomas Contreras,charlesosborne@example.org,Delhi,Maharashtra,2026-03-19 06:27:07.000
1428,Marcus Mendez,wwebster@example.org,Coimbatore,Karnataka,2025-09-03 17:48:54.000
1429,Tyler Gallagher,imurphy@example.org,Hyderabad,Tamil Nadu,2026-01-14 17:09:56.000
1430,Erika Jacobs,twarner@example.org,Delhi,Kerala,2025-05-18 08:14:35.000
1431,James Lane,shari30@example.org,Delhi,Kerala,2025-02-15 01:27:06.000
1432,Christine Gardner,sanderseric@example.org,Chennai,Maharashtra,2025-08-01 10:55:44.000
1433,Miranda Liu,isabella29@example.org,Mumbai,Karnataka,2026-03-24 14:37:03.000
1434,Michael Copeland,robinanderson@example.com,Hyderabad,Maharashtra,2026-08-17 01:57:39.000
1435,Kenneth Clayton MD,rrose@example.org,Bengaluru,Karnataka,2026-04-23 06:43:57.000
1436,Jordan Baxter,ggilmore@example.com,Kochi,Kerala,2025-11-30 12:46:38.000
1437,Karen Nelson,ggates@example.com,Kochi,Maharashtra,2026-01-06 19:23:10.000
1438,Mr. Kyle Henderson,ekennedy@example.net,Kochi,Tamil Nadu,2025-01-30 07:15:03.000
1439,Karen Alexander,jhowell@example.com,Mumbai,Kerala,2025-10-17 19:06:51.000
1440,Haley Williams,jordan14@example.com,Chennai,Telangana,2026-08-11 20:39:51.000
1441,Ashley Morales,matthew15@example.com,Mumbai,Tamil Nadu,2026-06-10 15:29:59.000
1442,Kristen Zamora,mahoneyanthony@example.com,Chennai,Kerala,2026-07-24 19:21:20.000
1443,Andrea Hammond,brittany81@example.com,Mumbai,Karnataka,2026-06-23 16:14:17.000
1444,William Cook,hoffmanmason@example.com,Delhi,Telangana,2025-04-11 03:26:39.000
1445,Jeffrey Rose,cindy75@example.com,Bengaluru,Maharashtra,2026-01-26 22:52:19.000
1446,Brandon Marks,gpatrick@example.com,Pune,Karnataka,2025-02-20 17:02:17.000
1447,Anita Stewart,daniel69@example.net,Chennai,Telangana,2025-08-14 21:25:22.000
1448,Matthew Phillips,xgreene@example.com,Coimbatore,Kerala,2026-02-09 02:52:44.000
1449,Cody Collins,kelly43@example.com,Delhi,Maharashtra,2026-06-18 10:30:35.000
1450,Kim Hale,higginsricky@example.com,Hyderabad,Telangana,2026-01-16 17:35:34.000
1451,Patrick Bradshaw,adrian06@example.org,Delhi,Karnataka,2025-05-09 01:39:04.000
1452,Christina Spencer,petersonrobin@example.com,Kochi,Tamil Nadu,2025-06-27 10:01:31.000
1453,Julia Cooper,matthew75@example.org,Mumbai,Kerala,2025-04-12 21:51:10.000
1454,Eric Baldwin,yjones@example.org,Mumbai,Kerala,2025-01-18 00:29:34.000
1455,Christopher Bush,emilygarcia@example.net,Hyderabad,Tamil Nadu,2025-10-12 17:45:35.000
1456,Steven Conner,riverarobert@example.net,Chennai,Maharashtra,2026-05-13 08:27:00.000
1457,Rachel Harrison DDS,kurtshelton@example.net,Pune,Delhi,2026-04-30 00:04:27.000
1458,Tiffany Mitchell,millerjessica@example.net,Chennai,Delhi,2025-02-07 06:02:46.000
1459,Grace Medina,connorcurtis@example.org,Bengaluru,Kerala,2025-01-16 08:00:47.000
1460,Amanda Rodriguez,william34@example.net,Chennai,Kerala,2025-03-31 22:28:43.000
1461,Paul Barrett,hensonmichael@example.net,Kochi,Maharashtra,2025-10-23 08:26:38.000
1462,Dana Acevedo,markscaitlin@example.net,Bengaluru,Delhi,2025-07-16 07:22:59.000
1463,Heather Mejia,amanda64@example.com,Coimbatore,Kerala,2025-04-29 22:29:45.000
1464,Emily Valdez,jeffrey04@example.net,Mumbai,Kerala,2026-06-17 15:07:14.000
1465,Darrell Mccoy,jose14@example.net,Chennai,Telangana,2025-11-23 21:36:45.000
1466,Kenneth Rasmussen,perrydanielle@example.net,Bengaluru,Kerala,2026-02-09 03:16:01.000
1467,Samantha Guerrero,gavinjohnson@example.org,Pune,Delhi,2026-04-16 09:50:32.000
1468,Debbie Cannon,mconrad@example.com,Hyderabad,Maharashtra,2025-03-23 11:44:35.000
1469,Rebekah Combs,gpeterson@example.com,Bengaluru,Telangana,2025-03-30 13:20:52.000
1470,Jennifer Orozco,donalddiaz@example.net,Bengaluru,Maharashtra,2025-06-04 07:02:31.000
1471,Sonya Sosa,whall@example.org,Mumbai,Telangana,2026-02-11 08:09:00.000
1472,Lisa Garrison,paulcole@example.org,Mumbai,Telangana,2026-07-01 09:00:41.000
1473,Michelle Cooper,jasongreene@example.com,Kochi,Telangana,2025-05-05 13:34:50.000
1474,Jeffrey Aguirre,kylesaunders@example.net,Chennai,Delhi,2026-01-21 12:43:20.000
1475,Michael Dickerson,erichernandez@example.org,Mumbai,Kerala,2026-01-09 08:13:31.000
1476,David Randolph,kevin18@example.org,Delhi,Karnataka,2025-01-03 03:02:24.000
1477,Timothy Santos,hvelez@example.net,Chennai,Kerala,2025-03-11 03:07:59.000
1478,Jacob Moore,masseylatoya@example.org,Bengaluru,Delhi,2026-06-04 15:28:21.000
1479,Joanna Dixon,emily20@example.com,Coimbatore,Karnataka,2025-03-11 23:15:45.000
1480,Jason Sanders,bwilson@example.org,Bengaluru,Kerala,2026-07-17 00:26:20.000
1481,Ryan Wilcox,graynatasha@example.com,Bengaluru,Telangana,2026-05-16 11:18:30.000
1482,Christopher Dunn,samueldavenport@example.org,Mumbai,Maharashtra,2025-08-18 22:15:12.000
1483,Lorraine Schmidt,ana02@example.org,Pune,Maharashtra,2025-02-08 21:33:45.000
1484,Derrick Guerrero,veronicamartinez@example.com,Bengaluru,Karnataka,2025-01-31 15:17:56.000
1485,Craig Pearson,lisawilliams@example.net,Pune,Telangana,2026-06-10 15:50:33.000
1486,Jamie Frye,frances56@example.com,Delhi,Maharashtra,2026-07-28 15:23:13.000
1487,Tyler Ortiz,bakerbradley@example.net,Bengaluru,Tamil Nadu,2026-08-12 21:56:49.000
1488,Kayla Howe,rebeccawilliams@example.com,Chennai,Tamil Nadu,2025-04-18 11:51:33.000
1489,Amanda Brown,josephlove@example.net,Hyderabad,Telangana,2025-10-05 16:47:37.000
1490,Matthew Gordon,barrettstephen@example.net,Coimbatore,Delhi,2025-07-28 09:38:58.000
1491,Kenneth Lewis,amandapage@example.org,Bengaluru,Telangana,2025-09-24 04:48:52.000
1492,Julie Davis,stephen96@example.net,Hyderabad,Tamil Nadu,2025-11-08 07:02:03.000
1493,Stephanie Harris,wyoung@example.org,Kochi,Maharashtra,2025-07-31 03:20:09.000
1494,Matthew Branch,zsalinas@example.org,Kochi,Kerala,2026-01-07 11:07:59.000
1495,Jennifer Robinson,gallegosdavid@example.org,Kochi,Kerala,2025-05-10 12:58:51.000
1496,Alex Heath,anthonymitchell@example.com,Bengaluru,Karnataka,2026-06-25 17:32:49.000
1497,Jeffrey Williams,matthew04@example.com,Chennai,Karnataka,2025-03-22 13:21:08.000
1498,Jerry Torres,lromero@example.net,Kochi,Delhi,2026-01-10 21:42:40.000
1499,Jonathan Brennan,abigailwilliams@example.com,Coimbatore,Karnataka,2026-04-20 19:53:22.000
1500,Virginia Hernandez,fhernandez@example.net,Kochi,Telangana,2026-04-20 20:32:49.000
1501,Damon Harris,wglover@example.org,Chennai,Kerala,2026-07-19 21:27:22.000
1502,Brett Carroll,matthew58@example.org,Hyderabad,Maharashtra,2026-01-15 03:16:05.000
1503,Jacqueline Jackson,zjones@example.com,Bengaluru,Maharashtra,2025-12-09 07:01:03.000
1504,Chris Romero,marisa71@example.com,Chennai,Tamil Nadu,2025-07-23 04:49:02.000
1505,Brianna Armstrong,ncunningham@example.net,Delhi,Tamil Nadu,2026-07-02 06:06:09.000
1506,Timothy Andrade,millerrichard@example.net,Mumbai,Kerala,2025-09-20 18:22:51.000
1507,Anthony Ramos,hubbardmathew@example.net,Bengaluru,Maharashtra,2026-05-29 23:13:45.000
1508,Timothy Ramirez,tyler97@example.com,Mumbai,Maharashtra,2025-09-26 13:14:15.000
1509,Brittany Marquez,daviseric@example.com,Kochi,Karnataka,2026-03-10 16:17:27.000
1510,Jody Jenkins,bakererik@example.org,Chennai,Tamil Nadu,2026-05-15 17:49:16.000
1511,Brenda Thornton,alogan@example.net,Hyderabad,Delhi,2025-12-31 12:10:47.000
1512,David Fisher,kevin85@example.org,Coimbatore,Karnataka,2025-02-28 03:35:21.000
1513,Renee Matthews,kennethsanders@example.org,Coimbatore,Telangana,2025-07-07 02:32:56.000
1514,Robert Benjamin,reyesbrent@example.org,Delhi,Telangana,2025-02-09 02:36:19.000
1515,Mark Johnson,feliciacox@example.com,Mumbai,Delhi,2026-05-15 16:18:14.000
1516,Maxwell Wilson,emily32@example.com,Kochi,Maharashtra,2025-07-02 12:43:03.000
1517,Clifford Daniels,maria62@example.com,Bengaluru,Maharashtra,2025-12-12 00:16:50.000
1518,Kevin Lawson,nrose@example.com,Coimbatore,Tamil Nadu,2026-01-23 03:53:45.000
1519,Alex Holt,hubbardrachel@example.com,Coimbatore,Telangana,2025-04-03 04:51:21.000
1520,Megan Brown,michaelbarajas@example.net,Coimbatore,Kerala,2026-05-23 11:45:20.000
1521,Lisa Hurst,washingtonbrian@example.net,Chennai,Tamil Nadu,2025-11-10 08:39:37.000
1522,Jasmine Benson,henry20@example.org,Kochi,Tamil Nadu,2026-03-09 17:40:29.000
1523,John Huber,benjamin44@example.net,Chennai,Tamil Nadu,2026-04-15 07:09:55.000
1524,Michael Mendoza,deborahmartin@example.com,Pune,Delhi,2026-03-13 18:38:20.000
1525,Diana Murray,contrerasmichael@example.net,Mumbai,Kerala,2026-06-06 13:11:22.000
1526,William Day,sandrasnyder@example.net,Coimbatore,Telangana,2025-10-10 05:11:40.000
1527,Karen Rivera,daniel60@example.net,Chennai,Karnataka,2025-12-19 23:44:53.000
1528,Charles Lee,rossnichole@example.com,Delhi,Delhi,2026-08-20 01:40:42.000
1529,Louis Smith,landrymonica@example.com,Coimbatore,Kerala,2026-05-26 10:29:04.000
1530,Lisa Miller,odonnellsandra@example.net,Delhi,Kerala,2025-12-18 11:48:59.000
1531,Debra Johnson,jimmyrobinson@example.com,Bengaluru,Tamil Nadu,2026-08-13 18:44:59.000
1532,Gina Leblanc,kathy37@example.net,Mumbai,Tamil Nadu,2025-09-23 03:21:28.000
1533,Debra Sweeney,pagejustin@example.net,Delhi,Kerala,2025-08-15 18:58:05.000
1534,Jacob White,raven24@example.net,Delhi,Kerala,2025-03-24 13:59:24.000
1535,Lisa Benitez,jmcbride@example.com,Chennai,Karnataka,2026-01-18 11:24:50.000
1536,Christopher Whitaker,kbeltran@example.org,Hyderabad,Kerala,2026-07-31 17:24:22.000
1537,Robert Garcia,djackson@example.org,Kochi,Tamil Nadu,2025-07-17 12:17:46.000
1538,Angela Little,umccann@example.com,Mumbai,Karnataka,2025-04-04 18:51:53.000
1539,Alexandria Sharp,urussell@example.com,Kochi,Karnataka,2025-12-21 23:57:18.000
1540,Lawrence Kelly,rhowell@example.net,Mumbai,Kerala,2025-09-20 11:32:16.000
1541,James Anderson,wolfemichelle@example.org,Bengaluru,Maharashtra,2025-02-06 02:49:46.000
1542,David Franklin,gabrielle38@example.org,Bengaluru,Maharashtra,2025-12-22 06:19:40.000
1543,Joseph Mcbride,mvelazquez@example.com,Hyderabad,Maharashtra,2025-01-04 08:51:33.000
1544,Rebecca Clark,tylersalinas@example.net,Chennai,Delhi,2025-12-03 04:10:12.000
1545,Emma Garcia,danataylor@example.org,Coimbatore,Delhi,2026-08-30 16:24:51.000
1546,Jaime Reed,bchung@example.com,Hyderabad,Kerala,2026-03-26 09:02:07.000
1547,Mary Pruitt,quinnwalter@example.com,Hyderabad,Kerala,2025-04-10 17:12:35.000
1548,Joan Davis,aparker@example.com,Bengaluru,Maharashtra,2026-05-26 17:05:41.000
1549,Jennifer Maldonado,john78@example.com,Delhi,Delhi,2025-10-26 18:37:52.000
1550,Michael Robinson,olsonholly@example.com,Kochi,Delhi,2026-06-22 21:25:30.000
1551,Cameron Hunter,matthew46@example.com,Mumbai,Telangana,2025-11-06 00:50:03.000
1552,Angie Miller,davidkyle@example.net,Delhi,Telangana,2025-12-18 17:39:20.000
1553,Thomas Wright,tthompson@example.net,Hyderabad,Karnataka,2025-11-17 14:07:59.000
1554,Jessica Torres,shawn01@example.net,Pune,Kerala,2026-03-02 11:50:36.000
1555,Brittany Kelly,igutierrez@example.org,Delhi,Kerala,2026-07-27 07:17:42.000
1556,Steven Anderson,mwilliams@example.org,Mumbai,Karnataka,2025-06-12 21:19:40.000
1557,Joyce Smith,colleenacevedo@example.net,Pune,Kerala,2025-09-26 04:44:19.000
1558,Donald Allen,browntravis@example.com,Hyderabad,Kerala,2026-05-20 22:29:18.000
1559,Ariel Rogers,wpeterson@example.org,Hyderabad,Delhi,2026-02-26 08:46:26.000
1560,John Murray,perezluis@example.net,Delhi,Kerala,2025-03-31 15:18:35.000
1561,Kevin Knight,butlerkathleen@example.com,Delhi,Delhi,2026-01-09 02:44:39.000
1562,James Finley,davisricardo@example.org,Kochi,Kerala,2026-08-04 21:17:00.000
1563,Deborah Francis,thomas89@example.com,Pune,Maharashtra,2025-01-10 22:03:34.000
1564,Steven Martinez,philipcastillo@example.net,Bengaluru,Tamil Nadu,2025-10-23 19:56:14.000
1565,Drew Macdonald,martinallison@example.com,Hyderabad,Tamil Nadu,2026-06-05 14:26:36.000
1566,Tracey Brown,longbrandon@example.org,Chennai,Karnataka,2025-07-27 08:50:08.000
1567,Jennifer Jones,thomasjames@example.com,Hyderabad,Telangana,2026-06-15 19:19:08.000
1568,Michael Hart,richardsonsteven@example.net,Pune,Karnataka,2025-02-18 04:22:32.000
1569,Jordan Barry,julialucero@example.net,Pune,Karnataka,2026-08-09 08:00:33.000
1570,Kevin Little,suttonmike@example.com,Chennai,Telangana,2025-12-18 12:58:23.000
1571,Jessica Graham,robertvargas@example.net,Bengaluru,Delhi,2026-06-09 16:43:03.000
1572,John Torres,yvette83@example.org,Mumbai,Kerala,2026-05-18 15:10:50.000
1573,Brianna Taylor,xduran@example.net,Kochi,Karnataka,2026-02-01 20:16:55.000
1574,Nicole Christensen,linda22@example.com,Pune,Kerala,2026-06-01 03:03:28.000
1575,Dawn Kane,yrivera@example.org,Chennai,Maharashtra,2025-10-29 00:32:32.000
1576,Michelle Potter,wilsoncarla@example.com,Kochi,Kerala,2025-08-31 20:17:33.000
1577,Travis Nelson,mcdonalddanielle@example.org,Chennai,Tamil Nadu,2026-08-01 15:00:46.000
1578,Christopher Walton,williamsrobert@example.org,Pune,Karnataka,2026-04-28 00:06:30.000
1579,Mark Conley,mjohnson@example.net,Coimbatore,Karnataka,2026-05-08 06:40:25.000
1580,Russell Diaz,trujillokaren@example.net,Delhi,Delhi,2026-03-01 13:38:40.000
1581,Danielle Melendez,harmonmelissa@example.com,Mumbai,Kerala,2025-05-31 07:03:31.000
1582,Linda Davidson,nixonmartin@example.org,Pune,Maharashtra,2025-05-18 19:27:30.000
1583,Melissa Velez,chelseascott@example.com,Bengaluru,Karnataka,2025-05-15 23:46:33.000
1584,Maria Watson,dallen@example.com,Bengaluru,Maharashtra,2025-02-01 13:28:37.000
1585,Robert Davis,frandolph@example.org,Kochi,Telangana,2026-03-09 07:45:01.000
1586,Brian Trevino,jamieramirez@example.net,Pune,Karnataka,2025-05-05 23:55:52.000
1587,John Garcia,emily27@example.com,Pune,Tamil Nadu,2025-09-14 18:08:13.000
1588,Dustin Armstrong,uallen@example.net,Coimbatore,Kerala,2025-05-01 05:47:14.000
1589,Amanda Schmidt,smithdean@example.org,Chennai,Karnataka,2025-09-08 14:15:34.000
1590,Christian Moses DVM,ddouglas@example.org,Chennai,Kerala,2026-04-24 03:46:38.000
1591,Michael Simmons,megan34@example.com,Pune,Maharashtra,2026-03-21 19:28:22.000
1592,Brian Spears,bellrobert@example.org,Delhi,Tamil Nadu,2026-07-04 16:08:25.000
1593,Christina Robinson,victoria23@example.com,Delhi,Delhi,2025-06-20 20:23:20.000
1594,Heather Nash,joel92@example.com,Hyderabad,Delhi,2025-02-22 22:54:05.000
1595,Hector Newton,tmartinez@example.com,Hyderabad,Maharashtra,2026-02-26 19:44:52.000
1596,Victor Brown,allentimothy@example.com,Kochi,Tamil Nadu,2025-09-29 09:20:35.000
1597,David Jones,joseph33@example.org,Mumbai,Karnataka,2026-05-31 05:27:03.000
1598,Daniel Weaver,onealchristy@example.net,Delhi,Telangana,2025-10-08 05:45:32.000
1599,Christina Howard,alexander50@example.com,Pune,Karnataka,2026-08-08 14:31:08.000
1600,Cynthia Richards,kathymcgee@example.net,Coimbatore,Delhi,2026-08-08 04:47:21.000
1601,Steven Bates,dennis75@example.net,Chennai,Tamil Nadu,2026-06-04 13:55:00.000
1602,Joseph Brown,joshuabrown@example.net,Delhi,Maharashtra,2025-07-06 16:24:32.000
1603,Matthew Garner,gabriel82@example.net,Mumbai,Tamil Nadu,2026-06-15 03:40:46.000
1604,Alexis Crawford,nsandoval@example.org,Delhi,Maharashtra,2025-03-30 01:26:42.000
1605,Kristine Hurley,znguyen@example.net,Kochi,Telangana,2026-02-24 14:45:12.000
1606,Adam Davenport,wilcoxjohn@example.org,Pune,Tamil Nadu,2026-02-06 11:06:52.000
1607,Veronica Medina,jennachristian@example.com,Delhi,Delhi,2026-01-31 03:31:07.000
1608,John Cook,barnesricardo@example.net,Coimbatore,Maharashtra,2025-02-04 01:27:15.000
1609,Heather Olson,williammorris@example.net,Pune,Kerala,2025-05-30 12:41:27.000
1610,Pamela Maxwell,ryan45@example.org,Delhi,Delhi,2025-03-05 23:01:49.000
1611,Christopher Thomas,lopezchad@example.org,Bengaluru,Karnataka,2026-08-24 15:42:07.000
1612,James Morris,frobinson@example.com,Chennai,Kerala,2025-02-20 20:28:59.000
1613,James Perez,ballcolleen@example.com,Mumbai,Kerala,2026-05-04 23:00:01.000
1614,Kevin Ward,schneiderlisa@example.org,Mumbai,Kerala,2025-11-26 11:50:14.000
1615,Kara Brown,chavezerica@example.org,Bengaluru,Karnataka,2026-02-22 16:27:54.000
1616,Gerald Singleton,meganscott@example.org,Kochi,Kerala,2025-02-26 00:25:24.000
1617,Rachel Erickson,deborah96@example.net,Hyderabad,Tamil Nadu,2025-12-23 16:34:43.000
1618,Claire Friedman,rgray@example.com,Delhi,Tamil Nadu,2025-03-09 23:30:28.000
1619,Katherine Anderson,jodyjackson@example.com,Bengaluru,Tamil Nadu,2025-05-19 06:00:51.000
1620,Donna Jones,montoyarebekah@example.com,Pune,Delhi,2025-02-24 17:08:08.000
1621,Alfred Gibson,tiffany95@example.com,Mumbai,Telangana,2025-11-13 14:49:32.000
1622,Scott Middleton,ingramlynn@example.com,Kochi,Maharashtra,2026-05-05 12:06:04.000
1623,Teresa Newton,hallkyle@example.com,Kochi,Maharashtra,2025-09-03 18:12:09.000
1624,Pamela Bennett,jennifer27@example.com,Chennai,Maharashtra,2026-06-07 23:11:53.000
1625,Stephanie Rivera,burgesssteven@example.com,Bengaluru,Delhi,2025-01-05 13:57:50.000
1626,Michael Gillespie,omarolsen@example.net,Bengaluru,Kerala,2026-03-31 20:31:28.000
1627,Mrs. Mary Wilkerson,tsmith@example.org,Chennai,Kerala,2025-02-26 09:09:55.000
1628,Michael Charles,kimberlypratt@example.net,Delhi,Delhi,2025-03-24 10:30:35.000
1629,Lisa Hernandez,kristenmartin@example.com,Pune,Kerala,2025-08-23 01:35:03.000
1630,Rebecca Graham,duncanrachel@example.net,Bengaluru,Telangana,2026-08-18 09:44:44.000
1631,Keith Johnson,zleach@example.org,Coimbatore,Maharashtra,2025-11-03 21:26:41.000
1632,Emma Freeman,creid@example.net,Chennai,Maharashtra,2025-05-02 10:04:50.000
1633,Joseph Sanchez,inguyen@example.org,Mumbai,Karnataka,2026-08-04 00:30:06.000
1634,Nicholas Rollins,mclaughlinjesse@example.com,Kochi,Delhi,2025-08-18 02:47:49.000
1635,Madeline Jacobs,smithjacob@example.net,Hyderabad,Telangana,2026-06-11 01:34:58.000
1636,Jose Webster,hoganlarry@example.net,Delhi,Tamil Nadu,2026-03-06 22:26:19.000
1637,Jason Evans,vicki74@example.com,Hyderabad,Tamil Nadu,2025-02-02 10:42:28.000
1638,Jennifer Ryan,nicole81@example.net,Chennai,Delhi,2026-04-09 10:27:11.000
1639,Danielle Hickman,jvega@example.org,Kochi,Delhi,2026-03-02 06:36:50.000
1640,Mary Stewart MD,lscott@example.com,Bengaluru,Telangana,2025-06-13 03:40:10.000
1641,Vickie Kane,qblair@example.com,Delhi,Karnataka,2025-11-17 12:26:14.000
1642,Bradley Payne,jose76@example.org,Hyderabad,Karnataka,2025-05-23 21:52:22.000
1643,Ashlee Sanders,whitechristina@example.com,Mumbai,Delhi,2025-07-16 07:26:53.000
1644,Monica Harrington,julie82@example.com,Mumbai,Tamil Nadu,2025-05-21 20:45:28.000
1645,Amanda Rodriguez,hamptonjennifer@example.com,Chennai,Delhi,2025-12-25 06:36:23.000
1646,Michael Walker,timlane@example.com,Bengaluru,Telangana,2026-06-06 17:07:14.000
1647,Melissa Hernandez,stephanie26@example.com,Bengaluru,Telangana,2025-03-18 06:37:31.000
1648,Jacqueline Baker,zli@example.net,Mumbai,Kerala,2026-03-27 23:05:14.000
1649,Brianna Gutierrez,martinflynn@example.com,Coimbatore,Telangana,2025-10-05 09:32:29.000
1650,Autumn Miller,brownkaren@example.com,Hyderabad,Kerala,2026-05-25 02:54:07.000
1651,Scott Taylor,hilljessica@example.com,Mumbai,Tamil Nadu,2025-08-10 11:20:29.000
1652,Karen Anderson,patricia67@example.org,Bengaluru,Karnataka,2025-09-04 19:57:33.000
1653,Tammy Cortez,eharrell@example.org,Coimbatore,Maharashtra,2025-09-13 00:48:52.000
1654,Keith Fletcher,aliciawheeler@example.net,Pune,Kerala,2026-03-30 17:43:00.000
1655,Patrick Hood,yrivers@example.com,Hyderabad,Delhi,2026-03-17 07:04:17.000
1656,Lisa Sherman,wintersjonathon@example.net,Delhi,Telangana,2025-11-29 16:13:42.000
1657,Christina Ortiz,bmaxwell@example.com,Hyderabad,Tamil Nadu,2025-09-01 06:44:48.000
1658,Miss Dawn Casey,mhayes@example.org,Mumbai,Karnataka,2026-07-08 04:21:14.000
1659,Becky Davis,john49@example.net,Kochi,Telangana,2025-10-07 05:18:17.000
1660,Shelly Miller,ethanwarner@example.com,Hyderabad,Kerala,2026-07-24 07:36:11.000
1661,Thomas Holmes,becky74@example.org,Delhi,Maharashtra,2025-12-26 12:07:08.000
1662,Stacy Lee,davidsonjonathan@example.com,Coimbatore,Telangana,2026-08-25 18:42:10.000
1663,Shawn Fields,elizabethpeterson@example.com,Pune,Maharashtra,2026-03-05 11:54:29.000
1664,George Murray,kyle74@example.net,Bengaluru,Karnataka,2026-05-17 09:57:14.000
1665,James Fritz,imcmillan@example.com,Bengaluru,Telangana,2025-04-19 17:49:12.000
1666,Ellen Lester,donna72@example.com,Mumbai,Telangana,2026-07-24 18:15:45.000
1667,Michelle Thompson,lisa90@example.net,Bengaluru,Kerala,2025-02-28 13:33:25.000
1668,Tracie Davis,michael02@example.com,Chennai,Delhi,2026-05-06 14:22:16.000
1669,Kristin Alexander,dianayoung@example.com,Chennai,Delhi,2026-03-26 15:29:34.000
1670,Andrew Harris,jasminebrock@example.com,Kochi,Delhi,2025-06-15 06:08:47.000
1671,George Smith,mitchellryan@example.com,Chennai,Delhi,2025-07-22 10:14:25.000
1672,Allison Sanchez,stevenowens@example.net,Coimbatore,Kerala,2026-08-26 02:43:26.000
1673,Samuel Dunlap,michaelcampbell@example.org,Hyderabad,Telangana,2025-11-01 20:41:58.000
1674,Natalie Edwards,pmercado@example.org,Mumbai,Delhi,2026-07-24 12:20:19.000
1675,James Flores,bryan43@example.net,Pune,Karnataka,2025-12-27 22:39:25.000
1676,Miss Jennifer Lopez,petermckinney@example.org,Bengaluru,Maharashtra,2025-10-10 14:56:44.000
1677,Douglas Henderson,uglenn@example.net,Chennai,Kerala,2025-07-05 13:03:39.000
1678,David Boyd,cpetty@example.net,Hyderabad,Delhi,2025-04-20 00:41:57.000
1679,Gary Jenkins,isaac19@example.org,Coimbatore,Karnataka,2025-05-20 03:30:29.000
1680,Diane Lester,kristen63@example.org,Hyderabad,Kerala,2026-07-23 13:33:08.000
1681,Matthew Garcia,mbarajas@example.com,Coimbatore,Telangana,2025-02-01 09:28:48.000
1682,Katie Harris,stevenfrederick@example.org,Mumbai,Maharashtra,2025-06-30 00:07:53.000
1683,Nicholas Watson,cwhite@example.com,Bengaluru,Telangana,2025-10-14 22:46:15.000
1684,Pamela Marshall,diamond53@example.net,Mumbai,Tamil Nadu,2026-06-04 07:20:20.000
1685,Angela Golden,vasquezbrian@example.net,Mumbai,Delhi,2025-10-08 14:12:48.000
1686,Lori Whitaker DDS,gomezkarina@example.org,Kochi,Maharashtra,2025-12-20 03:10:05.000
1687,Amanda Holland,paul56@example.org,Chennai,Tamil Nadu,2026-05-19 17:22:39.000
1688,Paul Hopkins,eramirez@example.org,Delhi,Tamil Nadu,2026-07-01 14:35:40.000
1689,Kristen Ford,debra55@example.net,Pune,Kerala,2025-07-24 12:34:02.000
1690,John Robbins,robert31@example.org,Hyderabad,Maharashtra,2026-05-23 17:23:27.000
1691,Bethany Tapia,smithmary@example.org,Kochi,Telangana,2026-04-02 11:07:38.000
1692,James Woodard,thomasedwards@example.net,Bengaluru,Delhi,2025-07-15 09:54:38.000
1693,Peter Massey,qbarker@example.com,Kochi,Karnataka,2026-02-06 01:52:03.000
1694,Rebecca Rogers,jonathan01@example.com,Kochi,Telangana,2025-09-25 23:52:07.000
1695,Matthew Herrera,emueller@example.org,Coimbatore,Maharashtra,2026-04-15 07:18:32.000
1696,Wesley Baker,rossjennifer@example.net,Chennai,Delhi,2025-04-18 22:33:25.000
1697,Zachary Strickland,kguzman@example.org,Coimbatore,Karnataka,2025-06-28 15:20:19.000
1698,Brian Ho,randallrachel@example.net,Bengaluru,Delhi,2026-05-15 19:16:50.000
1699,Lisa Smith,carmensullivan@example.net,Pune,Karnataka,2025-04-27 16:41:03.000
1700,Steven Allen,sandra79@example.com,Hyderabad,Karnataka,2025-10-09 08:19:30.000
1701,Thomas Davis,ygonzalez@example.com,Bengaluru,Kerala,2025-06-28 21:58:00.000
1702,Christopher Smith,katherinehill@example.net,Kochi,Telangana,2026-07-14 10:32:19.000
1703,Michael Young,chasewilliams@example.net,Bengaluru,Maharashtra,2026-06-09 11:11:19.000
1704,Randy Gill,rebeccaguerra@example.org,Coimbatore,Maharashtra,2025-06-13 15:48:22.000
1705,Zachary Hickman,gary53@example.org,Hyderabad,Kerala,2025-11-16 03:42:59.000
1706,Stephanie Anderson,gnguyen@example.com,Chennai,Karnataka,2025-02-03 12:16:07.000
1707,Natalie Salas,willisrobert@example.com,Hyderabad,Delhi,2026-04-06 02:09:38.000
1708,Joseph Hill,mary29@example.com,Hyderabad,Karnataka,2026-05-04 23:29:02.000
1709,Linda Pace,steven70@example.net,Chennai,Delhi,2025-04-25 01:45:50.000
1710,Jessica Nguyen,christophergonzalez@example.com,Chennai,Karnataka,2025-07-20 14:18:31.000
1711,Jason Reyes,anthonystephens@example.com,Hyderabad,Delhi,2025-11-11 22:15:12.000
1712,Kimberly Thomas,chunt@example.com,Chennai,Kerala,2026-07-20 10:25:29.000
1713,Christopher Lin,patriciamartin@example.net,Pune,Tamil Nadu,2025-06-18 05:35:38.000
1714,Jennifer Richmond,cvincent@example.org,Coimbatore,Delhi,2026-01-02 03:47:01.000
1715,Xavier Wilson,dustin75@example.net,Coimbatore,Karnataka,2025-06-20 09:14:16.000
1716,Vincent Potts,prestondawn@example.org,Kochi,Delhi,2025-04-21 20:20:49.000
1717,Mrs. Tiffany Boyer MD,tiffany37@example.com,Hyderabad,Delhi,2026-05-28 08:44:38.000
1718,Ashley Pena,qwang@example.org,Pune,Karnataka,2026-07-17 11:49:13.000
1719,Michael Nixon,fbarry@example.net,Delhi,Maharashtra,2026-04-09 08:11:16.000
1720,Mark Fisher,christianmoore@example.com,Bengaluru,Karnataka,2025-10-21 18:22:14.000
1721,Ryan Johnson,billy82@example.org,Kochi,Karnataka,2025-03-26 07:53:37.000
1722,Ashley Fowler,markcolon@example.com,Chennai,Karnataka,2026-02-11 00:02:44.000
1723,Kenneth Ramirez,oklein@example.org,Kochi,Karnataka,2026-04-16 07:32:36.000
1724,Bryce Nichols,jacksonthomas@example.org,Bengaluru,Karnataka,2026-01-05 14:50:40.000
1725,Larry Smith,michele73@example.org,Chennai,Delhi,2026-01-26 22:44:11.000
1726,Joshua Rodriguez,paul87@example.com,Bengaluru,Tamil Nadu,2026-01-10 13:37:21.000
1727,Amanda Davis,stacey89@example.net,Hyderabad,Delhi,2026-02-23 21:01:09.000
1728,Lisa Scott,sharonfisher@example.org,Chennai,Kerala,2026-05-20 06:33:24.000
1729,Charles Sims,gsandoval@example.net,Kochi,Delhi,2025-11-23 18:07:06.000
1730,Paige Garcia,patrickortiz@example.com,Delhi,Tamil Nadu,2026-06-26 21:00:16.000
1731,Angela Robinson,lfernandez@example.org,Kochi,Karnataka,2026-01-10 11:25:56.000
1732,Alexis Barber,rkelly@example.net,Kochi,Telangana,2026-04-03 12:39:07.000
1733,Jared Lamb,ihicks@example.net,Bengaluru,Maharashtra,2025-04-14 23:45:43.000
1734,Vincent Krueger,ubradford@example.org,Pune,Maharashtra,2026-08-18 20:38:40.000
1735,Anthony Garza,devinanthony@example.org,Mumbai,Tamil Nadu,2025-08-09 00:28:24.000
1736,Robert Sullivan,shannonclark@example.org,Kochi,Telangana,2025-05-27 19:36:25.000
1737,Jeffrey Morse,jenniferhughes@example.org,Chennai,Kerala,2026-08-01 14:33:36.000
1738,Paul Simmons,ganderson@example.org,Chennai,Delhi,2026-02-10 20:51:48.000
1739,Frances Carter,tfaulkner@example.com,Bengaluru,Delhi,2025-01-06 14:06:24.000
1740,Richard Hill,ortizpamela@example.net,Kochi,Kerala,2025-06-09 13:16:55.000
1741,Charles Wilson,lloydmichael@example.com,Delhi,Maharashtra,2025-10-09 09:11:54.000
1742,Franklin Clements,josephlang@example.org,Bengaluru,Karnataka,2025-11-27 22:33:00.000
1743,David Hurst,dorseydaniel@example.com,Pune,Telangana,2026-02-21 09:43:10.000
1744,Kristen Rodriguez,jaredcarroll@example.org,Kochi,Delhi,2025-10-12 00:05:59.000
1745,Cynthia Allen,stacy27@example.org,Pune,Kerala,2025-11-05 17:04:56.000
1746,Craig Brennan,obender@example.org,Mumbai,Maharashtra,2026-03-05 19:58:55.000
1747,Cindy Compton,matthewglass@example.com,Coimbatore,Karnataka,2025-10-15 13:16:11.000
1748,Russell Dennis,ruizcraig@example.net,Coimbatore,Telangana,2025-08-27 04:25:40.000
1749,Raymond Hunt,oochoa@example.org,Delhi,Kerala,2025-11-06 05:40:35.000
1750,Amy Farrell,mooneynatalie@example.com,Hyderabad,Kerala,2025-04-03 11:55:10.000
1751,Joseph Rice,kevinjordan@example.net,Mumbai,Maharashtra,2026-06-28 04:06:36.000
1752,Vanessa Scott,deleonanne@example.com,Hyderabad,Tamil Nadu,2025-06-16 13:47:22.000
1753,Spencer Murphy,joshuaphillips@example.net,Kochi,Telangana,2026-03-04 15:29:04.000
1754,Jason Sheppard,lauramack@example.net,Chennai,Karnataka,2025-10-30 05:25:05.000
1755,Lynn Martinez,elizabethcarlson@example.org,Chennai,Tamil Nadu,2025-04-23 21:07:06.000
1756,Erik Murphy,eevans@example.com,Coimbatore,Delhi,2025-12-05 04:01:25.000
1757,John Castillo,oliverkimberly@example.net,Bengaluru,Tamil Nadu,2025-07-24 08:23:25.000
1758,Sandra Serrano,meredith54@example.org,Mumbai,Telangana,2025-03-04 04:02:55.000
1759,Kimberly Powers,markrogers@example.net,Chennai,Kerala,2025-10-26 12:21:21.000
1760,Michael Henry,umorgan@example.com,Kochi,Delhi,2026-05-25 15:59:34.000
1761,Ms. Sarah Olsen MD,herrerascott@example.com,Pune,Kerala,2026-04-10 01:41:45.000
1762,Tina Stanley,james65@example.com,Chennai,Karnataka,2026-05-13 07:53:42.000
1763,Caitlin Gregory,thomasnathaniel@example.org,Coimbatore,Maharashtra,2025-01-09 07:39:22.000
1764,Andrew Mccormick,john38@example.net,Mumbai,Kerala,2026-02-07 11:04:38.000
1765,Michelle Allen,william02@example.org,Pune,Karnataka,2025-01-27 02:31:25.000
1766,David Burns,heather17@example.com,Mumbai,Delhi,2025-05-12 15:23:24.000
1767,Jack Pratt,davisvictoria@example.org,Chennai,Telangana,2025-07-05 20:04:00.000
1768,Nathan Clark,romerodavid@example.net,Chennai,Karnataka,2025-03-09 10:52:02.000
1769,Amanda Fletcher,alexandria27@example.net,Pune,Maharashtra,2025-10-02 06:46:36.000
1770,Anthony Flynn,leecaitlin@example.com,Kochi,Maharashtra,2026-04-01 05:19:34.000
1771,Angela Wolf,williamwest@example.com,Mumbai,Delhi,2025-01-12 22:27:09.000
1772,Katherine Gonzalez,seanmiller@example.com,Bengaluru,Tamil Nadu,2026-03-03 21:08:58.000
1773,Charles Garcia,inolan@example.org,Pune,Kerala,2026-03-11 06:38:16.000
1774,Timothy Herrera,davidgreen@example.net,Delhi,Telangana,2025-08-03 18:28:47.000
1775,Mr. Rickey Donaldson,hcobb@example.com,Mumbai,Delhi,2025-06-01 02:12:44.000
1776,Kristen Smith,amunoz@example.net,Coimbatore,Maharashtra,2026-03-23 13:02:17.000
1777,Jacqueline Park,sarahstewart@example.com,Chennai,Telangana,2025-05-16 22:53:05.000
1778,Nancy Rush,carnold@example.org,Kochi,Delhi,2025-03-24 16:39:02.000
1779,Emily Caldwell,larry52@example.org,Bengaluru,Delhi,2025-08-17 13:15:05.000
1780,Christopher Garrett,wrighttina@example.net,Delhi,Tamil Nadu,2026-02-03 16:21:26.000
1781,Lisa Schroeder,xtorres@example.com,Pune,Delhi,2026-03-23 12:47:55.000
1782,Margaret Cooper,scottrandall@example.net,Pune,Kerala,2025-12-10 21:48:20.000
1783,Jenny Underwood,caitlin35@example.com,Kochi,Delhi,2026-01-11 15:30:52.000
1784,Frederick Thomas,marquezdenise@example.net,Mumbai,Telangana,2026-08-26 10:12:34.000
1785,Jessica Griffith,yjohnson@example.net,Coimbatore,Kerala,2025-12-24 20:27:05.000
1786,Cynthia Moore,jordanjames@example.org,Chennai,Maharashtra,2025-04-01 07:23:53.000
1787,Michael Mendez,jasonrodriguez@example.net,Pune,Tamil Nadu,2025-10-25 05:32:46.000
1788,David Owens,ahunt@example.org,Mumbai,Kerala,2026-06-29 14:52:11.000
1789,Michael Mitchell,debbie63@example.net,Mumbai,Telangana,2025-11-17 08:10:38.000
1790,Tim Miller,brittneyperez@example.com,Delhi,Delhi,2026-02-21 01:16:31.000
1791,Jennifer Parker,cynthia83@example.org,Chennai,Kerala,2025-07-24 13:11:38.000
1792,Laura Thompson,rebecca22@example.com,Mumbai,Telangana,2025-03-14 05:49:17.000
1793,Erin Harper,riddlederrick@example.org,Kochi,Kerala,2026-08-05 14:25:20.000
1794,Angel Bell,williamscandice@example.org,Delhi,Tamil Nadu,2026-03-07 17:35:21.000
1795,Jeffrey Mcdonald,colson@example.net,Hyderabad,Maharashtra,2025-09-01 19:00:45.000
1796,Steven Mejia,websteramanda@example.org,Delhi,Karnataka,2026-03-22 14:46:42.000
1797,Anthony Cole,pacemary@example.com,Pune,Karnataka,2026-08-03 13:21:38.000
1798,Joann Wise,evansjeremy@example.com,Mumbai,Maharashtra,2026-07-27 12:46:05.000
1799,Emily Davis,shelbyperez@example.org,Mumbai,Karnataka,2026-07-26 05:23:29.000
1800,Katherine Cole,montoyajames@example.com,Mumbai,Telangana,2025-06-10 14:37:59.000
1801,Ashlee Andrews,ewallace@example.org,Mumbai,Karnataka,2025-07-13 22:39:36.000
1802,Jennifer Brown,henrytammy@example.com,Delhi,Karnataka,2026-08-29 00:27:56.000
1803,Ronald Wright,byrdnancy@example.com,Bengaluru,Tamil Nadu,2025-03-02 23:06:51.000
1804,Keith Sandoval,watsoneric@example.org,Coimbatore,Delhi,2025-01-06 03:28:27.000
1805,Lauren Atkinson,jjackson@example.net,Chennai,Maharashtra,2025-10-16 07:36:17.000
1806,Edwin Mendoza,rosslogan@example.net,Delhi,Maharashtra,2026-03-23 05:49:02.000
1807,Andrea Spence,hannah55@example.org,Pune,Maharashtra,2025-05-23 00:58:42.000
1808,Kristin Jones,garciaamy@example.org,Pune,Maharashtra,2025-06-22 12:06:34.000
1809,Ronald Hicks,smithjohn@example.org,Hyderabad,Tamil Nadu,2026-02-13 08:25:08.000
1810,Christine Stewart,ashleyknight@example.com,Kochi,Maharashtra,2026-02-25 00:38:42.000
1811,Laurie Greene,zcollins@example.com,Chennai,Delhi,2025-09-27 17:56:07.000
1812,Diana White,xwilliamson@example.net,Kochi,Kerala,2026-08-26 15:53:53.000
1813,Kevin Gilbert,robin24@example.net,Hyderabad,Maharashtra,2025-04-04 11:49:31.000
1814,Peter Glenn,bthomas@example.net,Coimbatore,Telangana,2026-06-20 07:48:57.000
1815,Eric Wilson,wmayer@example.net,Chennai,Tamil Nadu,2026-06-08 14:11:30.000
1816,Kayla Ortiz,grivera@example.org,Mumbai,Maharashtra,2026-03-28 06:46:41.000
1817,Carol Smith,katherineolson@example.org,Bengaluru,Telangana,2025-10-08 20:45:21.000
1818,Harry Lewis,holmesdavid@example.org,Pune,Karnataka,2026-03-03 01:57:46.000
1819,Deborah Fischer,dorothyperry@example.org,Pune,Karnataka,2025-07-29 06:08:00.000
1820,Chase Duncan,blackeric@example.net,Coimbatore,Delhi,2025-09-24 11:46:53.000
1821,Donald Murphy,dcarr@example.org,Delhi,Karnataka,2026-01-23 09:44:49.000
1822,Willie Rogers,keithcharles@example.org,Kochi,Karnataka,2025-11-22 12:27:31.000
1823,John Jones,whiteheadangela@example.net,Delhi,Telangana,2025-11-08 03:35:14.000
1824,Lisa James,thomas42@example.net,Pune,Maharashtra,2025-05-20 17:22:41.000
1825,Tanner Chavez,carterallison@example.org,Hyderabad,Delhi,2026-06-17 20:11:20.000
1826,Kathryn Clark,gbaker@example.org,Mumbai,Tamil Nadu,2026-07-14 20:58:26.000
1827,Jonathan Scott,kaylagrant@example.net,Pune,Karnataka,2026-03-08 08:17:19.000
1828,Tammy Peters,vpotter@example.org,Kochi,Maharashtra,2025-06-02 06:52:59.000
1829,Laura Evans,alexandra58@example.com,Hyderabad,Kerala,2025-04-27 03:46:40.000
1830,Amy Rodriguez,joshua84@example.org,Coimbatore,Tamil Nadu,2025-05-18 04:11:53.000
1831,Brandon Brown,brian58@example.net,Kochi,Maharashtra,2025-04-15 10:44:01.000
1832,Randy Davis,andersondaniel@example.com,Delhi,Maharashtra,2025-08-22 01:02:33.000
1833,Madison Sanders,jerry96@example.com,Pune,Delhi,2026-03-18 01:12:09.000
1834,Paul Love,davidsonerika@example.net,Chennai,Maharashtra,2025-03-18 21:01:26.000
1835,Angela Parker,livingstondarren@example.net,Hyderabad,Tamil Nadu,2025-06-17 08:36:07.000
1836,Brenda Henry,olsonkristen@example.net,Pune,Maharashtra,2026-05-05 05:28:57.000
1837,Caitlyn Perry,kyliesmith@example.org,Bengaluru,Maharashtra,2026-08-02 08:13:25.000
1838,Christine Reese,reidkathleen@example.com,Delhi,Telangana,2025-10-08 08:49:11.000
1839,Donna Flores,leachjames@example.net,Delhi,Delhi,2026-03-10 00:23:40.000
1840,Virginia Stanley,kathryn46@example.net,Pune,Telangana,2025-01-16 09:45:26.000
1841,Miranda Kelly,cray@example.org,Kochi,Tamil Nadu,2025-09-30 16:48:03.000
1842,Stacey Wilson,smithjohn@example.net,Mumbai,Delhi,2026-03-24 07:27:02.000
1843,Colleen Bell,charlesbates@example.net,Hyderabad,Telangana,2025-10-03 19:42:44.000
1844,Travis Maxwell,boyerdebra@example.net,Delhi,Kerala,2026-02-01 11:22:32.000
1845,Thomas Hughes,brett13@example.com,Coimbatore,Kerala,2025-12-14 03:22:52.000
1846,Kim Crosby,jmurphy@example.org,Bengaluru,Maharashtra,2026-04-22 15:31:18.000
1847,Karen Carlson,lori24@example.com,Pune,Maharashtra,2026-05-06 15:58:07.000
1848,Derrick Rich,xvalenzuela@example.net,Hyderabad,Karnataka,2026-05-13 13:17:19.000
1849,Kathleen Williams,mccallmax@example.net,Delhi,Maharashtra,2026-05-06 07:47:21.000
1850,Amanda Lutz,gregorymoyer@example.org,Kochi,Tamil Nadu,2025-03-03 10:45:11.000
1851,James Forbes,lopezcynthia@example.org,Hyderabad,Telangana,2025-06-27 06:17:26.000
1852,Sean Johnson,kevinriley@example.org,Delhi,Telangana,2026-05-23 05:02:47.000
1853,Linda Murray,amanda80@example.org,Pune,Kerala,2025-07-27 18:02:48.000
1854,Tara Schultz,raymond52@example.com,Kochi,Telangana,2025-12-12 13:30:25.000
1855,Sydney Roberts,gutierrezdaniel@example.org,Delhi,Kerala,2026-04-01 20:58:39.000
1856,Christopher Sanders,vdonaldson@example.org,Coimbatore,Maharashtra,2025-05-10 23:02:08.000
1857,Ms. Samantha Smith,janet08@example.org,Hyderabad,Tamil Nadu,2025-04-08 02:54:46.000
1858,Jose Sanchez,jensencharles@example.org,Mumbai,Kerala,2025-07-15 11:02:24.000
1859,Monica Rose,njohns@example.org,Bengaluru,Karnataka,2025-05-10 15:26:11.000
1860,Andrew Murphy,twhite@example.net,Kochi,Tamil Nadu,2025-03-16 05:15:01.000
1861,Denise Smith,henry87@example.net,Bengaluru,Maharashtra,2026-03-02 23:32:45.000
1862,Christopher Stafford,brandy76@example.com,Chennai,Tamil Nadu,2026-08-22 19:14:45.000
1863,Mason Arnold,donald60@example.com,Kochi,Delhi,2026-08-18 04:33:57.000
1864,Susan Murray,cortezbrandon@example.org,Bengaluru,Tamil Nadu,2025-07-23 20:27:53.000
1865,Rebecca Gonzalez,jskinner@example.net,Hyderabad,Tamil Nadu,2026-05-24 14:57:56.000
1866,Connor Castillo,williamstodd@example.com,Kochi,Telangana,2025-06-28 03:30:17.000
1867,John Wells,mark00@example.com,Mumbai,Kerala,2025-08-09 17:24:40.000
1868,Eric Perez,thoward@example.com,Coimbatore,Kerala,2025-04-09 04:29:06.000
1869,James Flowers,alyssasmith@example.com,Hyderabad,Delhi,2025-05-13 12:21:48.000
1870,Debbie Ayala,cbowers@example.org,Chennai,Tamil Nadu,2026-05-31 09:27:08.000
1871,Walter Rodriguez,dcoleman@example.org,Delhi,Telangana,2026-01-05 20:10:03.000
1872,Daryl Shaw,keith74@example.com,Coimbatore,Delhi,2025-07-31 14:10:22.000
1873,Nicholas Munoz,ksilva@example.com,Coimbatore,Karnataka,2026-06-26 20:37:58.000
1874,Matthew Fuller,barnesbrent@example.org,Hyderabad,Delhi,2026-04-10 03:46:36.000
1875,Michelle Rice,ihenry@example.net,Coimbatore,Kerala,2026-08-05 16:43:26.000
1876,Eric Chandler,longkenneth@example.net,Kochi,Delhi,2026-05-12 22:29:05.000
1877,Brian Gilmore,bowerstimothy@example.org,Pune,Telangana,2026-01-10 02:38:17.000
1878,Alison Grant,russellanita@example.org,Mumbai,Tamil Nadu,2025-12-10 04:52:23.000
1879,Shelby Patel,davisethan@example.net,Pune,Telangana,2025-11-17 04:02:09.000
1880,Jennifer Baker,sbarber@example.org,Pune,Karnataka,2025-08-24 19:00:33.000
1881,Daniel Williams,burkeroger@example.net,Chennai,Tamil Nadu,2026-02-11 11:19:18.000
1882,Karen Kennedy,jason82@example.com,Hyderabad,Telangana,2025-08-11 17:38:08.000
1883,Jose Robinson,mortonscott@example.net,Coimbatore,Delhi,2025-01-07 11:02:31.000
1884,Karla Hopkins,reginaldbaxter@example.com,Coimbatore,Maharashtra,2025-08-21 17:08:41.000
1885,Clinton Lopez,brandon82@example.net,Chennai,Maharashtra,2025-08-16 12:28:23.000
1886,Carmen Hawkins,anna51@example.com,Mumbai,Tamil Nadu,2026-03-02 19:24:57.000
1887,Michelle Harris,johnstanley@example.net,Delhi,Karnataka,2025-11-16 19:18:46.000
1888,Ian Watson,milesjustin@example.org,Kochi,Maharashtra,2025-07-14 02:24:04.000
1889,Alexis Reed,wmartinez@example.net,Hyderabad,Kerala,2026-07-27 12:52:21.000
1890,Julia Martin,michaelsimmons@example.com,Kochi,Maharashtra,2025-06-21 08:08:27.000
1891,Michelle Gibson,slogan@example.net,Pune,Tamil Nadu,2025-11-24 23:06:45.000
1892,Mark Moran,thomasanderson@example.com,Mumbai,Delhi,2026-08-17 20:01:36.000
1893,Rachel Thomas,jackie66@example.net,Pune,Telangana,2026-05-19 16:06:55.000
1894,Wanda Brown,ugray@example.com,Pune,Maharashtra,2025-05-27 00:35:08.000
1895,Emily Lee,naustin@example.com,Bengaluru,Karnataka,2025-04-17 02:51:23.000
1896,Julie Lee,lloydleslie@example.com,Pune,Tamil Nadu,2026-05-10 16:32:26.000
1897,David Andrews,joseph07@example.org,Coimbatore,Delhi,2025-12-18 16:11:34.000
1898,William Holt,clarkryan@example.com,Pune,Kerala,2026-04-29 16:58:18.000
1899,Miguel Jones,john72@example.com,Coimbatore,Karnataka,2025-09-07 01:13:56.000
1900,James Smith,ksimmons@example.net,Chennai,Karnataka,2025-02-08 13:12:31.000
1901,Lisa Duncan,vanessaswanson@example.com,Chennai,Karnataka,2025-03-21 10:30:57.000
1902,Jeremy Leach,campbellterry@example.net,Pune,Telangana,2025-04-08 02:53:58.000
1903,Valerie Zamora,debra93@example.net,Coimbatore,Kerala,2025-01-07 08:56:07.000
1904,Joshua Boone,weissmark@example.com,Mumbai,Tamil Nadu,2025-04-28 00:56:51.000
1905,Phillip Whitehead,tiffanysantos@example.org,Chennai,Maharashtra,2025-06-18 16:40:45.000
1906,Jeffrey Harris,james44@example.org,Delhi,Maharashtra,2025-08-31 00:12:37.000
1907,Julia White,cody46@example.com,Coimbatore,Telangana,2025-12-27 03:42:17.000
1908,Amber Martinez,daniel46@example.com,Chennai,Telangana,2025-03-04 07:28:00.000
1909,Justin Campbell,stephanie89@example.com,Hyderabad,Tamil Nadu,2025-07-26 23:59:12.000
1910,Gregory Murphy,vaughnjoseph@example.com,Kochi,Tamil Nadu,2026-02-26 21:49:54.000
1911,Tiffany Mccullough,julieknight@example.net,Coimbatore,Karnataka,2025-05-30 06:43:26.000
1912,Ariel Schmidt,james48@example.com,Pune,Maharashtra,2025-01-10 19:10:11.000
1913,Kelly Rangel,hmendoza@example.org,Bengaluru,Kerala,2025-07-13 08:59:41.000
1914,David Gray,cameron71@example.com,Kochi,Maharashtra,2025-07-11 23:26:13.000
1915,Daisy Rosales,christine71@example.net,Chennai,Karnataka,2025-12-24 22:34:48.000
1916,Paul Shepherd,vmiller@example.com,Bengaluru,Delhi,2026-06-02 07:17:12.000
1917,Lynn Miles,mullinsbobby@example.com,Mumbai,Maharashtra,2025-10-30 05:46:39.000
1918,Tracy Mckay,andrew00@example.org,Pune,Telangana,2025-05-04 04:43:53.000
1919,Amy Myers,elizabethgray@example.org,Chennai,Kerala,2026-03-03 20:54:45.000
1920,Benjamin Barnes,gwilliams@example.org,Bengaluru,Telangana,2026-01-09 18:46:11.000
1921,Bruce Griffin,angelasanford@example.net,Pune,Karnataka,2025-10-07 22:50:23.000
1922,Denise Edwards,brobinson@example.net,Chennai,Kerala,2025-06-19 03:52:01.000
1923,Mrs. Veronica Potts,ericasherman@example.com,Bengaluru,Karnataka,2026-05-07 14:16:41.000
1924,Jeremy Clark,bethsmith@example.com,Kochi,Telangana,2025-01-12 16:52:56.000
1925,Heather Phillips,alexisevans@example.net,Hyderabad,Telangana,2026-03-31 03:32:22.000
1926,Joseph Williams,dennisbrown@example.org,Bengaluru,Maharashtra,2025-07-08 19:30:49.000
1927,Stacy Thompson,johnsondavid@example.org,Chennai,Tamil Nadu,2026-03-28 08:03:38.000
1928,Katie Cole,roberthernandez@example.org,Coimbatore,Kerala,2026-04-09 02:12:09.000
1929,Mandy Campos,angela87@example.com,Hyderabad,Telangana,2026-08-22 16:41:51.000
1930,Allen Cox,justingarner@example.org,Bengaluru,Karnataka,2025-05-03 11:42:44.000
1931,Sarah Powers,savagekevin@example.net,Coimbatore,Tamil Nadu,2026-06-17 18:56:05.000
1932,Thomas Lyons,georgemoody@example.net,Delhi,Kerala,2025-02-16 15:27:24.000
1933,Lonnie Woods,hayeshenry@example.com,Chennai,Telangana,2026-05-16 15:44:49.000
1934,Sarah Barnett,sherylscott@example.net,Hyderabad,Kerala,2026-02-21 14:21:02.000
1935,Lori Johnson,allenjames@example.com,Bengaluru,Karnataka,2026-01-14 22:03:01.000
1936,Diana Floyd,larsonraymond@example.net,Mumbai,Telangana,2026-03-10 16:24:23.000
1937,Sandra Mitchell,derek78@example.org,Delhi,Maharashtra,2026-07-24 11:37:49.000
1938,Joshua Pratt,ywright@example.com,Mumbai,Tamil Nadu,2026-06-20 08:33:03.000
1939,Jacqueline Smith,donnayoung@example.org,Kochi,Telangana,2026-07-17 15:46:44.000
1940,Brenda Horton,julie33@example.net,Hyderabad,Telangana,2025-01-31 16:07:11.000
1941,Andrew Taylor DDS,aharris@example.org,Coimbatore,Kerala,2025-12-06 19:35:28.000
1942,Keith Gonzales,lisa09@example.org,Pune,Delhi,2026-06-26 09:43:33.000
1943,Colin Garner,melissa05@example.com,Coimbatore,Karnataka,2026-03-17 04:05:09.000
1944,Kristopher Guerrero,jacqueline65@example.net,Hyderabad,Delhi,2025-09-28 00:56:21.000
1945,Hayley Johnson,holtmatthew@example.org,Delhi,Kerala,2025-12-30 19:30:37.000
1946,Karen Rivers,brittanywhite@example.net,Pune,Delhi,2026-03-07 17:00:28.000
1947,William Martinez,cochranbrian@example.net,Hyderabad,Tamil Nadu,2026-02-17 13:07:09.000
1948,William Taylor,matthewrhodes@example.org,Hyderabad,Maharashtra,2025-08-18 15:44:16.000
1949,Kimberly Ramirez,scott36@example.net,Pune,Delhi,2025-10-13 03:28:36.000
1950,Sean Norton,jonathan87@example.org,Coimbatore,Tamil Nadu,2026-08-26 16:09:29.000
1951,Brandon Walker,laurenlee@example.com,Kochi,Kerala,2025-05-25 02:36:35.000
1952,Beth Gomez,potterjulia@example.org,Chennai,Delhi,2025-10-10 18:51:12.000
1953,Patrick Davenport,mary62@example.net,Mumbai,Telangana,2026-07-15 00:28:50.000
1954,Jonathan Clements,pughbrian@example.com,Bengaluru,Kerala,2026-02-23 14:52:39.000
1955,Tracy Rose,jeffrey71@example.net,Kochi,Karnataka,2026-02-12 01:22:06.000
1956,John Thompson,npittman@example.org,Coimbatore,Delhi,2025-04-30 17:13:10.000
1957,Linda Smith,carlalang@example.org,Pune,Telangana,2025-11-15 07:18:36.000
1958,April Garcia,glennjamie@example.com,Delhi,Tamil Nadu,2025-03-16 18:20:50.000
1959,Brett Taylor,jpierce@example.org,Bengaluru,Tamil Nadu,2025-04-11 19:10:03.000
1960,Timothy Watson,wesley79@example.com,Hyderabad,Tamil Nadu,2025-06-06 23:01:34.000
1961,Miguel Smith,clarknicholas@example.net,Bengaluru,Maharashtra,2025-05-29 19:59:35.000
1962,James Roberts,james77@example.net,Bengaluru,Tamil Nadu,2026-03-20 12:26:18.000
1963,Reginald Lewis,jessicajones@example.net,Kochi,Kerala,2026-01-16 12:34:39.000
1964,Mary Golden,choirobert@example.org,Pune,Tamil Nadu,2025-10-12 13:20:02.000
1965,William Barnes,david34@example.com,Mumbai,Delhi,2026-07-12 13:36:15.000
1966,Sarah Ryan,stephanie71@example.org,Bengaluru,Tamil Nadu,2025-06-12 03:09:36.000
1967,Jill Hart,janebauer@example.org,Coimbatore,Tamil Nadu,2025-12-30 13:15:17.000
1968,Cassandra Roberts,jennifer82@example.org,Chennai,Telangana,2026-03-10 10:14:40.000
1969,Eric Clark,lmann@example.com,Kochi,Telangana,2026-07-05 06:09:46.000
1970,Alexander Farmer,zmitchell@example.net,Chennai,Delhi,2025-07-26 11:09:45.000
1971,Sandra Farmer,brandontanner@example.net,Chennai,Kerala,2025-02-24 16:07:47.000
1972,Brianna Rogers,jedwards@example.net,Pune,Tamil Nadu,2025-06-17 16:40:07.000
1973,Jesse Garcia,agutierrez@example.net,Bengaluru,Tamil Nadu,2026-07-18 06:11:04.000
1974,Christy Smith,colleen27@example.net,Mumbai,Delhi,2025-10-27 07:05:31.000
1975,Kevin Parrish,angela66@example.com,Mumbai,Karnataka,2026-02-13 16:55:48.000
1976,John Robinson,zwaters@example.net,Mumbai,Delhi,2026-05-01 16:54:13.000
1977,Mark Hall,mwilson@example.net,Hyderabad,Delhi,2026-08-05 21:59:42.000
1978,Tamara Graves,anna63@example.net,Kochi,Kerala,2025-03-23 22:55:36.000
1979,Morgan Flores,clinepatricia@example.net,Delhi,Kerala,2025-12-23 07:10:17.000
1980,Katelyn Thomas,rasmussenmichael@example.net,Kochi,Tamil Nadu,2025-05-10 13:33:03.000
1981,Douglas Smith,erikbuchanan@example.net,Hyderabad,Delhi,2025-11-08 21:34:05.000
1982,Kelly Salazar,adamgarcia@example.com,Delhi,Kerala,2025-05-03 20:37:22.000
1983,Robert Green,michelle18@example.com,Coimbatore,Telangana,2025-09-02 18:54:53.000
1984,Rachel West,qmorgan@example.com,Delhi,Telangana,2025-11-17 06:38:09.000
1985,Denise Cabrera,iturner@example.com,Kochi,Kerala,2025-09-09 05:33:43.000
1986,Clayton Jones,elizabethchaney@example.org,Mumbai,Delhi,2026-02-28 19:12:37.000
1987,Maureen Ramos,jasontrevino@example.net,Mumbai,Maharashtra,2026-08-18 17:50:08.000
1988,Natalie Rodriguez,carol27@example.org,Pune,Telangana,2025-12-18 09:24:43.000
1989,Sherri Nash,robin79@example.net,Coimbatore,Maharashtra,2025-01-01 03:38:48.000
1990,Heather Payne,mary75@example.com,Chennai,Telangana,2026-04-08 17:49:26.000
1991,Karen Weaver,jsanchez@example.com,Chennai,Delhi,2025-04-15 22:10:48.000
1992,Latoya Robles,randy68@example.org,Pune,Tamil Nadu,2025-08-22 06:37:50.000
1993,Alisha Russell,gabriel15@example.com,Mumbai,Karnataka,2025-09-02 14:14:55.000
1994,Justin Macias,tricia51@example.net,Chennai,Kerala,2025-08-03 08:12:49.000
1995,Becky Johnson,campbelljennifer@example.net,Hyderabad,Tamil Nadu,2025-01-30 07:27:20.000
1996,Amber Stevens,samantha86@example.com,Coimbatore,Telangana,2025-05-02 06:02:50.000
1997,Mrs. Amy Le,katherine00@example.org,Hyderabad,Telangana,2025-10-13 02:55:15.000
1998,Amber Moore,luisburke@example.org,Mumbai,Karnataka,2025-07-19 00:43:52.000
1999,Matthew Sandoval,nicholasbowers@example.net,Pune,Tamil Nadu,2026-03-20 02:39:05.000
2000,Timothy Smith,uevans@example.org,Kochi,Delhi,2025-06-18 21:19:28.000
2001,Sarah Hernandez,carolynsmith@example.com,Bengaluru,Kerala,2025-09-10 04:41:54.000
2002,Michael Romero,bmills@example.net,Coimbatore,Karnataka,2026-01-15 06:07:54.000
2003,Marcus Garcia,ogentry@example.com,Bengaluru,Delhi,2026-05-14 20:29:38.000
2004,Tyler Watkins,patriciaparker@example.org,Pune,Tamil Nadu,2026-07-22 14:54:03.000
2005,Jacob Torres,rali@example.net,Kochi,Tamil Nadu,2026-08-29 22:31:35.000
2006,Justin Miller,jessicathomas@example.net,Chennai,Telangana,2025-09-28 05:53:20.000
2007,Katie Gonzalez,webbsabrina@example.net,Kochi,Maharashtra,2025-04-04 15:02:17.000
2008,Mia Martinez,simsrachel@example.com,Mumbai,Kerala,2026-05-23 00:41:09.000
2009,Heather Houston,lawrencemiller@example.com,Chennai,Kerala,2026-08-27 20:08:00.000
2010,Lynn Ford,rgarcia@example.org,Kochi,Tamil Nadu,2025-08-25 17:34:27.000
2011,Jacob Barber,wilsongeorge@example.com,Chennai,Telangana,2026-02-24 09:01:10.000
2012,Thomas White,joshuaking@example.com,Hyderabad,Telangana,2026-01-26 05:26:41.000
2013,Nicholas Lopez,amymarsh@example.net,Mumbai,Karnataka,2025-02-09 05:45:27.000
2014,Travis Smith,mollybrewer@example.com,Kochi,Maharashtra,2026-08-08 17:57:30.000
2015,Natalie Henderson,victor21@example.net,Bengaluru,Karnataka,2025-12-02 11:51:52.000
2016,Johnny Hooper,gregory35@example.org,Pune,Maharashtra,2025-04-25 23:09:04.000
2017,Jacob Leon,crystalanderson@example.com,Hyderabad,Telangana,2025-03-06 02:45:08.000
2018,Judith Holloway,brad02@example.com,Coimbatore,Delhi,2026-08-02 21:40:45.000
2019,Karen Walker,cookemily@example.org,Chennai,Delhi,2025-11-07 01:27:54.000
2020,John Norman,christopherhenry@example.com,Pune,Tamil Nadu,2025-11-06 13:04:56.000
2021,Melissa Valdez,hlandry@example.net,Kochi,Kerala,2025-04-12 06:22:09.000
2022,Victor Holland,cummingsrachel@example.net,Hyderabad,Maharashtra,2026-03-11 10:02:11.000
2023,Garrett Stark,geoffrey19@example.com,Mumbai,Maharashtra,2025-11-04 01:16:35.000
2024,Jeffrey Lopez,tmaxwell@example.net,Mumbai,Delhi,2026-04-24 11:00:47.000
2025,Lindsey Cook,hernandezwendy@example.org,Mumbai,Karnataka,2025-02-25 15:32:26.000
2026,Christopher Bullock II,joshua45@example.net,Pune,Maharashtra,2025-09-09 04:49:47.000
2027,Andrew Sherman,johnsonbrandon@example.com,Bengaluru,Tamil Nadu,2026-06-06 18:16:55.000
2028,Jeffrey Phillips,pamelaroberts@example.org,Kochi,Maharashtra,2025-10-11 17:04:56.000
2029,Aaron Brady,kstrickland@example.org,Delhi,Karnataka,2025-09-07 02:59:47.000
2030,Lisa King,vanessa01@example.org,Delhi,Delhi,2026-05-25 01:43:31.000
2031,Stephanie Aguirre,tiffany11@example.net,Chennai,Telangana,2025-05-12 11:08:48.000
2032,Suzanne Curtis,amandaevans@example.net,Delhi,Delhi,2025-12-10 11:23:37.000
2033,Laura Fisher,david95@example.com,Hyderabad,Maharashtra,2025-02-04 20:34:41.000
2034,Anthony Simmons,ybutler@example.net,Mumbai,Karnataka,2026-06-17 08:01:19.000
2035,Susan Bell,yjohnson@example.org,Delhi,Karnataka,2026-08-12 13:10:53.000
2036,Lucas Campbell MD,eholt@example.com,Bengaluru,Tamil Nadu,2026-07-29 10:48:03.000
2037,Stacy Roth,jordantommy@example.com,Chennai,Karnataka,2026-04-28 08:19:28.000
2038,Tina Welch,jessica82@example.org,Hyderabad,Telangana,2025-01-11 16:00:25.000
2039,Peter Harris,dtaylor@example.org,Delhi,Kerala,2025-03-28 10:22:19.000
2040,Dana Murphy,connierocha@example.org,Pune,Maharashtra,2026-01-01 23:37:26.000
2041,Christopher Warren,qmcdonald@example.org,Chennai,Telangana,2025-06-12 08:13:12.000
2042,Tiffany Edwards,lisagreen@example.net,Mumbai,Karnataka,2026-03-01 10:05:08.000
2043,Donna Lewis,tcarter@example.net,Pune,Delhi,2026-01-11 04:15:48.000
2044,Jason Jennings,matthewrobinson@example.net,Hyderabad,Kerala,2026-06-27 17:44:29.000
2045,Barry Davis,kevinallen@example.net,Chennai,Maharashtra,2026-03-29 19:59:59.000
2046,Nathan Parker,brittany33@example.com,Chennai,Telangana,2025-05-13 06:59:18.000
2047,Jamie Patterson,vvelez@example.org,Chennai,Telangana,2025-06-05 21:14:44.000
2048,Amanda Weaver,yvonne88@example.net,Pune,Tamil Nadu,2025-12-28 03:29:52.000
2049,Bradley Pruitt,wlindsey@example.org,Chennai,Tamil Nadu,2025-10-29 20:52:14.000
2050,Aaron Walters,alexandra21@example.net,Pune,Kerala,2026-05-28 17:09:46.000
2051,Mr. Jared Jacobson,sblair@example.com,Delhi,Tamil Nadu,2025-01-15 19:38:44.000
2052,Matthew Cooper,nlara@example.com,Pune,Kerala,2025-10-28 05:18:54.000
2053,Dana Ashley,hansonsamuel@example.org,Mumbai,Maharashtra,2026-01-30 23:52:43.000
2054,Joe Walker,whitejessica@example.com,Bengaluru,Telangana,2026-01-12 10:45:26.000
2055,Michelle Smith,rachelneal@example.org,Bengaluru,Karnataka,2025-06-04 11:18:08.000
2056,Jessica Harris,tmora@example.net,Coimbatore,Delhi,2026-07-08 09:23:18.000
2057,Bobby Murphy,petersmorgan@example.net,Chennai,Tamil Nadu,2025-07-12 03:43:25.000
2058,Stacie Williams,omartin@example.net,Pune,Telangana,2026-01-16 13:00:36.000
2059,Aaron Estrada,victor82@example.net,Kochi,Kerala,2025-05-02 22:47:24.000
2060,John Mills,lharris@example.net,Chennai,Telangana,2026-06-16 12:29:17.000
2061,Michelle Mathews,sarahbarnett@example.net,Delhi,Telangana,2026-05-01 15:09:00.000
2062,Gregory Simpson,denisejoseph@example.com,Pune,Karnataka,2026-01-25 08:00:16.000
2063,Harold Jones,carol05@example.com,Pune,Tamil Nadu,2026-05-02 01:36:54.000
2064,Benjamin Young,stacey46@example.com,Pune,Maharashtra,2025-01-23 21:17:02.000
2065,Jose Robinson,carolynchung@example.org,Pune,Karnataka,2025-04-28 20:02:43.000
2066,Kristen Fuentes,scottscott@example.com,Delhi,Maharashtra,2026-05-26 06:05:44.000
2067,Melissa Simmons,erikjohnson@example.org,Hyderabad,Tamil Nadu,2026-07-21 22:07:46.000
2068,Charles Robertson,woodmichael@example.net,Kochi,Delhi,2026-06-11 14:44:27.000
2069,Kathleen Hernandez,perkinsjeremy@example.com,Mumbai,Maharashtra,2025-07-06 16:39:00.000
2070,Robert Williams,gharvey@example.net,Hyderabad,Maharashtra,2025-08-31 15:14:12.000
2071,Kelly Matthews,thomas44@example.net,Delhi,Maharashtra,2026-02-26 03:58:11.000
2072,Stephanie Morris,jill18@example.net,Hyderabad,Karnataka,2026-05-22 18:58:18.000
2073,Robert Barnes,kbenitez@example.net,Hyderabad,Delhi,2026-02-25 11:34:00.000
2074,Paula Roberts DDS,ajennings@example.org,Mumbai,Karnataka,2025-08-29 00:08:51.000
2075,Kevin Griffith,khernandez@example.org,Hyderabad,Maharashtra,2026-08-22 02:46:20.000
2076,Mark Day,taragardner@example.net,Hyderabad,Kerala,2026-03-15 17:27:38.000
2077,Robert Le,keithball@example.org,Hyderabad,Telangana,2025-02-22 16:08:43.000
2078,Karen Carson,smithjohn@example.net,Bengaluru,Karnataka,2025-09-04 16:26:53.000
2079,John Martin,sarah07@example.org,Hyderabad,Kerala,2025-01-23 21:36:33.000
2080,Melissa Jenkins,samuel34@example.com,Delhi,Maharashtra,2025-11-16 10:17:18.000
2081,Gary Parker,bobbygraves@example.com,Pune,Maharashtra,2026-08-03 03:10:21.000
2082,Christopher Stark,reneewatson@example.org,Pune,Karnataka,2026-08-29 03:37:25.000
2083,Megan Brooks,melissa09@example.net,Mumbai,Tamil Nadu,2025-04-13 04:11:34.000
2084,Zachary Bell,ulozano@example.org,Hyderabad,Tamil Nadu,2026-08-16 05:03:04.000
2085,Gregg Wilson,mitchell59@example.org,Pune,Delhi,2026-03-17 10:26:57.000
2086,Daniel Marshall,ymarquez@example.org,Mumbai,Delhi,2025-06-30 08:11:46.000
2087,Tina Butler,rachael42@example.org,Mumbai,Kerala,2025-01-21 06:15:00.000
2088,Sarah Zuniga,cboyd@example.com,Delhi,Tamil Nadu,2026-06-19 11:52:59.000
2089,Troy Craig,washingtonjeffery@example.org,Coimbatore,Karnataka,2026-01-26 04:00:32.000
2090,Marissa Mcdaniel,karenstark@example.net,Coimbatore,Kerala,2026-05-20 12:50:07.000
2091,George Ray,traci39@example.com,Delhi,Karnataka,2025-10-28 22:46:59.000
2092,Randy Mitchell,sheila89@example.org,Coimbatore,Maharashtra,2025-04-17 19:25:22.000
2093,Donna Gomez,gerald04@example.net,Hyderabad,Karnataka,2025-06-25 18:02:08.000
2094,Jennifer Barron,ssullivan@example.net,Chennai,Maharashtra,2026-08-17 20:02:13.000
2095,Jeremy Dominguez,figueroamargaret@example.net,Chennai,Telangana,2025-11-17 19:41:55.000
2096,Wesley Robertson,garylee@example.com,Mumbai,Kerala,2026-06-06 10:40:03.000
2097,Kelly Gordon MD,drichardson@example.net,Mumbai,Karnataka,2025-02-21 08:52:13.000
2098,Emily Hunt,andersonjeffrey@example.com,Hyderabad,Maharashtra,2026-04-25 06:49:12.000
2099,Spencer Williams,daniel12@example.com,Coimbatore,Kerala,2025-09-10 08:29:36.000
2100,Justin Medina,mortonjohn@example.com,Coimbatore,Karnataka,2025-11-29 02:12:56.000
2101,Pamela Edwards,marksantana@example.com,Kochi,Tamil Nadu,2026-04-18 04:38:08.000
2102,Nancy Nguyen,erollins@example.net,Kochi,Kerala,2025-09-01 00:49:55.000
2103,George Butler,figueroamarissa@example.org,Kochi,Delhi,2026-07-31 16:36:14.000
2104,Rebecca Gutierrez,cbates@example.com,Chennai,Delhi,2025-03-26 21:48:12.000
2105,Jeremy Mcknight,nathannolan@example.com,Coimbatore,Maharashtra,2025-02-02 22:41:23.000
2106,Theresa Morales,arthurnielsen@example.com,Mumbai,Delhi,2026-02-22 18:36:27.000
2107,Ronald Thornton,jeffreysullivan@example.net,Kochi,Kerala,2025-01-31 11:42:11.000
2108,Christopher Peck,pattonstacey@example.net,Kochi,Delhi,2026-08-18 07:36:49.000
2109,Heather Rodriguez,laurenmedina@example.com,Chennai,Karnataka,2025-08-15 03:58:36.000
2110,Richard Romero,dawn72@example.org,Coimbatore,Maharashtra,2025-08-25 13:18:02.000
2111,Carol Nguyen,wrightdesiree@example.com,Pune,Maharashtra,2025-05-10 07:32:06.000
2112,Stacey Morris,johnstevenson@example.com,Kochi,Telangana,2026-04-22 05:39:04.000
2113,Kimberly Mendoza,ebaker@example.com,Chennai,Kerala,2026-02-06 13:00:45.000
2114,Randall Bell,juliesherman@example.com,Hyderabad,Maharashtra,2026-05-17 20:12:18.000
2115,Caroline Pena,marie64@example.org,Coimbatore,Tamil Nadu,2026-07-16 07:06:45.000
2116,Valerie Martin,allenmartha@example.com,Bengaluru,Karnataka,2026-08-28 20:36:02.000
2117,Michelle Lee,vancelorraine@example.org,Hyderabad,Maharashtra,2025-11-18 05:18:15.000
2118,Gregory Thornton,hamiltonmichael@example.org,Delhi,Maharashtra,2025-01-20 08:23:43.000
2119,Robert Johnson,moorechad@example.org,Hyderabad,Maharashtra,2026-04-04 12:16:40.000
2120,Alexa Ward,erik51@example.com,Mumbai,Maharashtra,2025-03-12 01:04:14.000
2121,Jessica Jones,david93@example.org,Pune,Telangana,2026-06-22 06:32:50.000
2122,Jorge Figueroa,rhernandez@example.com,Hyderabad,Kerala,2026-07-24 13:00:02.000
2123,Dr. Sabrina Norris,qpetersen@example.net,Bengaluru,Tamil Nadu,2025-03-30 16:11:19.000
2124,Mark Diaz,vcoleman@example.net,Coimbatore,Kerala,2025-10-09 21:45:18.000
2125,Joshua Ruiz,michael74@example.net,Bengaluru,Delhi,2026-07-04 08:38:18.000
2126,Ashley Turner,nhorne@example.com,Kochi,Kerala,2026-02-02 10:09:14.000
2127,Amy Fitzgerald,howard88@example.com,Hyderabad,Maharashtra,2026-03-04 11:11:27.000
2128,Dr. Brenda Martinez,thomasgreen@example.com,Kochi,Tamil Nadu,2026-08-20 17:24:37.000
2129,Kristen Rivas,ggreene@example.net,Hyderabad,Telangana,2026-03-16 05:31:37.000
2130,Jennifer Chen,charlesmoore@example.com,Hyderabad,Karnataka,2025-04-23 07:40:36.000
2131,Susan Mcdaniel,wagnerlinda@example.com,Hyderabad,Kerala,2025-02-09 20:29:48.000
2132,Lauren Osborne,fwhite@example.net,Kochi,Telangana,2025-08-29 09:50:21.000
2133,Lauren Garrett,steven60@example.com,Coimbatore,Telangana,2026-05-02 13:55:39.000
2134,Justin Smith,petersjessica@example.org,Hyderabad,Tamil Nadu,2025-04-13 04:39:42.000
2135,Claudia Hernandez,ginalee@example.net,Mumbai,Tamil Nadu,2026-04-29 13:21:56.000
2136,James Vasquez,hpatterson@example.org,Pune,Tamil Nadu,2025-12-23 05:43:07.000
2137,James Hart,wilsonjennifer@example.com,Coimbatore,Maharashtra,2026-02-27 03:35:45.000
2138,Lisa Jenkins,morgan81@example.net,Chennai,Delhi,2026-01-19 06:53:16.000
2139,Mr. Dennis Blevins,carlsonrandy@example.org,Mumbai,Karnataka,2026-04-03 09:11:21.000
2140,Danielle Scott,richardsantiago@example.org,Coimbatore,Maharashtra,2025-11-15 13:46:32.000
2141,Adrian Richmond,adrienne83@example.org,Coimbatore,Tamil Nadu,2026-04-12 23:29:20.000
2142,Jennifer Rogers,cynthia92@example.net,Chennai,Karnataka,2026-03-02 03:11:13.000
2143,Heather Whitney,jasonwhitaker@example.net,Pune,Delhi,2026-05-04 06:36:49.000
2144,Tiffany Jenkins,alicia89@example.org,Mumbai,Tamil Nadu,2025-05-24 13:40:01.000
2145,Shane Vang,karen63@example.org,Hyderabad,Tamil Nadu,2026-05-23 09:57:49.000
2146,Nancy Holland,markcannon@example.com,Delhi,Tamil Nadu,2025-04-23 21:58:31.000
2147,Lauren Vargas,grahamjohn@example.com,Chennai,Kerala,2026-03-26 00:25:45.000
2148,Bonnie Patel,amaddox@example.org,Pune,Telangana,2025-03-10 02:53:47.000
2149,Matthew Allen,jesus18@example.com,Chennai,Tamil Nadu,2025-11-20 20:38:25.000
2150,Brittany Harvey,allisonstewart@example.com,Hyderabad,Karnataka,2026-06-07 00:40:29.000
2151,Cynthia Christensen,amyweber@example.org,Pune,Delhi,2026-05-29 08:31:39.000
2152,Debra Cox,paul54@example.net,Hyderabad,Maharashtra,2026-08-06 00:36:47.000
2153,Michael Allen,brian71@example.org,Delhi,Tamil Nadu,2025-03-14 07:59:59.000
2154,Holly Ellis,christinekaiser@example.net,Pune,Telangana,2025-10-14 06:37:55.000
2155,Christopher Graham,brian67@example.com,Kochi,Tamil Nadu,2026-08-13 02:23:00.000
2156,Gary Johnson,hensonbrandon@example.org,Kochi,Delhi,2025-02-20 10:18:21.000
2157,Jennifer Roach,javierknox@example.net,Pune,Maharashtra,2025-04-15 12:06:55.000
2158,Brian Robinson,scottrichard@example.net,Bengaluru,Kerala,2025-08-02 03:31:56.000
2159,Shane Torres,katherine03@example.net,Delhi,Delhi,2025-11-18 09:00:23.000
2160,Amber Love,gallen@example.com,Mumbai,Kerala,2025-06-12 08:59:33.000
2161,Jason Powell,anthonyreid@example.com,Chennai,Tamil Nadu,2026-03-20 19:03:15.000
2162,James Pugh,singhtiffany@example.org,Bengaluru,Maharashtra,2026-07-17 09:43:12.000
2163,Paige Lopez,sgonzalez@example.org,Pune,Maharashtra,2026-04-18 21:41:09.000
2164,David Nelson,shirley68@example.org,Delhi,Telangana,2026-02-13 02:00:08.000
2165,Alexandra Williams,jennifer99@example.net,Delhi,Karnataka,2026-04-23 03:11:42.000
2166,Robert Mcdonald,kristin79@example.net,Coimbatore,Delhi,2026-07-21 08:59:19.000
2167,Chris Evans,edaniels@example.com,Coimbatore,Maharashtra,2025-05-20 17:42:49.000
2168,David Smith,reneemiller@example.org,Mumbai,Kerala,2025-08-14 15:05:23.000
2169,Brian Silva,collin78@example.net,Mumbai,Tamil Nadu,2025-04-02 19:32:26.000
2170,Eric King,jmiller@example.net,Chennai,Maharashtra,2026-05-01 19:25:59.000
2171,Jamie Allen,brenda76@example.net,Bengaluru,Kerala,2025-06-11 00:55:36.000
2172,Janet Walls,darlene74@example.com,Kochi,Maharashtra,2025-02-05 08:02:09.000
2173,David Gomez,pkim@example.com,Delhi,Telangana,2026-03-12 06:54:07.000
2174,Christopher Thomas,jamesross@example.com,Mumbai,Tamil Nadu,2026-05-13 13:59:27.000
2175,Cynthia Johnson,elizabethsullivan@example.net,Mumbai,Kerala,2025-08-07 17:54:08.000
2176,Ryan Fitzgerald,ohughes@example.com,Pune,Tamil Nadu,2025-08-28 01:17:46.000
2177,Donna Noble,hicksjeffrey@example.org,Pune,Delhi,2026-03-04 04:37:25.000
2178,Brendan Peters,kennethmccann@example.org,Delhi,Tamil Nadu,2025-03-30 10:04:15.000
2179,Nicole Smith,poncekelly@example.net,Delhi,Telangana,2025-11-04 14:53:40.000
2180,Brandon Johnson,amadden@example.org,Chennai,Karnataka,2025-05-31 16:42:45.000
2181,Stephanie Logan,jenniferwhitaker@example.com,Delhi,Telangana,2026-06-07 07:48:16.000
2182,Elizabeth Berry,kendrakramer@example.net,Coimbatore,Maharashtra,2025-01-28 14:51:13.000
2183,Krystal Allen,lopezphillip@example.net,Hyderabad,Maharashtra,2025-05-01 16:36:37.000
2184,Nancy Douglas,kochmakayla@example.com,Coimbatore,Delhi,2025-09-18 06:53:48.000
2185,David Montgomery,lori80@example.org,Coimbatore,Maharashtra,2026-07-31 18:46:52.000
2186,Jessica Jimenez,marie32@example.net,Chennai,Delhi,2025-08-21 12:10:18.000
2187,Amy Bennett,michael65@example.net,Delhi,Delhi,2026-02-21 05:37:45.000
2188,Thomas Mcdonald,xcox@example.net,Chennai,Karnataka,2026-03-25 11:28:19.000
2189,Gary Sandoval,jeremybrown@example.org,Delhi,Telangana,2025-02-21 10:18:01.000
2190,Robert Stevens,thompsonjonathan@example.com,Hyderabad,Telangana,2025-01-25 05:06:35.000
2191,Heather Lawrence,rachelgomez@example.net,Delhi,Maharashtra,2026-05-02 15:00:31.000
2192,Timothy Thomas,frank60@example.net,Hyderabad,Delhi,2026-04-16 10:51:46.000
2193,Michael Gonzalez,allison90@example.com,Kochi,Karnataka,2026-04-08 07:10:50.000
2194,Joy Simmons,anthonydennis@example.org,Bengaluru,Telangana,2026-07-02 19:06:52.000
2195,David Johnson,ruth25@example.com,Delhi,Kerala,2025-01-25 13:35:33.000
2196,Melanie Payne,robert54@example.net,Pune,Maharashtra,2025-03-09 10:01:40.000
2197,Richard Lewis,jason99@example.org,Coimbatore,Karnataka,2025-10-16 14:49:11.000
2198,Adam Trujillo,gary78@example.net,Coimbatore,Telangana,2025-06-17 21:08:21.000
2199,Todd Vasquez,kimberlyday@example.org,Pune,Karnataka,2025-03-29 04:08:33.000
2200,Francis Pacheco,qgreen@example.com,Delhi,Tamil Nadu,2026-08-28 03:03:49.000
2201,Amy Becker,joseph42@example.net,Mumbai,Tamil Nadu,2025-12-11 16:32:55.000
2202,George Martinez,jasongonzalez@example.org,Chennai,Maharashtra,2026-01-24 09:41:16.000
2203,Sierra Vincent,rachel34@example.org,Hyderabad,Karnataka,2025-09-22 04:13:11.000
2204,Richard Brown,rclay@example.org,Coimbatore,Kerala,2026-02-11 17:07:57.000
2205,Brian Walsh,ucolon@example.org,Pune,Telangana,2025-04-22 07:12:47.000
2206,Gina Hill,markmoore@example.com,Bengaluru,Delhi,2026-06-10 14:55:28.000
2207,Rachael Walters,imoore@example.net,Hyderabad,Karnataka,2026-07-17 18:58:32.000
2208,Frank Johnson,douglasjames@example.com,Chennai,Maharashtra,2025-10-29 01:10:04.000
2209,John Sanders,samuel38@example.net,Bengaluru,Tamil Nadu,2025-08-30 13:06:42.000
2210,Mike Michael,dillondestiny@example.net,Chennai,Kerala,2026-04-07 14:19:24.000
2211,Erik Norris,fwilson@example.net,Bengaluru,Telangana,2025-12-29 15:11:51.000
2212,Thomas Green,sharon12@example.net,Chennai,Tamil Nadu,2026-02-09 08:16:18.000
2213,Susan Kelly PhD,lwells@example.net,Pune,Tamil Nadu,2026-03-25 14:29:44.000
2214,Sheila Price,xoneill@example.com,Pune,Kerala,2025-06-12 23:48:25.000
2215,Rebecca Ross,newtonkatie@example.com,Delhi,Karnataka,2025-05-30 13:18:39.000
2216,Zachary Gentry,cconley@example.com,Pune,Telangana,2026-02-18 10:20:24.000
2217,Robert Howell,susan08@example.com,Delhi,Maharashtra,2026-06-06 06:39:32.000
2218,Jessica Hanson,erincarter@example.net,Bengaluru,Telangana,2025-04-26 23:32:24.000
2219,Benjamin Daniels,nmccarty@example.com,Hyderabad,Telangana,2025-03-30 21:41:47.000
2220,Mr. Shawn Hall,cherylmoyer@example.net,Chennai,Delhi,2026-03-11 16:10:49.000
2221,Shawn Bennett,leephilip@example.net,Bengaluru,Karnataka,2026-02-26 09:28:05.000
2222,William Keller,margaretfigueroa@example.com,Delhi,Delhi,2025-09-05 08:59:20.000
2223,Gabriel Palmer,zibarra@example.com,Pune,Karnataka,2026-07-02 02:06:16.000
2224,Donna Castillo,qfoley@example.com,Pune,Delhi,2025-07-10 03:52:12.000
2225,Mark Schroeder,smccormick@example.net,Hyderabad,Tamil Nadu,2025-08-30 20:29:54.000
2226,Heidi Zamora,angelaalvarez@example.net,Delhi,Delhi,2025-12-11 14:11:29.000
2227,David Smith,dwilkinson@example.net,Chennai,Karnataka,2025-01-23 12:27:46.000
2228,Linda Barnes,rogerslisa@example.org,Coimbatore,Kerala,2025-02-09 04:34:05.000
2229,Samantha Andrade,wgreer@example.com,Bengaluru,Maharashtra,2025-02-11 18:54:08.000
2230,Anna Carpenter,jamie69@example.com,Bengaluru,Maharashtra,2025-11-01 09:51:28.000
2231,Julia Booth,garciajames@example.com,Hyderabad,Kerala,2026-04-09 00:30:27.000
2232,Katelyn Parker,jasmineryan@example.net,Coimbatore,Delhi,2025-10-04 05:19:03.000
2233,Allen Jimenez,robertquinn@example.net,Pune,Telangana,2025-06-03 21:43:49.000
2234,Jordan Fuller,steven87@example.org,Bengaluru,Maharashtra,2026-03-18 00:21:35.000
2235,Rachel Rogers,hlindsey@example.net,Hyderabad,Tamil Nadu,2026-06-27 14:50:12.000
2236,Gary Morris,jerry04@example.net,Coimbatore,Tamil Nadu,2025-12-20 20:42:16.000
2237,Pamela Walker,colleen69@example.org,Pune,Kerala,2026-05-16 12:50:00.000
2238,Katie Jordan,carlosking@example.net,Coimbatore,Maharashtra,2025-06-29 23:05:35.000
2239,Matthew Sherman,lewismatthew@example.org,Mumbai,Karnataka,2026-04-25 04:38:02.000
2240,Nicholas Glenn,wesley61@example.com,Pune,Telangana,2025-11-01 12:50:36.000
2241,Leslie Wilkinson,fdavis@example.net,Hyderabad,Kerala,2026-06-01 15:51:55.000
2242,Michael Drake,rebekah21@example.org,Delhi,Telangana,2025-12-19 01:48:31.000
2243,Tammy Scott,yolanda37@example.org,Coimbatore,Tamil Nadu,2025-02-20 18:29:44.000
2244,Alyssa Evans,shawnnunez@example.net,Coimbatore,Tamil Nadu,2025-09-30 23:19:54.000
2245,Anita Fowler,jamiewoodward@example.org,Coimbatore,Maharashtra,2025-05-13 15:58:17.000
2246,Heather Ward,unelson@example.net,Pune,Telangana,2026-04-15 11:34:57.000
2247,Lisa Zavala,dennisvincent@example.com,Hyderabad,Delhi,2025-03-21 22:47:43.000
2248,Jordan Todd,michellehicks@example.net,Kochi,Kerala,2025-03-25 02:16:33.000
2249,Shawn Wright,michaelmichael@example.com,Delhi,Delhi,2026-05-20 10:39:06.000
2250,Diana Delgado,sschmidt@example.com,Bengaluru,Telangana,2026-02-18 19:05:49.000
2251,Kelly Daniels MD,sheenabaird@example.com,Coimbatore,Maharashtra,2026-04-04 16:23:17.000
2252,Timothy Arnold,fperry@example.com,Kochi,Karnataka,2026-04-28 05:56:45.000
2253,Monica Pitts,jonathan92@example.com,Mumbai,Delhi,2025-05-04 12:21:10.000
2254,Samantha Johnson,stephanie67@example.org,Coimbatore,Maharashtra,2025-02-21 07:26:47.000
2255,Ruth Flores,redwards@example.net,Delhi,Karnataka,2026-06-24 02:12:48.000
2256,Christopher Chapman,susan22@example.net,Kochi,Maharashtra,2026-03-17 13:34:58.000
2257,David Harris,kennethhernandez@example.net,Delhi,Delhi,2026-06-24 03:34:47.000
2258,Sandra Smith,donna97@example.org,Mumbai,Karnataka,2026-05-30 15:59:15.000
2259,Michael Phelps,joshua66@example.org,Bengaluru,Kerala,2026-07-07 22:56:32.000
2260,James Mcdonald,emitchell@example.net,Coimbatore,Tamil Nadu,2026-04-05 22:43:15.000
2261,Cindy Esparza,richardsonamanda@example.net,Coimbatore,Telangana,2026-03-08 03:35:05.000
2262,Peter Tucker Jr.,vkim@example.net,Bengaluru,Maharashtra,2025-05-17 20:07:17.000
2263,Alexander Shannon,davidlee@example.org,Pune,Maharashtra,2025-02-24 01:34:49.000
2264,Tara Rowland,brent96@example.org,Bengaluru,Kerala,2026-04-09 05:48:09.000
2265,Miss Rebecca Chapman,nguyenandre@example.com,Kochi,Telangana,2026-01-19 22:19:45.000
2266,Jose Gonzalez,christine20@example.org,Chennai,Tamil Nadu,2025-06-19 00:34:38.000
2267,Kevin Bell,gmartin@example.net,Hyderabad,Delhi,2026-08-10 10:00:21.000
2268,Jessica West,edwarddiaz@example.org,Chennai,Karnataka,2026-05-29 07:43:19.000
2269,Charlotte Williams,karen99@example.org,Hyderabad,Maharashtra,2026-02-17 15:19:34.000
2270,Mary Frederick,veronica08@example.com,Pune,Maharashtra,2026-04-24 03:05:48.000
2271,Joanna Snow,darlene32@example.com,Coimbatore,Karnataka,2025-06-09 17:48:41.000
2272,Jason Johnson,ianpowers@example.org,Delhi,Telangana,2026-03-19 22:43:21.000
2273,Sandra Baker,pclark@example.org,Pune,Maharashtra,2026-07-12 12:35:53.000
2274,Alex Blankenship,newtonlisa@example.com,Delhi,Tamil Nadu,2026-03-29 14:49:05.000
2275,Aaron Gray,phillipseduardo@example.com,Chennai,Delhi,2026-02-01 10:59:26.000
2276,Laura Hernandez,richard69@example.org,Kochi,Karnataka,2025-08-17 11:59:58.000
2277,Michael Smith,tiffanylove@example.net,Chennai,Telangana,2026-03-03 07:57:37.000
2278,Tracy Solis,herrerachristina@example.com,Chennai,Tamil Nadu,2026-07-01 07:28:16.000
2279,Ann Mills,marnold@example.com,Delhi,Tamil Nadu,2025-08-08 04:45:41.000
2280,Samuel Alvarado,williegarcia@example.net,Chennai,Karnataka,2025-12-02 07:45:36.000
2281,Michael Foster,nacosta@example.net,Kochi,Kerala,2025-09-05 02:19:22.000
2282,Michael Hill,matthew13@example.net,Kochi,Maharashtra,2025-10-24 08:53:16.000
2283,Timothy Johnston,tiffany07@example.com,Kochi,Delhi,2025-06-14 01:21:10.000
2284,Shannon Neal,mario89@example.org,Hyderabad,Maharashtra,2025-04-19 00:25:53.000
2285,Edward Reyes,amy40@example.org,Mumbai,Delhi,2025-10-26 17:22:17.000
2286,Brent Bradley,joel21@example.com,Delhi,Maharashtra,2025-04-30 19:45:02.000
2287,Lisa Woodward,hedwards@example.org,Pune,Kerala,2025-04-08 12:24:21.000
2288,Sarah Gonzalez,chelsea88@example.org,Hyderabad,Tamil Nadu,2025-02-25 17:26:32.000
2289,Cory Rich,asmith@example.com,Chennai,Karnataka,2026-07-15 06:44:16.000
2290,Jeremy Martinez,branchdustin@example.com,Coimbatore,Kerala,2025-12-06 05:19:57.000
2291,Shelley Campos,cunninghamkevin@example.org,Hyderabad,Tamil Nadu,2025-04-17 13:58:16.000
2292,Brian Torres,bennettjason@example.com,Kochi,Maharashtra,2026-06-25 03:01:07.000
2293,Brandi Frazier,brooksjuan@example.org,Kochi,Delhi,2025-05-20 15:39:57.000
2294,Kristen Watson,hollybeard@example.org,Coimbatore,Delhi,2025-11-26 10:15:25.000
2295,Natasha Medina,johnsonphillip@example.org,Coimbatore,Maharashtra,2025-10-03 23:24:24.000
2296,Gina Stevens,wilsonantonio@example.com,Mumbai,Karnataka,2025-11-26 22:19:16.000
2297,Morgan Tate,bhart@example.net,Chennai,Delhi,2026-01-22 22:19:07.000
2298,Kiara Hernandez,alexandercohen@example.com,Mumbai,Kerala,2026-01-25 16:54:10.000
2299,Michael Scott,robert49@example.net,Pune,Maharashtra,2026-03-01 05:16:37.000
2300,Patrick Patterson,scohen@example.org,Delhi,Tamil Nadu,2025-01-30 09:51:19.000
2301,Joan Keith,jeffreywright@example.net,Coimbatore,Kerala,2025-10-14 06:48:11.000
2302,Steven Chaney,dianemartin@example.org,Bengaluru,Delhi,2026-01-10 00:25:26.000
2303,Scott Thomas,khangregory@example.com,Bengaluru,Karnataka,2026-07-22 03:38:37.000
2304,Darlene Thomas,aaron94@example.org,Pune,Maharashtra,2026-02-06 12:38:17.000
2305,Kevin Clark,ybrown@example.com,Bengaluru,Delhi,2026-04-19 20:32:25.000
2306,Nina Williams,amartinez@example.org,Bengaluru,Karnataka,2026-01-02 23:08:08.000
2307,David Browning,onorman@example.net,Bengaluru,Kerala,2026-05-08 04:47:39.000
2308,Lori Walker,jeffreychung@example.com,Pune,Delhi,2025-02-10 23:47:01.000
2309,Lance Thompson,andrewsimon@example.org,Delhi,Delhi,2026-08-28 16:47:51.000
2310,Justin Woodward,glenmurphy@example.org,Chennai,Maharashtra,2025-12-19 15:49:17.000
2311,Donna Paul,melissamills@example.org,Coimbatore,Delhi,2026-07-24 23:17:40.000
2312,Timothy Hayes,castillomichael@example.net,Delhi,Maharashtra,2025-10-02 02:48:13.000
2313,Mary Munoz,zimmermancurtis@example.org,Pune,Telangana,2025-05-11 02:34:42.000
2314,Brandy Smith,jamesrodgers@example.org,Chennai,Kerala,2026-04-10 04:45:07.000
2315,Rodney Martin,renee65@example.net,Pune,Kerala,2026-03-14 20:14:47.000
2316,Gail Wagner,jennifersmith@example.net,Pune,Tamil Nadu,2026-05-04 19:00:11.000
2317,Brittney Sharp,wjackson@example.net,Coimbatore,Delhi,2025-05-12 07:51:55.000
2318,Charles Lambert,ngonzalez@example.org,Chennai,Kerala,2025-08-15 14:40:26.000
2319,Michael Miller,parsonsnatalie@example.com,Chennai,Telangana,2026-01-12 12:35:05.000
2320,Mrs. Denise Hensley MD,berickson@example.org,Bengaluru,Karnataka,2026-01-28 16:59:40.000
2321,Michelle Reynolds,melissaperez@example.com,Bengaluru,Telangana,2025-07-15 18:34:14.000
2322,Kimberly Howard,gonzaleschristopher@example.net,Hyderabad,Delhi,2025-08-07 05:41:47.000
2323,Kenneth Martinez,ysanford@example.com,Pune,Telangana,2025-01-12 00:45:47.000
2324,Zachary Liu,pruittjessica@example.net,Bengaluru,Delhi,2025-05-16 15:02:16.000
2325,Laura Williams,jmiranda@example.org,Hyderabad,Kerala,2025-12-13 22:13:06.000
2326,Jerry Smith,rosebenjamin@example.net,Delhi,Karnataka,2025-07-22 22:06:04.000
2327,Madison Mcmillan,montgomerysteven@example.net,Mumbai,Maharashtra,2025-05-21 10:31:39.000
2328,Christopher Smith,danagray@example.com,Chennai,Telangana,2025-03-07 13:21:26.000
2329,Kevin Sellers,fischerdebbie@example.com,Hyderabad,Delhi,2025-04-30 17:34:11.000
2330,Colleen Taylor,cavila@example.org,Coimbatore,Maharashtra,2026-08-22 08:41:47.000
2331,Brian Bailey,elaineferrell@example.com,Kochi,Karnataka,2026-05-29 03:43:51.000
2332,John Hancock,heather24@example.com,Coimbatore,Kerala,2026-05-11 05:15:11.000
2333,Charles Anderson,ray64@example.org,Hyderabad,Karnataka,2026-03-25 18:10:42.000
2334,Jennifer Mclean,ischroeder@example.net,Delhi,Tamil Nadu,2026-05-14 20:36:52.000
2335,Alejandro Lopez,awilson@example.org,Pune,Tamil Nadu,2025-02-10 19:06:12.000
2336,Bradley Le,steven86@example.org,Hyderabad,Maharashtra,2025-11-06 17:08:30.000
2337,Samantha Diaz,pottsedward@example.org,Coimbatore,Telangana,2026-01-05 22:14:46.000
2338,Stephen Hernandez,scottgomez@example.net,Mumbai,Maharashtra,2026-06-15 21:32:56.000
2339,Hannah Ray,vrodriguez@example.com,Kochi,Maharashtra,2025-07-23 23:41:15.000
2340,Fernando Strong,jaymaldonado@example.net,Hyderabad,Delhi,2025-12-04 16:02:07.000
2341,Patrick Alvarado,davidscott@example.net,Chennai,Telangana,2025-12-15 14:37:22.000
2342,Austin Griffin,kristacastro@example.org,Kochi,Kerala,2025-09-03 04:51:44.000
2343,Ethan Cook,michelle41@example.com,Chennai,Tamil Nadu,2026-02-17 16:01:33.000
2344,Donna Williams,lzimmerman@example.com,Delhi,Maharashtra,2026-04-20 04:16:32.000
2345,Leonard Parker,ismith@example.com,Pune,Telangana,2025-07-29 23:14:38.000
2346,Christina Benjamin,kathleen00@example.net,Pune,Tamil Nadu,2025-07-18 07:57:20.000
2347,Angela Cook,carrollangela@example.com,Kochi,Maharashtra,2026-08-24 12:34:46.000
2348,Keith Moore,jmurray@example.org,Mumbai,Kerala,2026-06-06 20:56:04.000
2349,Justin Peters,amandahoward@example.net,Mumbai,Delhi,2025-09-20 01:42:53.000
2350,Anita Bentley,weissfelicia@example.com,Hyderabad,Telangana,2026-03-02 08:14:16.000
2351,Lori York,alexanderrobertson@example.net,Chennai,Kerala,2025-01-07 14:00:25.000
2352,Nicole Jenkins,steven68@example.net,Bengaluru,Tamil Nadu,2025-11-16 10:13:57.000
2353,Amanda Johnson,eric60@example.org,Bengaluru,Delhi,2025-03-22 16:58:19.000
2354,Justin Wright,smithbrandon@example.com,Coimbatore,Telangana,2025-06-20 10:13:00.000
2355,Donna Pearson,sarahsherman@example.org,Pune,Telangana,2025-05-30 23:15:48.000
2356,Dustin Vance,brendacobb@example.com,Chennai,Tamil Nadu,2026-04-27 02:24:04.000
2357,Ashley Blair,mannjennifer@example.com,Bengaluru,Tamil Nadu,2026-04-07 11:32:45.000
2358,Jason Baker DDS,hernandezapril@example.org,Mumbai,Delhi,2026-05-11 14:43:37.000
2359,Tara Miller,laurahicks@example.net,Bengaluru,Kerala,2025-04-04 04:32:07.000
2360,Lindsey Lopez,chamberssteven@example.com,Bengaluru,Delhi,2025-04-11 21:38:48.000
2361,Cassandra Baxter,jacob18@example.net,Kochi,Kerala,2026-08-17 07:20:26.000
2362,Joel Rodriguez,townsendmary@example.org,Hyderabad,Tamil Nadu,2026-06-25 07:55:25.000
2363,Elizabeth Greene,charlene84@example.org,Hyderabad,Telangana,2025-08-17 19:09:25.000
2364,Briana Keith,zjordan@example.net,Coimbatore,Kerala,2025-02-28 19:24:52.000
2365,Sarah Jones,justincarter@example.org,Coimbatore,Telangana,2026-08-21 13:53:37.000
2366,Michael Fitzpatrick,ccarter@example.net,Kochi,Kerala,2026-06-03 12:34:41.000
2367,Lisa Perry,danacastillo@example.net,Delhi,Telangana,2025-05-06 19:15:56.000
2368,Jennifer Martin,michelle97@example.com,Bengaluru,Telangana,2026-08-27 14:18:17.000
2369,Valerie Merritt,robert10@example.org,Chennai,Maharashtra,2025-10-29 19:51:02.000
2370,Caroline Brown,turneranita@example.com,Delhi,Tamil Nadu,2025-07-20 13:54:59.000
2371,Amber Davis,nelsonjoel@example.net,Pune,Karnataka,2025-12-09 04:54:36.000
2372,Michael Baker,mccoysherry@example.com,Bengaluru,Maharashtra,2025-06-05 20:44:36.000
2373,Eduardo Coleman,oterry@example.net,Kochi,Karnataka,2026-05-17 08:40:42.000
2374,Karen Miller,patricia29@example.com,Coimbatore,Tamil Nadu,2025-04-22 17:58:46.000
2375,Beverly Hardy,pcarter@example.net,Kochi,Karnataka,2026-04-22 21:09:40.000
2376,Ashley Davis,tmejia@example.org,Bengaluru,Maharashtra,2026-07-10 16:01:42.000
2377,Diana Carpenter,jennifer58@example.com,Pune,Tamil Nadu,2025-01-28 01:51:15.000
2378,Vincent Powell,ufrazier@example.net,Bengaluru,Tamil Nadu,2026-03-20 18:38:04.000
2379,Ryan Smith,stephen41@example.net,Pune,Maharashtra,2025-01-15 13:48:03.000
2380,John Scott,markadams@example.net,Coimbatore,Karnataka,2026-05-23 02:17:30.000
2381,Brittany Silva,matthew73@example.org,Chennai,Tamil Nadu,2026-06-01 05:09:02.000
2382,Katelyn Nguyen,annacarter@example.com,Kochi,Telangana,2025-04-28 18:10:05.000
2383,Justin Johnson,evaughan@example.com,Delhi,Maharashtra,2026-03-23 08:04:14.000
2384,Susan Rosales,stewartbianca@example.com,Chennai,Delhi,2026-07-04 14:43:31.000
2385,Ethan Vargas,rebecca46@example.com,Coimbatore,Maharashtra,2025-12-05 16:42:14.000
2386,Mary Johnson,jestrada@example.org,Kochi,Kerala,2026-08-30 13:43:17.000
2387,Angela Whitehead,lorishaffer@example.com,Bengaluru,Delhi,2025-06-25 10:05:25.000
2388,Jennifer Miles,churchmonica@example.com,Chennai,Maharashtra,2026-06-20 08:45:43.000
2389,Miguel Miller,vanderson@example.com,Coimbatore,Tamil Nadu,2026-03-17 14:11:32.000
2390,Michael Sullivan,christinabailey@example.com,Delhi,Telangana,2026-06-14 14:20:21.000
2391,Jeremy Cruz,curtisramsey@example.org,Pune,Maharashtra,2025-02-12 20:54:11.000
2392,Cassandra Fry,johngilmore@example.org,Bengaluru,Telangana,2026-02-20 06:09:23.000
2393,Amanda Wiggins,lee11@example.net,Delhi,Tamil Nadu,2025-12-24 00:17:54.000
2394,Tracy Charles,meyerjohn@example.com,Pune,Kerala,2025-06-07 18:26:24.000
2395,Timothy Craig,johnodonnell@example.net,Hyderabad,Delhi,2025-01-31 13:11:10.000
2396,Miguel Ramos,fwood@example.org,Kochi,Kerala,2025-05-29 08:33:25.000
2397,Sharon Andrews,thomasjonathan@example.com,Pune,Kerala,2025-10-31 00:04:44.000
2398,Angela Lyons,shutchinson@example.org,Bengaluru,Kerala,2026-06-20 00:57:23.000
2399,Misty Joseph,grahamsean@example.org,Delhi,Maharashtra,2025-03-07 21:57:04.000
2400,Andrew Brandt,ygarcia@example.net,Coimbatore,Kerala,2025-05-28 03:52:27.000
2401,Angela Moore,rbernard@example.net,Hyderabad,Tamil Nadu,2025-05-30 23:30:33.000
2402,Cynthia Fisher,smithsarah@example.com,Chennai,Kerala,2026-04-06 13:18:14.000
2403,Laura Kelley,xklein@example.org,Mumbai,Maharashtra,2025-10-29 23:09:07.000
2404,Mrs. Janice Tyler MD,john61@example.net,Bengaluru,Delhi,2026-05-15 17:59:15.000
2405,Holly Brown,katherine76@example.net,Pune,Maharashtra,2026-02-19 17:21:49.000
2406,Patricia Finley,joshua41@example.com,Coimbatore,Tamil Nadu,2025-01-29 18:31:32.000
2407,Carolyn Martinez,lerickson@example.net,Delhi,Tamil Nadu,2025-09-20 07:31:51.000
2408,Danny Mills,westsheri@example.org,Chennai,Maharashtra,2025-04-02 19:10:02.000
2409,Margaret Miles,erichughes@example.net,Mumbai,Kerala,2026-06-03 07:40:46.000
2410,Mathew Smith,ingramsonya@example.org,Coimbatore,Kerala,2026-02-21 18:13:45.000
2411,George Jones,wrightnicole@example.net,Hyderabad,Kerala,2026-03-26 23:47:12.000
2412,Gilbert Rosales,patriciaroberson@example.net,Mumbai,Tamil Nadu,2025-01-29 15:26:58.000
2413,Valerie Velasquez,ijohnson@example.net,Hyderabad,Maharashtra,2026-05-23 20:18:11.000
2414,Michele Lamb,kelly63@example.com,Chennai,Maharashtra,2026-04-26 07:17:28.000
2415,Cody Steele,scott57@example.com,Chennai,Karnataka,2026-06-29 17:07:12.000
2416,Robin Jensen,laustin@example.net,Hyderabad,Tamil Nadu,2025-05-14 18:57:15.000
2417,Kristine Jordan,ycooper@example.com,Chennai,Telangana,2025-03-17 13:39:31.000
2418,Melanie Hurst,wstrickland@example.org,Coimbatore,Delhi,2025-05-13 13:52:50.000
2419,Timothy Carter,cartershelia@example.org,Bengaluru,Tamil Nadu,2025-03-30 16:27:48.000
2420,Christina Thomas DVM,richardlucas@example.net,Coimbatore,Delhi,2026-04-24 04:08:51.000
2421,Jennifer Mccarthy PhD,ellismichelle@example.net,Mumbai,Tamil Nadu,2025-06-07 09:30:16.000
2422,Rebecca Perry,ricemark@example.org,Kochi,Telangana,2026-07-28 03:58:56.000
2423,Christopher Rowe,dford@example.net,Kochi,Telangana,2025-04-04 19:55:14.000
2424,Tracy Jackson,nnichols@example.com,Hyderabad,Telangana,2025-06-15 14:55:46.000
2425,Carla Berger,shelly66@example.org,Chennai,Delhi,2025-05-15 17:17:54.000
2426,Anthony Williams,gonzalezkevin@example.net,Delhi,Tamil Nadu,2025-04-04 18:51:32.000
2427,Ann Perkins,ejackson@example.org,Pune,Karnataka,2026-08-12 09:45:25.000
2428,Leslie Vance,deborah42@example.com,Kochi,Karnataka,2026-06-25 19:53:39.000
2429,Evan Harris,hilllisa@example.org,Delhi,Delhi,2025-05-09 03:56:13.000
2430,Christian Perry,kelly30@example.com,Coimbatore,Karnataka,2026-03-29 01:00:06.000
2431,Tyler Robinson,fwilliams@example.net,Chennai,Karnataka,2025-03-19 15:32:08.000
2432,Noah Sims,aoneal@example.org,Kochi,Karnataka,2025-01-13 03:22:13.000
2433,Diane Wilson,lori76@example.net,Coimbatore,Tamil Nadu,2025-01-05 22:21:53.000
2434,Nicole Johnson,zmunoz@example.org,Chennai,Karnataka,2025-03-11 05:42:47.000
2435,Jennifer Harris,sherry71@example.org,Pune,Maharashtra,2026-06-23 15:50:33.000
2436,Robin Conrad,collinscheryl@example.com,Coimbatore,Kerala,2025-04-09 13:26:46.000
2437,Christopher Smith,michael84@example.org,Mumbai,Karnataka,2026-05-12 23:12:56.000
2438,Adam Warner,careyluis@example.com,Pune,Delhi,2025-12-16 20:25:16.000
2439,Bradley Powers,odonnellcolleen@example.net,Kochi,Karnataka,2025-05-16 13:49:40.000
2440,Mark Boyd,michael00@example.com,Chennai,Delhi,2025-05-20 19:27:06.000
2441,James Owen,carrollemily@example.org,Coimbatore,Delhi,2025-03-10 08:50:02.000
2442,Jeffery Daniels,cordovakyle@example.com,Pune,Telangana,2025-11-22 06:44:04.000
2443,Jessica Cherry,nnielsen@example.net,Chennai,Delhi,2025-07-03 00:37:46.000
2444,Lisa Banks,anthony39@example.org,Mumbai,Tamil Nadu,2026-02-16 19:37:33.000
2445,Richard Perkins,joanna66@example.org,Bengaluru,Delhi,2025-10-09 02:19:45.000
2446,Jane Robinson,dawn56@example.org,Mumbai,Maharashtra,2026-08-22 08:00:57.000
2447,Patricia Stevenson,jennifermolina@example.net,Mumbai,Telangana,2025-02-11 05:16:41.000
2448,Alyssa Green,bradyrichard@example.com,Mumbai,Tamil Nadu,2025-04-26 21:36:51.000
2449,Debra Fox,jasminemorris@example.net,Coimbatore,Maharashtra,2025-05-17 22:54:51.000
2450,Rachel Romero,annalopez@example.net,Hyderabad,Kerala,2025-02-03 11:43:59.000
2451,Jason Stewart,griley@example.com,Chennai,Kerala,2025-10-10 21:03:03.000
2452,Brittany Powell,ljackson@example.org,Pune,Karnataka,2025-12-04 14:52:00.000
2453,Toni Fox,danielhenderson@example.com,Pune,Telangana,2026-04-25 02:20:45.000
2454,Tony Phelps,samuel28@example.net,Coimbatore,Tamil Nadu,2025-03-23 02:33:01.000
2455,Russell Henry,yhudson@example.net,Chennai,Delhi,2025-05-17 14:46:57.000
2456,Carolyn Jackson,grantjesse@example.com,Hyderabad,Tamil Nadu,2026-01-12 18:11:59.000
2457,Andrew Miranda,wardchelsea@example.org,Bengaluru,Tamil Nadu,2025-07-02 18:18:24.000
2458,Christopher Young,thomashorton@example.net,Coimbatore,Delhi,2026-03-27 07:32:34.000
2459,Derrick Huff,millerjeffery@example.net,Delhi,Maharashtra,2025-06-04 08:59:40.000
2460,Donald Franklin,aibarra@example.com,Delhi,Karnataka,2026-08-29 01:09:06.000
2461,Sarah Miller,briandelacruz@example.net,Bengaluru,Telangana,2025-06-26 22:09:55.000
2462,Jason Burgess,richardjohnson@example.org,Bengaluru,Karnataka,2026-07-28 00:37:01.000
2463,Amber Castillo,shellywillis@example.net,Kochi,Karnataka,2025-10-19 16:25:51.000
2464,Michael Sutton,mbarrera@example.com,Mumbai,Tamil Nadu,2026-01-01 19:53:41.000
2465,Michael Wolf,zwhitehead@example.org,Coimbatore,Tamil Nadu,2025-12-05 13:06:49.000
2466,Andrew Maldonado,kendrapowell@example.org,Hyderabad,Karnataka,2026-04-19 08:39:53.000
2467,Michael Rasmussen,franciscowatson@example.net,Coimbatore,Karnataka,2025-10-28 20:21:36.000
2468,Stephanie Rangel,wthompson@example.com,Delhi,Karnataka,2025-12-22 12:53:44.000
2469,Lisa Johnson,cmurphy@example.org,Mumbai,Kerala,2025-10-06 12:36:19.000
2470,Melissa Patrick,xmarsh@example.org,Pune,Karnataka,2025-09-18 21:28:06.000
2471,John Leach,scott18@example.com,Hyderabad,Tamil Nadu,2026-06-22 15:44:22.000
2472,Crystal Hall,whitneymann@example.com,Chennai,Telangana,2025-04-17 00:34:20.000
2473,Debra Fields,ryan78@example.net,Bengaluru,Maharashtra,2025-12-23 04:31:50.000
2474,John Green,carriegreene@example.com,Kochi,Karnataka,2026-08-14 13:45:25.000
2475,Jason Campbell,schroedervictor@example.com,Delhi,Karnataka,2025-08-18 06:12:33.000
2476,Vincent Campos,jason53@example.org,Hyderabad,Kerala,2026-04-20 23:42:35.000
2477,Angela Higgins,qwilkins@example.org,Hyderabad,Delhi,2026-03-06 08:06:42.000
2478,Alexis Pope,saraandrews@example.org,Mumbai,Tamil Nadu,2025-11-16 18:34:20.000
2479,Erica Robbins,stacyvazquez@example.org,Coimbatore,Karnataka,2026-04-05 11:52:00.000
2480,Derrick Guzman,joseph61@example.net,Coimbatore,Maharashtra,2025-08-05 20:07:20.000
2481,Jonathan Walker II,leedavid@example.com,Chennai,Kerala,2025-11-29 12:33:20.000
2482,Laurie Baldwin,tylermarks@example.org,Mumbai,Karnataka,2025-09-12 05:14:19.000
2483,Mark Hill,ortizsara@example.org,Kochi,Delhi,2025-06-22 17:57:34.000
2484,Jordan Johnson,markwilliams@example.org,Hyderabad,Delhi,2025-01-04 22:39:10.000
2485,Connie Short,nelsonrichard@example.com,Kochi,Tamil Nadu,2025-02-01 02:44:52.000
2486,Julia Medina,martinbarbara@example.net,Coimbatore,Kerala,2026-08-20 23:51:41.000
2487,Lauren Diaz,clarkandres@example.com,Chennai,Maharashtra,2026-02-17 12:49:35.000
2488,Misty Lewis,wfoster@example.org,Kochi,Maharashtra,2026-06-26 02:33:45.000
2489,Elizabeth Sanchez,christopherjackson@example.org,Bengaluru,Maharashtra,2026-01-20 16:46:56.000
2490,Jennifer Gallegos,cassandra01@example.com,Mumbai,Tamil Nadu,2026-03-10 18:57:05.000
2491,Gary Franklin,ambermurphy@example.com,Chennai,Kerala,2026-07-23 09:29:06.000
2492,Kimberly Hudson,meganrodriguez@example.net,Kochi,Karnataka,2025-04-14 01:55:51.000
2493,Steven King,ajones@example.org,Delhi,Telangana,2025-07-05 16:26:45.000
2494,Amber Austin,maddoxbrooke@example.com,Bengaluru,Tamil Nadu,2026-01-08 15:48:08.000
2495,Jose Jimenez,maria05@example.net,Pune,Karnataka,2026-07-01 06:32:45.000
2496,Daniel Torres,brian05@example.org,Coimbatore,Delhi,2026-08-04 10:26:01.000
2497,Kayla Hudson,tina93@example.net,Chennai,Maharashtra,2025-12-27 05:07:29.000
2498,David Montgomery,lcampbell@example.net,Hyderabad,Kerala,2025-11-11 20:27:54.000
2499,Willie Mitchell,hernandezjacob@example.org,Hyderabad,Telangana,2026-05-02 20:36:11.000
2500,Eugene Hernandez,skinnerjeremy@example.org,Coimbatore,Kerala,2026-05-07 23:28:29.000
2501,Rachel Rollins,dbrooks@example.org,Chennai,Kerala,2025-02-24 21:55:02.000
2502,Joel Branch,ghernandez@example.com,Kochi,Kerala,2025-09-16 13:49:12.000
2503,Victoria Ibarra,sheilabrooks@example.net,Chennai,Telangana,2025-11-27 19:23:36.000
2504,Tricia Wilcox,jacob37@example.net,Pune,Kerala,2026-04-21 17:51:02.000
2505,Kyle Carroll,bradleyshelton@example.net,Mumbai,Kerala,2025-03-04 21:11:09.000
2506,Kevin Ramirez,matthewsnicholas@example.com,Delhi,Kerala,2025-02-12 13:45:49.000
2507,Dwayne Wilson,csingh@example.org,Delhi,Tamil Nadu,2025-03-28 04:33:58.000
2508,Matthew Underwood,donald47@example.com,Kochi,Telangana,2025-12-28 10:48:22.000
2509,Karen Payne,atkinsonkathryn@example.com,Chennai,Telangana,2025-10-12 14:48:22.000
2510,Terri Nelson,murrayjoseph@example.net,Hyderabad,Kerala,2026-03-11 00:36:32.000
2511,Joseph Smith MD,christywatson@example.net,Bengaluru,Delhi,2026-07-05 23:00:09.000
2512,Tyrone Brown,danielreyes@example.com,Mumbai,Karnataka,2025-09-18 03:32:30.000
2513,Jacob Bell,qmartinez@example.com,Mumbai,Delhi,2025-03-30 04:52:06.000
2514,Amanda Madden,gphelps@example.org,Coimbatore,Kerala,2026-08-08 07:27:44.000
2515,Michele Zamora,srodriguez@example.com,Mumbai,Kerala,2026-08-14 23:56:28.000
2516,Richard Duffy,patrick32@example.org,Mumbai,Telangana,2025-10-01 23:01:19.000
2517,Chad Green DVM,eweeks@example.com,Pune,Delhi,2026-06-13 08:20:43.000
2518,Emily Gonzalez,ggallagher@example.org,Kochi,Telangana,2025-02-12 07:12:28.000
2519,Anthony Woodard,bmatthews@example.org,Bengaluru,Telangana,2025-09-26 03:29:23.000
2520,Robert Huang,cochranjennifer@example.org,Coimbatore,Maharashtra,2026-01-25 11:42:26.000
2521,Wendy Hicks,stephanie04@example.net,Bengaluru,Maharashtra,2026-07-06 08:06:08.000
2522,Kathryn Wallace MD,sanchezrobert@example.com,Pune,Maharashtra,2026-04-28 07:22:14.000
2523,Earl Esparza,gilbertdebra@example.org,Delhi,Kerala,2026-06-23 10:36:53.000
2524,Tony Dixon,emily82@example.org,Bengaluru,Karnataka,2025-12-22 15:23:32.000
2525,Nicholas Williams,velezelizabeth@example.org,Bengaluru,Tamil Nadu,2025-10-31 10:50:58.000
2526,Jose Schwartz,groberson@example.com,Hyderabad,Telangana,2025-03-01 18:24:06.000
2527,Isaac Murphy,wattslaura@example.org,Bengaluru,Karnataka,2025-08-03 07:56:43.000
2528,Brent Copeland,haleshawna@example.com,Bengaluru,Kerala,2025-04-25 22:03:47.000
2529,Marissa Good,josephroach@example.com,Coimbatore,Karnataka,2025-06-08 15:36:38.000
2530,James King,fleach@example.com,Chennai,Telangana,2025-11-20 12:48:21.000
2531,Krystal Clark,thernandez@example.com,Hyderabad,Maharashtra,2025-09-27 06:57:39.000
2532,Heather Murphy,saraescobar@example.net,Kochi,Maharashtra,2026-07-27 23:53:49.000
2533,John Hunt,zrocha@example.net,Chennai,Telangana,2025-05-27 20:20:46.000
2534,Brandon Jensen,gonzalezholly@example.net,Bengaluru,Tamil Nadu,2025-06-30 10:54:32.000
2535,Danielle Gill,angela14@example.com,Delhi,Maharashtra,2026-03-26 11:50:08.000
2536,Deborah Peterson,michael43@example.net,Delhi,Kerala,2026-05-17 19:16:03.000
2537,Brandon Jacobson,caitlyn42@example.com,Delhi,Maharashtra,2026-04-06 20:58:51.000
2538,John Villa MD,fsmith@example.org,Coimbatore,Maharashtra,2025-08-25 04:30:20.000
2539,Sean Gardner,david56@example.com,Hyderabad,Telangana,2025-05-14 09:24:43.000
2540,Kimberly Andrews,kjones@example.com,Pune,Karnataka,2026-01-12 02:56:45.000
2541,Adrian Richard,iwolf@example.com,Delhi,Telangana,2026-08-21 21:10:30.000
2542,Whitney Acosta,kwatts@example.com,Chennai,Karnataka,2025-10-02 06:39:02.000
2543,Rachel Sampson,james25@example.org,Pune,Maharashtra,2025-05-10 05:13:56.000
2544,Mary Gonzalez,zdelgado@example.org,Hyderabad,Kerala,2026-02-20 19:01:34.000
2545,Stephen Mcdonald,deborah64@example.net,Pune,Karnataka,2025-05-17 04:56:06.000
2546,Justin Pierce,fmcconnell@example.net,Hyderabad,Karnataka,2025-07-04 18:52:36.000
2547,Paul Lara,tdaniels@example.net,Bengaluru,Tamil Nadu,2025-09-03 22:20:00.000
2548,Frances Harris,eellis@example.org,Hyderabad,Maharashtra,2025-07-22 06:20:31.000
2549,Timothy Sheppard,rmolina@example.com,Delhi,Karnataka,2025-06-09 08:22:23.000
2550,Kayla Hodge,gutierrezdebbie@example.net,Chennai,Kerala,2025-09-04 04:15:35.000
2551,Helen Robertson,kimberlylopez@example.org,Delhi,Karnataka,2025-10-17 15:38:17.000
2552,Peter Robinson,victorali@example.net,Coimbatore,Delhi,2025-05-07 07:02:20.000
2553,Kristina Perkins,hwelch@example.net,Pune,Tamil Nadu,2025-01-20 08:38:22.000
2554,Kenneth Pennington,chasetamara@example.net,Kochi,Maharashtra,2026-08-20 22:13:01.000
2555,Geoffrey Pacheco,timothyhernandez@example.net,Hyderabad,Maharashtra,2025-09-06 17:17:41.000
2556,Jared Gonzalez,swatson@example.com,Hyderabad,Tamil Nadu,2026-07-28 14:32:39.000
2557,Kristin Phillips,john95@example.net,Delhi,Kerala,2026-07-02 22:33:59.000
2558,Christopher Jones,donnabradley@example.com,Pune,Maharashtra,2025-08-14 02:46:12.000
2559,Kevin Davis,sarah18@example.com,Hyderabad,Delhi,2026-07-20 21:02:25.000
2560,Jeffrey Figueroa,carlmurphy@example.org,Coimbatore,Telangana,2026-06-20 06:37:51.000
2561,Erica Young,patricia45@example.org,Bengaluru,Kerala,2026-01-08 00:51:26.000
2562,Louis Gillespie,martinjohn@example.net,Chennai,Karnataka,2026-06-11 14:59:29.000
2563,Jenna Berry,sabrinamontgomery@example.net,Bengaluru,Telangana,2025-01-20 06:13:24.000
2564,Darrell Morris,johnevans@example.org,Kochi,Delhi,2025-06-21 03:53:51.000
2565,Cynthia Blanchard,benjamin01@example.org,Coimbatore,Telangana,2025-03-13 19:58:23.000
2566,Edward Williams,cindy80@example.org,Delhi,Tamil Nadu,2026-04-18 08:45:36.000
2567,Kevin Crosby,codyflynn@example.net,Mumbai,Delhi,2026-02-13 21:26:17.000
2568,Russell Wells,julie16@example.com,Mumbai,Telangana,2025-06-02 00:24:16.000
2569,Isaac Watson,ujohnson@example.net,Chennai,Tamil Nadu,2026-02-23 04:43:57.000
2570,Angela Parks,mcbridejuan@example.org,Coimbatore,Kerala,2026-06-06 14:44:39.000
2571,Victoria Wiggins,matthewkennedy@example.com,Bengaluru,Delhi,2025-11-03 08:35:20.000
2572,Scott Jacobs,brooke54@example.com,Mumbai,Maharashtra,2025-09-04 19:26:05.000
2573,Morgan Allen,valerie60@example.net,Chennai,Kerala,2025-10-08 10:44:13.000
2574,Anthony Richards,ricardo72@example.net,Kochi,Karnataka,2026-07-11 02:31:55.000
2575,Ryan Thomas,martinezkelsey@example.org,Kochi,Telangana,2025-10-27 21:39:39.000
2576,Katelyn Richardson,michelle71@example.net,Delhi,Tamil Nadu,2025-08-10 02:16:02.000
2577,Renee Ward,oliverrachel@example.org,Delhi,Telangana,2025-08-28 07:07:37.000
2578,Elizabeth Brown,olsontracy@example.net,Coimbatore,Delhi,2025-03-10 00:57:24.000
2579,Veronica Andrews,nguyenhoward@example.com,Mumbai,Kerala,2025-12-12 00:52:03.000
2580,Eric Bird,dbaker@example.com,Kochi,Maharashtra,2025-08-13 04:31:41.000
2581,Deborah Manning,erikwright@example.com,Hyderabad,Kerala,2025-11-26 04:48:17.000
2582,Alison Dillon,roykelly@example.com,Kochi,Karnataka,2026-04-02 01:49:47.000
2583,Shannon Bell,steven23@example.org,Bengaluru,Karnataka,2025-06-11 09:22:14.000
2584,David Lopez,zbond@example.com,Pune,Maharashtra,2026-02-13 00:19:16.000
2585,Michele Phillips,jasonarmstrong@example.net,Delhi,Tamil Nadu,2026-04-04 19:03:09.000
2586,Nicholas Wiggins,rebecca64@example.org,Kochi,Tamil Nadu,2025-01-06 03:23:04.000
2587,Edward Newman,christina44@example.org,Kochi,Kerala,2025-08-01 07:13:09.000
2588,Jennifer Wang,jesse39@example.com,Kochi,Karnataka,2026-03-08 17:07:15.000
2589,Olivia Franco,ginaskinner@example.net,Coimbatore,Kerala,2026-03-18 02:43:39.000
2590,Zachary Carson,robertsmith@example.com,Hyderabad,Karnataka,2025-05-25 11:24:39.000
2591,Gene Hudson,gjohnson@example.org,Kochi,Telangana,2026-03-07 04:49:40.000
2592,Christopher Bryant,vholt@example.net,Coimbatore,Tamil Nadu,2025-08-23 13:33:20.000
2593,Jessica Lopez,tammycollier@example.com,Pune,Maharashtra,2026-03-11 09:45:16.000
2594,Jasmine Horton,robert02@example.com,Coimbatore,Karnataka,2025-01-21 20:20:02.000
2595,Leah Webb,april10@example.net,Chennai,Karnataka,2025-07-24 00:39:16.000
2596,Thomas Phillips,danachapman@example.org,Pune,Kerala,2026-05-10 10:21:14.000
2597,Adam Bush,banderson@example.net,Coimbatore,Tamil Nadu,2026-05-23 19:57:25.000
2598,Betty Watkins,cshea@example.com,Pune,Maharashtra,2025-05-20 07:44:31.000
2599,Laura Simmons,tina40@example.net,Coimbatore,Kerala,2026-05-16 19:40:45.000
2600,Xavier Wade,ulee@example.com,Mumbai,Tamil Nadu,2025-04-03 16:55:55.000
2601,Dana Mueller,johnsonbrandi@example.org,Pune,Maharashtra,2025-02-21 19:50:27.000
2602,David Macdonald,phillipsmichael@example.com,Delhi,Delhi,2026-01-09 04:54:23.000
2603,Angela Rios,mark32@example.com,Kochi,Telangana,2026-05-03 18:41:41.000
2604,Cindy Craig,briantucker@example.com,Coimbatore,Kerala,2025-04-03 21:12:05.000
2605,Bobby Lewis,mcgrathamy@example.net,Delhi,Delhi,2026-07-24 07:18:49.000
2606,Megan Garcia,reginald33@example.org,Chennai,Telangana,2025-05-07 11:41:32.000
2607,John Rice,murphyemily@example.net,Chennai,Karnataka,2025-09-06 07:17:16.000
2608,Vicki Woods,gregory18@example.net,Coimbatore,Kerala,2025-04-16 05:51:16.000
2609,Michelle Casey,yoderjohn@example.org,Delhi,Karnataka,2025-02-11 01:54:35.000
2610,Susan Brown,rhonda12@example.net,Pune,Telangana,2025-11-22 20:18:28.000
2611,Alan Webb,qstein@example.com,Delhi,Tamil Nadu,2025-08-14 03:18:40.000
2612,Glenn Hunter,kimberlyorozco@example.com,Pune,Delhi,2026-05-12 06:49:35.000
2613,Isabel Gutierrez,paul82@example.net,Bengaluru,Delhi,2025-05-31 12:58:13.000
2614,Jonathan Johnson DVM,kenneth59@example.net,Hyderabad,Tamil Nadu,2026-04-11 01:44:30.000
2615,Jeffrey Mcbride,alexandramalone@example.com,Hyderabad,Delhi,2025-09-08 13:49:39.000
2616,Angela Johnston,courtney97@example.net,Delhi,Kerala,2025-08-22 20:23:40.000
2617,Jacob Perez,rodney92@example.net,Pune,Kerala,2026-06-27 03:03:26.000
2618,Jessica Stevens,thomasreyes@example.org,Delhi,Tamil Nadu,2026-02-20 02:19:00.000
2619,Alicia Johnson,nicholas61@example.net,Delhi,Karnataka,2025-01-11 00:25:47.000
2620,Christopher Vargas,joshua44@example.com,Hyderabad,Delhi,2025-08-07 14:00:26.000
2621,Jennifer Taylor,theresasnow@example.org,Delhi,Maharashtra,2025-11-17 00:08:03.000
2622,Kendra Stanley,upham@example.org,Delhi,Karnataka,2025-03-21 13:12:26.000
2623,Mark Smith,harveykylie@example.net,Mumbai,Karnataka,2026-01-26 23:44:14.000
2624,Eric Blankenship,vshaw@example.org,Mumbai,Karnataka,2026-03-10 22:05:16.000
2625,Juan Peterson,thompsonmichael@example.org,Bengaluru,Maharashtra,2025-12-24 16:10:51.000
2626,Lindsey Bryant,donald29@example.com,Bengaluru,Tamil Nadu,2025-04-12 22:20:40.000
2627,Kenneth Smith,wagneradrian@example.net,Chennai,Maharashtra,2025-09-28 11:06:11.000
2628,Abigail Parsons,brianwalters@example.net,Pune,Kerala,2025-10-09 14:46:04.000
2629,Stacey Mitchell,toni85@example.com,Hyderabad,Maharashtra,2026-04-10 04:58:41.000
2630,Katherine Pineda,lawrenceleslie@example.com,Delhi,Karnataka,2026-07-06 09:23:59.000
2631,Katherine Lewis,irwinemily@example.net,Pune,Tamil Nadu,2026-08-02 05:44:39.000
2632,Bryce Nguyen,vshaw@example.net,Bengaluru,Karnataka,2025-04-10 23:24:42.000
2633,Eric Santana,fhardin@example.net,Hyderabad,Kerala,2025-06-25 23:39:12.000
2634,Aaron Rodriguez,sharonleon@example.org,Pune,Karnataka,2025-06-12 23:43:11.000
2635,Thomas Barber,pellis@example.net,Hyderabad,Tamil Nadu,2025-11-26 22:56:25.000
2636,Heidi Morgan,iwallace@example.net,Bengaluru,Tamil Nadu,2025-01-15 14:34:36.000
2637,Joel Blackwell,devin06@example.net,Coimbatore,Maharashtra,2025-02-03 00:34:23.000
2638,Lisa Andrews,melissathomas@example.org,Mumbai,Tamil Nadu,2025-01-26 11:18:01.000
2639,James Clark,sethnolan@example.net,Chennai,Maharashtra,2025-04-03 08:52:14.000
2640,Jesse Brandt,iweaver@example.org,Pune,Tamil Nadu,2025-02-21 10:56:25.000
2641,Tina Lopez,bvelasquez@example.com,Pune,Kerala,2025-01-08 23:29:28.000
2642,Peggy Smith,cameronbowers@example.com,Bengaluru,Tamil Nadu,2026-04-13 10:12:55.000
2643,Jennifer Howard,thompsonchristine@example.net,Mumbai,Delhi,2025-06-05 08:43:32.000
2644,Anthony Welch,emmabrown@example.net,Hyderabad,Kerala,2025-10-01 01:03:45.000
2645,Jared Bauer,whitakerandrew@example.net,Chennai,Tamil Nadu,2025-04-24 01:22:43.000
2646,Billy Escobar,patriciamitchell@example.org,Pune,Delhi,2025-09-28 04:08:35.000
2647,Erica Hernandez,donna79@example.net,Delhi,Karnataka,2026-01-24 20:30:06.000
2648,Jesse Buchanan,kharris@example.net,Mumbai,Delhi,2026-03-19 21:57:27.000
2649,Daniel Bryant,melissalopez@example.org,Bengaluru,Tamil Nadu,2026-03-26 01:11:34.000
2650,William Mullins,kbautista@example.org,Chennai,Delhi,2025-06-18 13:08:14.000
2651,Lauren Thomas,karenbaker@example.com,Mumbai,Telangana,2025-05-14 10:05:21.000
2652,Douglas Macdonald,mark30@example.com,Chennai,Kerala,2025-03-18 15:38:06.000
2653,Jessica Garcia,brian27@example.net,Mumbai,Delhi,2026-07-04 17:31:47.000
2654,Dustin Rogers,egreen@example.org,Coimbatore,Telangana,2026-06-27 06:08:26.000
2655,Olivia Roberts,frank09@example.com,Hyderabad,Maharashtra,2026-06-08 03:25:44.000
2656,Brad Walker,karen56@example.org,Bengaluru,Karnataka,2025-10-03 14:22:04.000
2657,Timothy Smith,jsanders@example.net,Kochi,Maharashtra,2025-06-16 10:21:24.000
2658,Maria Stephens,dianaallen@example.net,Mumbai,Maharashtra,2025-03-29 15:35:31.000
2659,Harry Lopez,josemoore@example.org,Delhi,Tamil Nadu,2025-12-28 21:02:13.000
2660,Jacob Cook,macdonaldchristopher@example.org,Bengaluru,Delhi,2025-04-16 13:35:24.000
2661,Samantha Jones,jennifer30@example.org,Coimbatore,Telangana,2026-07-02 09:08:11.000
2662,Jason Hernandez,joannajackson@example.com,Pune,Delhi,2026-07-15 21:36:05.000
2663,Tasha Martin,ruth65@example.net,Chennai,Tamil Nadu,2025-09-12 20:30:52.000
2664,Gina Anthony,brett73@example.com,Coimbatore,Tamil Nadu,2025-10-26 20:50:23.000
2665,Adam Davis,veronicasmith@example.com,Pune,Maharashtra,2026-04-12 08:04:17.000
2666,Kayla Villa,justin20@example.org,Pune,Kerala,2025-12-11 19:56:14.000
2667,Molly Lee,dbaker@example.org,Mumbai,Delhi,2025-11-13 08:17:27.000
2668,Holly Anderson,joshuafarrell@example.net,Pune,Maharashtra,2025-05-27 15:12:25.000
2669,Michael Powers,hensonvincent@example.net,Bengaluru,Maharashtra,2026-06-12 11:55:17.000
2670,Evan Bowman,lamtiffany@example.net,Delhi,Karnataka,2025-01-10 22:20:43.000
2671,Kevin Gonzalez,douglasboyer@example.com,Coimbatore,Kerala,2025-03-23 16:32:45.000
2672,Mia Stewart,svaldez@example.org,Kochi,Maharashtra,2026-02-10 23:07:58.000
2673,John Bradshaw,edwin67@example.com,Bengaluru,Tamil Nadu,2025-04-22 08:33:54.000
2674,Brandi Obrien,vegamichael@example.net,Kochi,Maharashtra,2026-06-24 20:25:51.000
2675,Carla Schwartz,millerjohnny@example.net,Bengaluru,Kerala,2025-05-12 01:13:43.000
2676,Miss Morgan Lopez PhD,joshua16@example.net,Bengaluru,Telangana,2025-06-04 15:14:21.000
2677,Amy Griffith,allenfrederick@example.com,Delhi,Karnataka,2026-04-08 02:52:25.000
2678,Jennifer Thompson,daniellerivas@example.net,Kochi,Tamil Nadu,2025-06-30 21:00:16.000
2679,Bianca Perez,mharris@example.org,Kochi,Kerala,2026-01-23 16:05:12.000
2680,Tyler Melendez,graysarah@example.net,Pune,Kerala,2026-08-18 22:45:21.000
2681,Miranda Rice,leah10@example.com,Pune,Kerala,2025-11-07 20:55:51.000
2682,Terri Pittman,angelicarogers@example.com,Delhi,Maharashtra,2026-06-02 19:45:36.000
2683,Tina Farmer,tyrone56@example.net,Kochi,Maharashtra,2026-02-02 05:27:27.000
2684,Matthew Rodgers,tara60@example.org,Pune,Karnataka,2026-08-20 12:32:57.000
2685,Jessica Rivera,kennedyruben@example.org,Coimbatore,Tamil Nadu,2025-04-05 21:47:16.000
2686,Brenda Brown,castroglen@example.com,Pune,Maharashtra,2026-01-22 05:51:18.000
2687,David Rasmussen,wingram@example.org,Mumbai,Kerala,2025-04-15 13:16:55.000
2688,Christopher Durham,ericksoncarla@example.com,Chennai,Tamil Nadu,2026-07-28 01:33:29.000
2689,Cheyenne Williams,kevin26@example.com,Chennai,Tamil Nadu,2026-01-22 21:54:27.000
2690,Shelby Diaz,sandra30@example.org,Chennai,Karnataka,2025-10-25 04:47:44.000
2691,Jon Petty,tbarry@example.com,Delhi,Karnataka,2025-08-24 03:43:03.000
2692,Anthony Martin,kathryn63@example.com,Bengaluru,Tamil Nadu,2026-05-29 11:26:08.000
2693,Kelly Myers,hdelgado@example.com,Coimbatore,Maharashtra,2025-06-06 20:16:50.000
2694,Wesley Henry,xmcknight@example.net,Pune,Kerala,2026-01-22 17:30:39.000
2695,Erin Romero,browneric@example.net,Coimbatore,Delhi,2025-07-23 05:47:39.000
2696,Kelly Medina,jamesrichard@example.net,Delhi,Delhi,2026-03-01 13:44:09.000
2697,Nathan Miller,stephenlee@example.org,Chennai,Tamil Nadu,2025-12-01 07:21:24.000
2698,Katherine Shields,bethanyvillanueva@example.org,Bengaluru,Maharashtra,2025-12-16 14:45:41.000
2699,Taylor Adkins,reillybrent@example.net,Delhi,Maharashtra,2025-12-10 17:50:40.000
2700,Randy Walls,hernandezterrance@example.org,Coimbatore,Tamil Nadu,2025-01-26 12:33:03.000
2701,Veronica Hanson,nwhite@example.com,Hyderabad,Delhi,2026-05-28 04:18:44.000
2702,Kristy Walker,yharper@example.com,Pune,Kerala,2025-05-08 11:52:13.000
2703,Kenneth Harrell,klogan@example.org,Coimbatore,Maharashtra,2025-04-15 11:02:33.000
2704,Elizabeth Mullins,stacey39@example.org,Pune,Kerala,2025-10-30 04:59:09.000
2705,Zachary Combs,valenzuelamary@example.net,Coimbatore,Tamil Nadu,2026-03-18 20:13:47.000
2706,James Goodwin,tsmith@example.net,Coimbatore,Kerala,2026-03-07 03:16:48.000
2707,Ashley Hoffman,hansonjesse@example.org,Coimbatore,Maharashtra,2026-03-13 17:12:01.000
2708,Cassandra Morris,drakebrian@example.net,Hyderabad,Delhi,2025-02-13 07:00:55.000
2709,James Montgomery,sheriellis@example.org,Kochi,Telangana,2026-01-20 05:42:39.000
2710,Kelly Manning,fbryant@example.com,Kochi,Delhi,2026-06-10 10:38:46.000
2711,Zachary Herrera DVM,brian05@example.com,Delhi,Telangana,2025-09-06 22:13:55.000
2712,Joseph Medina,thompsonrachel@example.com,Chennai,Tamil Nadu,2026-04-04 15:02:09.000
2713,Edward Rogers,tylersweeney@example.net,Chennai,Karnataka,2025-10-12 14:22:45.000
2714,David Potts,smithsarah@example.net,Delhi,Kerala,2026-03-30 13:56:00.000
2715,Kelly Johnson,laurie33@example.com,Chennai,Kerala,2025-09-23 01:28:57.000
2716,Kelly Soto,hollowaybobby@example.org,Kochi,Tamil Nadu,2025-11-29 13:15:38.000
2717,Mrs. Kristen Murillo,sextonjames@example.com,Delhi,Telangana,2025-11-16 22:55:27.000
2718,Alexa Campbell,johnconner@example.net,Delhi,Tamil Nadu,2026-05-29 14:24:25.000
2719,Alexis Wallace,morgan30@example.net,Mumbai,Karnataka,2025-07-02 05:40:21.000
2720,Amanda Johnson,brettbush@example.com,Pune,Delhi,2025-03-07 23:25:43.000
2721,James Sloan,georgestanton@example.net,Bengaluru,Telangana,2025-03-30 21:53:58.000
2722,Tiffany Sawyer,khernandez@example.org,Delhi,Karnataka,2025-01-16 07:27:29.000
2723,Antonio Gonzalez,fjones@example.org,Delhi,Tamil Nadu,2025-12-24 23:58:25.000
2724,Maria Moore,seth41@example.net,Kochi,Delhi,2026-02-04 19:49:06.000
2725,Andrea Johnson,hayeselizabeth@example.com,Kochi,Telangana,2025-01-16 20:19:33.000
2726,Cristina Rogers,stanleyjoshua@example.net,Coimbatore,Delhi,2025-01-18 06:31:02.000
2727,Amber Jones,bradydale@example.net,Delhi,Maharashtra,2026-03-20 00:09:38.000
2728,Loretta Mason,mitchellbrown@example.org,Kochi,Telangana,2026-03-21 16:53:38.000
2729,Edward Bauer,james82@example.net,Bengaluru,Maharashtra,2025-03-19 17:11:30.000
2730,Kimberly Acosta,zzuniga@example.net,Mumbai,Telangana,2026-01-21 19:44:39.000
2731,Mrs. Elizabeth Castro,diamondharper@example.org,Delhi,Karnataka,2026-04-23 13:13:20.000
2732,James Daugherty,jamespoole@example.com,Pune,Telangana,2025-12-05 15:27:49.000
2733,Brittany Williams,cfarmer@example.org,Mumbai,Maharashtra,2026-05-09 13:32:18.000
2734,Melody Rice,jenkinsbrenda@example.org,Bengaluru,Delhi,2025-06-16 06:44:32.000
2735,Zachary Nelson,isaac80@example.org,Pune,Telangana,2025-02-06 22:02:55.000
2736,Marcus Evans,gregorystout@example.net,Pune,Delhi,2025-11-09 06:19:58.000
2737,Noah Sandoval,kimberly08@example.org,Mumbai,Delhi,2026-08-01 00:26:11.000
2738,Mrs. Susan Cortez DDS,meghan62@example.org,Bengaluru,Kerala,2026-03-26 02:18:12.000
2739,Brandon Woods,sarajones@example.com,Bengaluru,Delhi,2025-09-19 15:06:59.000
2740,Whitney Campbell,brewerbrandon@example.com,Pune,Tamil Nadu,2026-03-16 22:59:19.000
2741,Sarah Bush,gregg56@example.com,Coimbatore,Maharashtra,2025-06-12 21:49:16.000
2742,Brenda Hood,hubbarddestiny@example.org,Delhi,Tamil Nadu,2026-05-22 01:31:35.000
2743,Angela Wheeler,johnskenneth@example.org,Pune,Delhi,2025-08-21 22:42:33.000
2744,Tina Johnson,garciaheidi@example.net,Kochi,Kerala,2026-02-24 09:21:08.000
2745,Dennis Baxter,xrobinson@example.org,Delhi,Karnataka,2025-11-18 19:22:38.000
2746,Michael Schultz,matthew01@example.com,Kochi,Telangana,2026-05-01 10:10:15.000
2747,Holly Mueller,benjaminadkins@example.net,Coimbatore,Kerala,2026-08-16 23:35:39.000
2748,Shelley Ramirez MD,james67@example.com,Hyderabad,Tamil Nadu,2026-05-03 15:51:33.000
2749,Lisa Jones,christopher61@example.net,Hyderabad,Delhi,2026-01-23 17:49:48.000
2750,Jon Dyer,hammondluke@example.net,Mumbai,Kerala,2026-07-31 11:45:36.000
2751,Amanda Ford,ahernandez@example.com,Coimbatore,Telangana,2026-05-11 11:48:33.000
2752,Christopher Glenn,brittany16@example.net,Kochi,Delhi,2026-07-19 09:05:11.000
2753,Mrs. Chloe Christian,joshuaklein@example.org,Chennai,Delhi,2025-06-05 20:21:01.000
2754,Joel Ritter,pattonnicole@example.net,Delhi,Maharashtra,2025-04-25 18:08:31.000
2755,Brian Wright,timothyfrank@example.net,Mumbai,Karnataka,2026-08-03 18:31:45.000
2756,Matthew Kelley,jacobfoster@example.com,Pune,Maharashtra,2025-11-15 15:48:20.000
2757,Eric Gordon,eadams@example.net,Delhi,Tamil Nadu,2026-05-08 09:15:53.000
2758,Brian Dunn,swhitehead@example.net,Mumbai,Maharashtra,2025-07-27 08:01:28.000
2759,Charles Lopez,marklove@example.com,Pune,Kerala,2025-05-05 17:30:30.000
2760,Nicole Schroeder,youngmonica@example.net,Pune,Kerala,2026-04-12 23:46:54.000
2761,Jorge King,lewissheri@example.com,Mumbai,Maharashtra,2025-07-05 05:39:11.000
2762,Kyle Anderson,kayla19@example.com,Bengaluru,Karnataka,2025-05-30 01:34:25.000
2763,Annette Tyler,oallen@example.org,Chennai,Karnataka,2025-08-30 04:53:44.000
2764,Chelsea Mcgrath,hallpaul@example.org,Coimbatore,Maharashtra,2026-03-11 19:53:40.000
2765,Connie Spencer,smitherin@example.net,Kochi,Maharashtra,2026-05-18 11:30:03.000
2766,Maria Galvan,washingtontara@example.com,Chennai,Karnataka,2025-05-04 18:39:27.000
2767,Tyler Shea,joshua73@example.org,Pune,Karnataka,2025-01-23 15:14:37.000
2768,Stephen Barrett,david71@example.com,Pune,Telangana,2026-05-27 14:30:43.000
2769,Madison Jackson,johnallen@example.net,Hyderabad,Kerala,2025-02-02 19:16:06.000
2770,Leslie Bradley,rdiaz@example.net,Coimbatore,Tamil Nadu,2025-02-12 23:22:30.000
2771,Steven Russo,bjohnson@example.org,Bengaluru,Telangana,2026-04-13 06:37:55.000
2772,Mark Compton,jbriggs@example.org,Pune,Tamil Nadu,2025-11-13 03:09:27.000
2773,Mrs. Robin Logan MD,miranda15@example.net,Delhi,Kerala,2026-05-26 15:23:40.000
2774,Katherine Ramirez,anthonyashley@example.org,Bengaluru,Maharashtra,2026-07-17 12:42:31.000
2775,Nicholas Jones,samuel98@example.net,Hyderabad,Karnataka,2025-03-28 22:34:13.000
2776,Suzanne Knight,lauren48@example.net,Bengaluru,Delhi,2026-05-31 21:54:17.000
2777,Rhonda King,john57@example.net,Pune,Maharashtra,2025-03-12 02:21:33.000
2778,Ryan Hernandez,urhodes@example.com,Mumbai,Delhi,2025-04-05 23:24:19.000
2779,Regina Johnson,carterjames@example.net,Delhi,Telangana,2026-03-30 20:37:48.000
2780,Troy Hunt,smaxwell@example.com,Kochi,Kerala,2026-08-01 20:24:01.000
2781,Amber Cunningham,gallagherjohn@example.net,Mumbai,Maharashtra,2025-06-19 07:58:15.000
2782,Jonathan Meza,youngjulie@example.org,Hyderabad,Tamil Nadu,2025-05-17 01:06:43.000
2783,Christian Johnson,nbowers@example.com,Mumbai,Telangana,2025-12-08 08:24:55.000
2784,Stephanie Garrett,donaldmeyer@example.com,Kochi,Telangana,2026-04-03 20:43:16.000
2785,Edward Flores,cookmichael@example.net,Chennai,Maharashtra,2026-02-19 08:36:03.000
2786,Daniel Hill,aprilking@example.org,Delhi,Kerala,2025-03-29 17:45:07.000
2787,Valerie Hughes,salazarjennifer@example.org,Delhi,Delhi,2025-11-26 03:51:22.000
2788,John Guzman,mjones@example.net,Coimbatore,Kerala,2025-07-11 08:14:06.000
2789,Luke Norman,susan36@example.com,Pune,Karnataka,2025-10-09 22:46:24.000
2790,Jeffrey Nguyen,hwarren@example.com,Coimbatore,Kerala,2025-10-13 15:09:25.000
2791,Frances Fleming,mercerashley@example.org,Pune,Tamil Nadu,2026-05-17 07:04:58.000
2792,Stacey Clay,xtran@example.org,Chennai,Kerala,2026-05-30 08:44:22.000
2793,Erica Franklin,gabrielle50@example.net,Chennai,Kerala,2026-06-06 15:30:18.000
2794,Julie Roberts,davidwatkins@example.org,Mumbai,Telangana,2026-03-06 07:35:41.000
2795,Christopher Dunn,walterwu@example.com,Kochi,Telangana,2026-05-12 06:52:25.000
2796,Teresa Torres,pfrost@example.com,Delhi,Kerala,2025-04-05 19:14:49.000
2797,Mr. Christopher Mccarthy,tterry@example.com,Mumbai,Maharashtra,2025-10-29 17:37:28.000
2798,David Williams,khansen@example.org,Chennai,Maharashtra,2025-07-18 11:29:35.000
2799,Cristina Horton,ldavies@example.org,Pune,Tamil Nadu,2026-08-11 17:18:45.000
2800,Anthony Avery,terrielliott@example.net,Mumbai,Telangana,2025-06-13 09:53:18.000
2801,Walter Braun,hicksstacey@example.net,Hyderabad,Maharashtra,2026-05-06 09:16:02.000
2802,Johnny Watts,tammygarner@example.com,Delhi,Kerala,2025-11-12 13:46:20.000
2803,Bryan Bush,nathancampbell@example.com,Chennai,Telangana,2025-03-04 05:04:14.000
2804,Pamela Massey MD,kimberlyconner@example.org,Coimbatore,Maharashtra,2026-07-27 09:35:38.000
2805,Lee Johnson,larrypeters@example.org,Kochi,Telangana,2026-07-12 05:02:40.000
2806,Jason Sanchez,alexis67@example.com,Kochi,Tamil Nadu,2025-05-05 13:00:59.000
2807,Karen Wilson DVM,walshnatalie@example.org,Pune,Delhi,2025-02-21 13:10:29.000
2808,James Stokes,kevin08@example.com,Delhi,Maharashtra,2026-04-13 16:15:16.000
2809,Brenda Walls,vargaskimberly@example.com,Delhi,Maharashtra,2026-06-24 23:39:20.000
2810,Melinda Durham,theresasmith@example.com,Chennai,Tamil Nadu,2026-05-14 04:03:19.000
2811,Amanda King,jackvazquez@example.com,Hyderabad,Kerala,2025-12-11 09:40:03.000
2812,Thomas Mccoy,cynthia28@example.com,Hyderabad,Tamil Nadu,2025-11-08 04:52:41.000
2813,Jared Baker,harveylaura@example.com,Mumbai,Kerala,2025-08-26 07:49:08.000
2814,Lisa Montgomery,wesleyalvarez@example.net,Delhi,Delhi,2025-03-05 20:54:59.000
2815,Edward Frazier,comptonjamie@example.com,Bengaluru,Karnataka,2025-07-13 20:56:51.000
2816,Steven Farley,hansoncheryl@example.com,Hyderabad,Delhi,2026-06-17 15:22:10.000
2817,James Heath,tiffany30@example.com,Kochi,Telangana,2025-12-17 16:22:54.000
2818,Isaac Oneill,sherihoffman@example.org,Coimbatore,Kerala,2025-04-14 16:48:11.000
2819,Kelly Lowery,lhill@example.com,Pune,Karnataka,2026-06-18 23:18:40.000
2820,Mallory Snyder,beckermichael@example.com,Delhi,Telangana,2025-06-04 07:21:36.000
2821,Denise Gomez,scottjohnson@example.org,Bengaluru,Maharashtra,2025-10-13 12:33:09.000
2822,Tyler Howard,sclark@example.com,Hyderabad,Maharashtra,2025-10-21 01:45:18.000
2823,Jeffrey Fields,leekelly@example.com,Mumbai,Tamil Nadu,2025-01-18 20:11:36.000
2824,Lori Garcia,erichards@example.com,Mumbai,Tamil Nadu,2025-12-26 04:13:28.000
2825,Deborah Gomez,josephbaker@example.org,Mumbai,Telangana,2026-06-29 16:27:19.000
2826,Erin Freeman,vdalton@example.net,Hyderabad,Tamil Nadu,2025-11-08 11:49:57.000
2827,Heather Ruiz,jonathan57@example.com,Kochi,Delhi,2025-07-22 01:41:33.000
2828,Leonard Sanders,moorepaul@example.org,Hyderabad,Tamil Nadu,2025-10-13 18:31:43.000
2829,Michael Rivas,browncarol@example.com,Hyderabad,Delhi,2025-04-02 03:34:20.000
2830,Joe Henry,goodwindaniel@example.net,Chennai,Kerala,2026-02-13 10:19:30.000
2831,Paul Singh,haley59@example.com,Kochi,Maharashtra,2026-06-08 05:00:04.000
2832,Krista Guerra,jlamb@example.com,Coimbatore,Tamil Nadu,2025-06-24 08:41:02.000
2833,Debbie Hanson,ahodges@example.org,Mumbai,Karnataka,2026-08-31 11:48:35.000
2834,Sharon Park,shelley35@example.org,Pune,Telangana,2026-08-03 18:42:23.000
2835,Laurie Houston,mary40@example.net,Coimbatore,Maharashtra,2025-04-12 03:05:29.000
2836,Debra Clarke,scottcunningham@example.com,Kochi,Karnataka,2026-04-12 02:21:14.000
2837,Juan Taylor,julievillanueva@example.org,Mumbai,Telangana,2026-07-19 10:49:12.000
2838,Ronald Ortiz,valeriebrooks@example.com,Mumbai,Maharashtra,2025-05-21 02:20:17.000
2839,Larry Freeman,pbennett@example.org,Kochi,Karnataka,2025-01-23 08:22:11.000
2840,Matthew Delgado,kyoung@example.net,Pune,Telangana,2025-07-02 21:46:12.000
2841,Kerry Jenkins,henry45@example.org,Coimbatore,Karnataka,2025-10-15 02:32:48.000
2842,Jose Butler,jeremy57@example.net,Coimbatore,Tamil Nadu,2025-01-09 00:22:59.000
2843,Carrie Hall,hernandezthomas@example.com,Coimbatore,Karnataka,2025-09-09 01:44:30.000
2844,Jessica Jenkins,danielwalker@example.com,Kochi,Kerala,2025-06-14 20:01:26.000
2845,Tanya Griffith,scott36@example.com,Kochi,Kerala,2025-11-25 18:42:54.000
2846,Nancy Henry,lramirez@example.com,Pune,Tamil Nadu,2025-03-16 00:08:13.000
2847,Megan Gaines,ojames@example.com,Chennai,Tamil Nadu,2025-09-16 13:00:26.000
2848,Edward Williams,kmccann@example.org,Mumbai,Maharashtra,2025-10-03 04:39:43.000
2849,Walter Santos,stacywilliams@example.org,Chennai,Tamil Nadu,2025-07-17 00:30:25.000
2850,Michael Vang,meghan19@example.net,Kochi,Telangana,2025-11-03 13:40:54.000
2851,Michael Andrade,scott51@example.net,Delhi,Karnataka,2026-03-11 14:57:42.000
2852,Donald Barton,laralucas@example.net,Chennai,Delhi,2025-05-20 07:44:26.000
2853,Denise Bell,cameronreed@example.com,Pune,Karnataka,2026-01-27 06:31:10.000
2854,Claudia Cannon,ymcguire@example.net,Coimbatore,Telangana,2025-12-30 13:44:03.000
2855,Kelly Sullivan,jenniferwilliams@example.net,Hyderabad,Tamil Nadu,2025-09-04 11:13:29.000
2856,Peter Eaton,kanejason@example.com,Kochi,Karnataka,2025-07-22 06:19:11.000
2857,Craig Rojas,nicholas35@example.com,Bengaluru,Telangana,2025-02-04 07:14:32.000
2858,Robert Nelson,vgoodwin@example.org,Hyderabad,Maharashtra,2025-08-07 06:13:54.000
2859,Kimberly Graham,watersscott@example.org,Delhi,Maharashtra,2025-08-08 18:06:49.000
2860,Stacy Morales,wfoster@example.org,Pune,Delhi,2026-08-15 12:34:49.000
2861,Patricia Simmons,joseph94@example.com,Pune,Delhi,2025-09-01 02:56:06.000
2862,Shannon Wood,paulmanuel@example.com,Kochi,Karnataka,2025-09-03 02:08:46.000
2863,Courtney Osborne,williamslatasha@example.net,Coimbatore,Karnataka,2026-03-08 14:31:38.000
2864,Melissa Thomas,dannymiller@example.com,Coimbatore,Tamil Nadu,2025-05-27 17:43:23.000
2865,Melissa Gordon,uryan@example.net,Hyderabad,Tamil Nadu,2025-06-28 12:54:40.000
2866,Nathan Callahan,iwatkins@example.com,Hyderabad,Tamil Nadu,2026-01-01 06:02:57.000
2867,Timothy Rodriguez,jeremyfletcher@example.org,Pune,Karnataka,2026-07-03 08:06:05.000
2868,Joel Holt,carlanash@example.com,Coimbatore,Maharashtra,2025-04-01 02:50:41.000
2869,Joshua Gill,kurt29@example.net,Coimbatore,Tamil Nadu,2025-12-09 22:31:24.000
2870,Christopher Montgomery Jr.,bensonrachel@example.net,Delhi,Kerala,2026-03-12 15:05:09.000
2871,Allen Bryant,ryanwalker@example.net,Coimbatore,Maharashtra,2026-01-18 21:58:21.000
2872,Stacey Gibson,william07@example.com,Bengaluru,Kerala,2025-04-25 23:55:16.000
2873,Charles Bean,tiffany00@example.net,Bengaluru,Telangana,2025-03-14 16:25:05.000
2874,Jennifer Pearson,elizabeth81@example.org,Mumbai,Telangana,2025-05-21 07:39:09.000
2875,Kylie Lewis,barnettandrew@example.org,Hyderabad,Kerala,2026-01-31 03:33:33.000
2876,Randy Cook,clarkjennifer@example.com,Pune,Delhi,2026-05-31 01:46:56.000
2877,Maria Shelton,hardymarcia@example.org,Mumbai,Delhi,2025-01-04 04:54:32.000
2878,Stacey Nguyen,lindsey66@example.com,Hyderabad,Maharashtra,2025-03-01 16:19:00.000
2879,Brett Williams,awright@example.com,Mumbai,Maharashtra,2026-06-10 18:29:21.000
2880,Tina Hopkins,bhowell@example.net,Bengaluru,Telangana,2025-01-21 03:58:11.000
2881,Jeffrey Moore,oreyes@example.com,Pune,Kerala,2026-06-13 16:02:17.000
2882,Renee Travis,julieconley@example.com,Bengaluru,Maharashtra,2025-10-18 03:37:53.000
2883,Jerome Perkins,tsolis@example.org,Bengaluru,Telangana,2025-04-30 10:34:57.000
2884,Patrick Robinson,uwhite@example.net,Chennai,Tamil Nadu,2025-12-24 11:22:05.000
2885,David Lambert,hannah28@example.com,Coimbatore,Maharashtra,2026-05-04 01:25:06.000
2886,Nancy Thompson,tiffany25@example.com,Pune,Delhi,2026-05-27 02:07:35.000
2887,Robert Collins,owhite@example.net,Chennai,Telangana,2025-02-04 01:22:02.000
2888,Anthony Higgins,masseymason@example.com,Coimbatore,Telangana,2026-07-23 04:59:28.000
2889,Angie Bautista,lopezamy@example.org,Hyderabad,Karnataka,2025-02-07 19:30:10.000
2890,Anthony Hays,jason78@example.net,Pune,Telangana,2025-02-13 03:14:52.000
2891,Jordan Oliver,matthewharris@example.org,Bengaluru,Delhi,2026-04-13 19:31:40.000
2892,Jill Elliott,rodriguezhannah@example.com,Kochi,Tamil Nadu,2025-11-06 19:15:40.000
2893,Vanessa Haas,roconnor@example.net,Pune,Karnataka,2025-07-06 11:25:04.000
2894,Joel Lang,vfox@example.net,Kochi,Tamil Nadu,2025-01-16 22:22:19.000
2895,Jacob Stewart,scott68@example.org,Mumbai,Karnataka,2025-10-29 18:13:08.000
2896,Brianna Reed,austinkirk@example.com,Kochi,Telangana,2026-05-18 16:05:09.000
2897,Nicole Jackson,careycarrie@example.net,Hyderabad,Tamil Nadu,2025-08-20 21:18:47.000
2898,Sarah Clark,cole01@example.net,Coimbatore,Maharashtra,2026-07-26 13:58:13.000
2899,Michelle Jackson,jeffreysmith@example.com,Pune,Kerala,2026-04-14 18:18:32.000
2900,Danielle Hamilton,michaelbenjamin@example.net,Hyderabad,Telangana,2026-06-01 22:11:51.000
2901,Samantha Walters,sjones@example.com,Bengaluru,Telangana,2026-02-03 04:32:55.000
2902,Dr. William Gonzalez,marianelson@example.net,Mumbai,Maharashtra,2025-12-12 23:38:54.000
2903,Pamela Hernandez,robinsondavid@example.net,Kochi,Maharashtra,2025-07-28 12:49:07.000
2904,John Carter,timothy04@example.org,Kochi,Tamil Nadu,2026-08-11 14:00:27.000
2905,Christina Peterson,jeremiahstephens@example.com,Kochi,Telangana,2026-04-22 19:19:29.000
2906,Donald Valdez,karen39@example.org,Hyderabad,Maharashtra,2026-05-05 20:50:38.000
2907,Tony Zamora,welchethan@example.org,Kochi,Tamil Nadu,2025-02-01 09:49:14.000
2908,Robin Allen,emilysloan@example.net,Delhi,Maharashtra,2026-06-10 09:45:22.000
2909,Sarah Woodward,stevenacosta@example.net,Mumbai,Kerala,2026-06-18 00:22:34.000
2910,Ryan Martinez,mark42@example.net,Hyderabad,Maharashtra,2026-02-14 13:11:15.000
2911,Jonathan Hill,uellis@example.org,Bengaluru,Telangana,2025-12-30 16:14:16.000
2912,James Smith,wwise@example.org,Kochi,Tamil Nadu,2026-01-06 23:19:16.000
2913,Carol Bates,eric89@example.com,Pune,Karnataka,2025-04-10 06:10:24.000
2914,Linda Reid,jesuswillis@example.com,Pune,Karnataka,2026-02-11 07:08:33.000
2915,Kenneth Ho,austin00@example.com,Kochi,Telangana,2026-03-18 14:16:24.000
2916,Christina Williams,cynthia66@example.com,Chennai,Delhi,2025-03-01 10:40:10.000
2917,Roger Edwards,victor54@example.org,Chennai,Delhi,2025-03-25 14:24:32.000
2918,Sean Robinson,williamjones@example.org,Kochi,Maharashtra,2025-03-15 09:18:58.000
2919,Kimberly Medina,johnjohnson@example.net,Coimbatore,Kerala,2026-07-14 11:33:05.000
2920,Gail Dixon,anthonyharvey@example.net,Pune,Telangana,2025-07-17 22:56:18.000
2921,Jonathan Love,duncancynthia@example.org,Bengaluru,Delhi,2025-01-13 15:16:13.000
2922,John Fox,ericperez@example.com,Bengaluru,Kerala,2026-05-29 20:42:49.000
2923,Adam Morrow,foxisaac@example.com,Coimbatore,Karnataka,2025-05-22 12:36:20.000
2924,Audrey Barton,johncarrillo@example.org,Kochi,Tamil Nadu,2025-03-06 16:38:55.000
2925,Robin Vega,margaret56@example.org,Kochi,Kerala,2025-08-20 04:33:06.000
2926,Charles Swanson,patricianichols@example.net,Delhi,Delhi,2026-07-17 10:06:11.000
2927,Jeremy Tucker,oliverandrea@example.org,Coimbatore,Kerala,2025-12-16 11:38:12.000
2928,Rebecca Rice,vmoses@example.org,Pune,Telangana,2025-05-26 09:30:24.000
2929,April Sherman,ecoleman@example.com,Mumbai,Karnataka,2025-03-02 18:08:10.000
2930,Charles Brown,kmoreno@example.net,Pune,Kerala,2025-03-24 14:08:49.000
2931,Valerie Hunter,marcus34@example.org,Kochi,Delhi,2025-01-14 21:57:50.000
2932,Kristi Hill,fsimmons@example.net,Chennai,Maharashtra,2025-04-01 15:02:25.000
2933,Kristen Brewer,stephanie59@example.com,Chennai,Karnataka,2026-05-25 09:00:58.000
2934,Angela Wilson,pwilson@example.com,Coimbatore,Maharashtra,2026-06-22 08:12:10.000
2935,Jesus Contreras,anthonymiller@example.org,Kochi,Kerala,2026-08-02 01:45:59.000
2936,Joseph Baker,xbaldwin@example.com,Coimbatore,Telangana,2026-04-26 09:39:50.000
2937,Angela Brown,waltonjoann@example.com,Delhi,Kerala,2026-06-08 08:36:03.000
2938,David Olsen,steven99@example.com,Kochi,Telangana,2025-03-10 01:38:14.000
2939,Jessica Scott,deannawilliams@example.org,Hyderabad,Karnataka,2025-01-11 18:39:57.000
2940,Victoria Cox,randrade@example.com,Mumbai,Tamil Nadu,2025-01-13 08:07:20.000
2941,Lori Mcknight,richard36@example.net,Mumbai,Tamil Nadu,2025-06-12 12:19:12.000
2942,Jeremy Whitehead,leonarddouglas@example.org,Coimbatore,Kerala,2025-04-23 17:52:12.000
2943,Sydney Norris,clintonlyons@example.net,Mumbai,Maharashtra,2026-05-02 06:35:18.000
2944,Joann Kennedy,rsingh@example.org,Mumbai,Tamil Nadu,2025-08-22 17:30:56.000
2945,William Collins,vickiemartinez@example.net,Coimbatore,Karnataka,2026-01-04 03:47:49.000
2946,Linda Wilson,christyblack@example.net,Kochi,Tamil Nadu,2025-04-01 10:56:59.000
2947,Curtis Wilson,michael59@example.com,Hyderabad,Karnataka,2026-07-28 19:52:45.000
2948,Eric Allen,thernandez@example.com,Coimbatore,Maharashtra,2026-01-02 05:11:44.000
2949,Nancy Barber,carolyngarcia@example.net,Chennai,Maharashtra,2026-03-31 13:24:30.000
2950,John Terry,pperez@example.net,Mumbai,Karnataka,2025-08-18 00:03:20.000
2951,Bernard House,greenrobert@example.org,Kochi,Tamil Nadu,2025-09-17 07:24:58.000
2952,Kathryn Chambers,abbottjeremy@example.org,Chennai,Tamil Nadu,2026-05-05 15:41:30.000
2953,Michael Allen,yeaton@example.org,Kochi,Maharashtra,2026-01-21 00:34:39.000
2954,Mitchell Green,qoconnor@example.com,Pune,Tamil Nadu,2026-01-14 15:35:37.000
2955,Dustin Jacobson,vgarcia@example.com,Kochi,Maharashtra,2026-02-03 17:38:39.000
2956,Debbie Allen,lcunningham@example.com,Coimbatore,Karnataka,2026-07-09 19:20:12.000
2957,Brittany Williamson,vanessa48@example.org,Chennai,Delhi,2025-01-15 18:33:07.000
2958,Teresa Jones,jonesstacey@example.org,Kochi,Delhi,2025-09-03 07:52:24.000
2959,Ellen Clarke,nicolesmith@example.org,Bengaluru,Telangana,2026-05-19 13:11:35.000
2960,Ronald Woods,herreraalan@example.net,Kochi,Maharashtra,2025-04-01 19:56:00.000
2961,Mr. Robert Hudson,carl78@example.net,Coimbatore,Delhi,2026-05-17 21:39:53.000
2962,Rick English,emilycunningham@example.com,Delhi,Maharashtra,2026-06-26 18:36:41.000
2963,Scott Flowers,jessica64@example.org,Kochi,Tamil Nadu,2025-05-06 07:28:23.000
2964,Ronald Bradley,umartinez@example.org,Pune,Kerala,2025-05-30 06:53:30.000
2965,Julie Brown MD,zrhodes@example.com,Coimbatore,Telangana,2025-12-07 06:58:30.000
2966,Heather Nelson,susan89@example.org,Mumbai,Delhi,2025-06-20 15:32:54.000
2967,Ariel Scott,crawfordbruce@example.org,Delhi,Delhi,2026-07-10 12:16:43.000
2968,Stephanie Jones,benderalexandra@example.net,Coimbatore,Karnataka,2025-08-16 21:15:40.000
2969,Joseph Thompson,lisalynch@example.com,Kochi,Maharashtra,2026-06-07 19:37:45.000
2970,Kim Payne,angie08@example.com,Delhi,Maharashtra,2025-05-06 20:22:44.000
2971,Dr. Carlos Jones MD,joshualewis@example.org,Mumbai,Telangana,2026-06-21 11:32:07.000
2972,Tricia Lewis,erin49@example.com,Bengaluru,Kerala,2026-01-11 01:43:03.000
2973,John Pope,caitlin75@example.net,Hyderabad,Karnataka,2025-06-04 22:39:19.000
2974,Kathleen Lewis,donaldnewman@example.com,Hyderabad,Delhi,2026-01-18 07:00:25.000
2975,Elizabeth Powers,alexandermichelle@example.org,Bengaluru,Maharashtra,2026-01-19 11:42:09.000
2976,Adrian Wilkins,jnorman@example.com,Pune,Karnataka,2025-06-12 16:06:46.000
2977,Virginia Cortez,modom@example.org,Chennai,Tamil Nadu,2025-10-06 16:16:11.000
2978,Adam Peters,delgadodavid@example.net,Pune,Telangana,2026-06-10 18:50:59.000
2979,Danny Williams,perezluis@example.net,Hyderabad,Karnataka,2026-01-27 01:31:37.000
2980,Betty Rhodes,chloehunter@example.org,Chennai,Tamil Nadu,2025-09-20 07:49:55.000
2981,Christina Norris,njohnson@example.net,Kochi,Tamil Nadu,2026-04-25 16:12:26.000
2982,Cindy Morris,matthewsstephen@example.com,Mumbai,Tamil Nadu,2026-03-13 12:05:36.000
2983,Robert Schneider,wpotter@example.org,Mumbai,Maharashtra,2025-07-20 06:09:10.000
2984,Natasha Neal,richardphillips@example.net,Delhi,Telangana,2026-08-21 14:10:08.000
2985,Morgan Harding,robleseduardo@example.net,Chennai,Delhi,2025-07-27 18:23:52.000
2986,Lori Smith,williamschris@example.net,Hyderabad,Kerala,2026-02-05 07:31:05.000
2987,Deborah Frank,mcdanieldeanna@example.net,Bengaluru,Kerala,2025-02-09 03:56:05.000
2988,Jason Mccarty,uford@example.net,Coimbatore,Maharashtra,2026-08-11 00:28:06.000
2989,Mr. Andres Torres,kathrynserrano@example.com,Bengaluru,Tamil Nadu,2026-08-31 03:03:24.000
2990,William Sullivan,stonebrendan@example.net,Bengaluru,Delhi,2025-02-02 14:22:01.000
2991,Amy Jordan,andrea77@example.org,Bengaluru,Karnataka,2026-05-05 06:40:26.000
2992,Gina Bartlett,jessicajohnson@example.org,Bengaluru,Karnataka,2025-10-08 21:25:44.000
2993,Robert Wilcox,melindacampos@example.com,Hyderabad,Kerala,2025-08-15 21:34:01.000
2994,Regina Thornton,nicole04@example.com,Coimbatore,Delhi,2026-01-23 02:40:53.000
2995,Hayden Robinson III,megan07@example.org,Bengaluru,Karnataka,2026-05-18 14:41:14.000
2996,Randy Cooper,elizabeth41@example.net,Delhi,Telangana,2025-04-18 00:15:53.000
2997,Andrea Rodriguez,michael34@example.net,Bengaluru,Karnataka,2025-12-08 01:34:29.000
2998,Madison Harris,cindy44@example.org,Kochi,Tamil Nadu,2025-07-10 13:01:22.000
2999,Melissa Mendez,zsmith@example.net,Coimbatore,Telangana,2025-08-11 17:33:43.000
3000,Christine Williams,bpowell@example.net,Hyderabad,Tamil Nadu,2025-07-26 14:53:26.000
3001,Timothy Young,jamesbarber@example.net,Delhi,Kerala,2026-08-10 07:20:04.000
3002,Luis James,randy23@example.net,Kochi,Telangana,2026-05-04 21:37:10.000
3003,Michael Thompson,andersondanny@example.com,Mumbai,Karnataka,2026-08-09 00:46:56.000
3004,Mrs. Ariel Weeks,kingtimothy@example.net,Kochi,Karnataka,2025-04-18 04:24:02.000
3005,Michael Snow,elee@example.org,Kochi,Maharashtra,2025-11-14 22:04:43.000
3006,Jose Hernandez,jacob94@example.org,Coimbatore,Delhi,2026-06-14 21:06:15.000
3007,Dawn Howard,rgonzalez@example.net,Delhi,Tamil Nadu,2025-12-10 18:15:53.000
3008,David Avila,rodriguezstephen@example.com,Hyderabad,Tamil Nadu,2026-07-12 09:30:47.000
3009,Philip Krause,thompsondanielle@example.com,Bengaluru,Tamil Nadu,2025-09-20 18:26:12.000
3010,Stephanie Mosley,sabrinahuerta@example.org,Delhi,Maharashtra,2026-08-23 22:04:10.000
3011,Christine Morrison,pmcmillan@example.net,Hyderabad,Maharashtra,2025-02-17 17:51:09.000
3012,Brenda Nguyen,patrick81@example.net,Kochi,Tamil Nadu,2026-05-28 18:34:32.000
3013,Mrs. Amber Blake,celliott@example.net,Hyderabad,Delhi,2025-02-14 21:39:11.000
3014,Heather Love,mmcpherson@example.net,Pune,Maharashtra,2025-11-09 05:52:32.000
3015,Cassandra Maddox,shenderson@example.org,Pune,Kerala,2026-07-31 20:53:05.000
3016,Dalton Tucker,floresbrian@example.net,Delhi,Telangana,2025-01-07 03:18:29.000
3017,Kristina Moore,sbonilla@example.org,Pune,Delhi,2026-04-20 02:42:01.000
3018,Sheila Hayes,halljennifer@example.com,Hyderabad,Kerala,2025-11-10 17:57:05.000
3019,Katie Hays,justinolson@example.net,Coimbatore,Kerala,2025-06-09 07:58:00.000
3020,Brian Bailey,jessicamoore@example.net,Coimbatore,Kerala,2025-09-26 03:56:16.000
3021,Diane Berry,selena21@example.com,Kochi,Karnataka,2025-08-23 04:57:10.000
3022,Christopher Jones,halljames@example.org,Bengaluru,Tamil Nadu,2026-02-22 10:29:11.000
3023,Aaron Melton,brianna49@example.org,Delhi,Maharashtra,2026-07-18 04:49:08.000
3024,Ricky Peters,vanessa57@example.org,Hyderabad,Delhi,2026-02-25 01:03:37.000
3025,Kyle Vargas,randy19@example.net,Pune,Karnataka,2025-03-14 02:16:55.000
3026,Gary Potter,whitney56@example.com,Pune,Delhi,2025-09-22 15:16:25.000
3027,Carolyn Fitzgerald,christineewing@example.org,Hyderabad,Tamil Nadu,2025-01-22 15:55:48.000
3028,Miranda Stewart,mortonmichelle@example.org,Pune,Karnataka,2026-08-25 07:20:49.000
3029,Derek Mercado,ruben42@example.net,Pune,Kerala,2025-11-25 08:33:15.000
3030,David Taylor,fsilva@example.org,Bengaluru,Kerala,2025-02-16 13:28:10.000
3031,Amanda Cox,kstephenson@example.org,Delhi,Telangana,2026-05-02 23:55:55.000
3032,David Lee,carly67@example.com,Delhi,Tamil Nadu,2025-02-07 01:48:18.000
3033,Veronica Thomas,fmorrow@example.org,Bengaluru,Maharashtra,2025-08-20 10:23:51.000
3034,Jennifer Carey,joshua43@example.org,Chennai,Maharashtra,2025-09-21 07:03:02.000
3035,Brian Wagner,lacey45@example.com,Mumbai,Kerala,2026-03-28 17:41:40.000
3036,Michael Weaver,jonathan58@example.net,Mumbai,Telangana,2025-08-21 09:31:20.000
3037,Michael Castillo,markharper@example.org,Pune,Kerala,2026-07-10 05:51:11.000
3038,Lauren Carter,srivera@example.org,Hyderabad,Kerala,2025-10-21 08:11:57.000
3039,Renee Cook,paulibarra@example.org,Mumbai,Tamil Nadu,2025-09-12 15:30:37.000
3040,Morgan Yu,teresa69@example.net,Mumbai,Telangana,2025-12-19 20:56:40.000
3041,James Lewis,scott19@example.net,Bengaluru,Karnataka,2026-07-07 17:56:20.000
3042,Gary Johns,hbarry@example.com,Kochi,Maharashtra,2025-03-05 15:36:21.000
3043,Carolyn Hudson,sanchezkevin@example.com,Bengaluru,Tamil Nadu,2025-11-27 00:27:45.000
3044,James Curry,imoore@example.com,Hyderabad,Maharashtra,2025-06-16 19:52:17.000
3045,Isabel Mckinney,alexandradavis@example.net,Coimbatore,Tamil Nadu,2025-10-14 20:08:35.000
3046,Erin Hernandez MD,james89@example.net,Kochi,Delhi,2026-03-11 03:55:37.000
3047,Melissa Wagner,lori98@example.com,Kochi,Telangana,2026-03-30 20:12:42.000
3048,Debra Osborne,patricia13@example.org,Coimbatore,Kerala,2025-11-25 21:09:42.000
3049,Michelle Li,lpaul@example.org,Coimbatore,Kerala,2026-01-16 05:42:24.000
3050,Cody Carlson,christophernorton@example.org,Kochi,Karnataka,2025-04-23 02:48:28.000
3051,Amanda Rhodes,cookmark@example.org,Hyderabad,Maharashtra,2026-07-07 08:48:26.000
3052,Phillip Mason,timothy11@example.com,Coimbatore,Karnataka,2026-07-02 05:17:31.000
3053,Noah Moore,ppeterson@example.net,Bengaluru,Kerala,2025-06-15 03:56:39.000
3054,Andres Erickson,smithrebecca@example.com,Coimbatore,Maharashtra,2025-01-26 07:50:44.000
3055,Melissa Thomas,wandrews@example.org,Hyderabad,Delhi,2025-10-14 20:50:54.000
3056,Wendy Gross,jessicabrown@example.com,Bengaluru,Delhi,2025-11-14 09:13:34.000
3057,Laura Harris,blake88@example.org,Bengaluru,Tamil Nadu,2025-10-15 01:34:54.000
3058,Thomas Clark,cynthia25@example.org,Pune,Tamil Nadu,2026-02-11 01:16:44.000
3059,Gail Mccoy,jennifersmith@example.net,Hyderabad,Tamil Nadu,2025-10-16 12:39:12.000
3060,James Hull,kgray@example.com,Pune,Telangana,2025-08-24 13:10:39.000
3061,Paul Medina,warrentonya@example.org,Pune,Maharashtra,2025-01-22 17:32:37.000
3062,Jason Adkins,andrew24@example.com,Hyderabad,Karnataka,2026-04-03 23:23:33.000
3063,Joseph Brown,grayjennifer@example.net,Kochi,Tamil Nadu,2025-08-26 00:40:06.000
3064,John Peters,davidfigueroa@example.org,Pune,Karnataka,2025-05-23 04:48:18.000
3065,Austin Garcia,csherman@example.org,Coimbatore,Tamil Nadu,2025-04-06 00:21:26.000
3066,Katherine Schultz,ambergentry@example.net,Delhi,Tamil Nadu,2025-02-04 16:56:30.000
3067,Sarah Mcconnell,sheri64@example.net,Kochi,Maharashtra,2026-03-22 02:35:44.000
3068,Jessica Gonzalez,ryan18@example.com,Pune,Delhi,2025-12-18 08:52:13.000
3069,Patrick Bautista,gonzaleschristine@example.com,Delhi,Maharashtra,2026-01-05 02:53:00.000
3070,Tina Foster,nholmes@example.org,Hyderabad,Karnataka,2026-01-28 01:28:49.000
3071,Mark Jackson,omarquez@example.org,Coimbatore,Maharashtra,2026-06-03 05:53:46.000
3072,Denise Alvarez,teresasanders@example.net,Coimbatore,Karnataka,2026-07-20 08:22:16.000
3073,Nicholas Christensen,wgreene@example.org,Delhi,Tamil Nadu,2026-05-01 06:33:53.000
3074,Joseph Myers,hannahberry@example.com,Kochi,Maharashtra,2025-06-30 20:07:18.000
3075,Valerie Peterson,lloyddonald@example.net,Kochi,Telangana,2026-02-25 04:52:03.000
3076,Meghan Bishop,fherrera@example.net,Chennai,Kerala,2025-12-11 03:54:42.000
3077,Kenneth Jackson MD,erinwarren@example.com,Pune,Kerala,2025-03-10 18:19:00.000
3078,Brandy Edwards,traci89@example.org,Hyderabad,Kerala,2025-01-20 06:22:54.000
3079,Matthew Ellison,earnold@example.com,Pune,Delhi,2026-05-17 02:38:53.000
3080,Samuel Wilson,htucker@example.org,Bengaluru,Kerala,2026-03-11 11:05:32.000
3081,James Zimmerman,vruiz@example.com,Bengaluru,Karnataka,2026-04-26 13:28:46.000
3082,Michael Barrera,scott72@example.net,Chennai,Delhi,2026-02-10 06:11:44.000
3083,Jacob Martin,dorothy04@example.net,Mumbai,Maharashtra,2026-01-26 09:51:58.000
3084,Kelly Mullen,elliseric@example.net,Chennai,Tamil Nadu,2026-05-27 06:45:05.000
3085,John Vega,manuel66@example.com,Hyderabad,Tamil Nadu,2025-08-02 13:40:22.000
3086,Alexandria Young,fpierce@example.com,Mumbai,Karnataka,2026-07-03 01:40:02.000
3087,Dr. Laura Miller,bryantstephanie@example.org,Coimbatore,Tamil Nadu,2026-02-19 09:58:42.000
3088,Kathy Larson,meaganmaldonado@example.org,Delhi,Maharashtra,2026-04-03 09:45:42.000
3089,Steven Young,adkinsjohn@example.org,Chennai,Maharashtra,2025-01-19 01:39:30.000
3090,Robert Snow,wilcoxkevin@example.org,Delhi,Maharashtra,2025-05-21 04:54:47.000
3091,Brian Ramirez Jr.,kennethruiz@example.org,Kochi,Tamil Nadu,2026-02-15 00:48:07.000
3092,Caleb Williams,frank95@example.org,Delhi,Maharashtra,2025-07-19 18:08:29.000
3093,Nicole Reid,thompsonerik@example.net,Bengaluru,Tamil Nadu,2025-03-19 03:42:47.000
3094,Karen Lawrence,randolphcarla@example.org,Hyderabad,Telangana,2025-04-22 20:59:35.000
3095,William Bradley,melissahernandez@example.org,Hyderabad,Telangana,2026-08-20 18:14:15.000
3096,Morgan Fitzgerald MD,tscott@example.com,Bengaluru,Karnataka,2025-08-27 07:03:31.000
3097,Daniel Gordon,christopher99@example.net,Kochi,Kerala,2025-05-12 09:56:59.000
3098,Russell Deleon,smiththomas@example.com,Chennai,Delhi,2025-09-10 15:51:29.000
3099,Alejandro Russo,johnathanjohnson@example.org,Hyderabad,Tamil Nadu,2026-07-09 00:53:14.000
3100,Ryan Arroyo,kirbyedwin@example.net,Chennai,Telangana,2025-10-30 21:00:11.000
3101,Joyce Rodriguez,pruittelizabeth@example.org,Bengaluru,Telangana,2025-04-21 15:39:25.000
3102,James Rodriguez,stacyblackwell@example.com,Kochi,Telangana,2025-07-20 08:14:37.000
3103,Ronald Davis,ngeorge@example.net,Kochi,Tamil Nadu,2025-02-10 07:04:41.000
3104,Jeffery Rodriguez,ryork@example.com,Mumbai,Karnataka,2026-08-08 04:47:20.000
3105,Johnathan Brown,lhansen@example.org,Mumbai,Maharashtra,2026-01-31 01:23:15.000
3106,Sandra Bartlett,kmendez@example.org,Kochi,Tamil Nadu,2025-07-29 03:53:00.000
3107,Frank Rodriguez,erica15@example.net,Chennai,Telangana,2025-12-28 00:56:19.000
3108,Andrea Holmes,eacevedo@example.net,Kochi,Tamil Nadu,2026-01-12 01:36:40.000
3109,Joshua Roth,vholloway@example.com,Chennai,Maharashtra,2026-05-08 02:03:56.000
3110,Blake Jones,qphillips@example.com,Mumbai,Tamil Nadu,2025-07-29 01:30:04.000
3111,Brittany Walker,deniseshannon@example.com,Bengaluru,Karnataka,2026-08-16 14:56:46.000
3112,Lawrence Wilson,cookjustin@example.com,Hyderabad,Telangana,2026-03-18 08:51:59.000
3113,Mr. Matthew Brooks,fclark@example.org,Kochi,Maharashtra,2025-03-07 04:09:54.000
3114,Shari Snyder,thomas62@example.org,Mumbai,Karnataka,2025-10-17 22:54:49.000
3115,Michele Wood,elizabethortiz@example.org,Hyderabad,Karnataka,2026-02-22 12:23:25.000
3116,Todd Stewart,hrodriguez@example.net,Kochi,Delhi,2025-12-17 21:04:52.000
3117,Brian Leblanc,johnnypatterson@example.net,Chennai,Tamil Nadu,2025-12-27 21:44:31.000
3118,Caleb Franklin,gilesgina@example.com,Pune,Kerala,2025-05-11 00:13:14.000
3119,Christie Stanley,stephaniegallagher@example.org,Chennai,Tamil Nadu,2026-01-10 12:36:12.000
3120,Laura Brown,jessicacox@example.com,Pune,Delhi,2025-07-14 20:54:32.000
3121,Mark White,charles06@example.com,Kochi,Telangana,2026-05-07 01:11:29.000
3122,Michael Fuentes,msteele@example.com,Mumbai,Delhi,2026-02-01 09:12:40.000
3123,Kayla Phillips,robert56@example.com,Pune,Tamil Nadu,2025-05-06 09:01:04.000
3124,Jeremiah Rivera,johnodonnell@example.net,Bengaluru,Telangana,2025-03-11 16:24:38.000
3125,Erika Hoffman,martha91@example.net,Kochi,Kerala,2025-04-06 12:27:24.000
3126,Natalie Brown,lhicks@example.org,Hyderabad,Kerala,2026-03-09 05:31:18.000
3127,Michael Fletcher,fwilliams@example.org,Pune,Maharashtra,2025-06-13 18:31:55.000
3128,Sabrina Pearson,warnerkeith@example.org,Delhi,Kerala,2025-09-24 03:11:02.000
3129,Anthony Martinez,thorton@example.org,Pune,Kerala,2025-12-18 15:16:36.000
3130,George Franco,dukecheryl@example.org,Pune,Karnataka,2026-05-30 09:44:18.000
3131,Frank Ramirez,fowlermargaret@example.com,Delhi,Telangana,2025-06-13 14:18:50.000
3132,Renee Ayers,ashley87@example.com,Coimbatore,Delhi,2025-09-13 02:53:12.000
3133,Denise Rose,matthewtran@example.net,Chennai,Kerala,2025-04-14 20:49:42.000
3134,Rachel Simpson,wweiss@example.net,Chennai,Delhi,2026-01-06 03:08:36.000
3135,Nicholas Smith,xhill@example.com,Chennai,Tamil Nadu,2026-06-07 12:09:22.000
3136,Tiffany Brown,nicholsfrank@example.org,Hyderabad,Maharashtra,2026-03-08 16:41:19.000
3137,Sarah Henderson,wclay@example.net,Coimbatore,Maharashtra,2026-02-22 23:29:50.000
3138,Amanda Graham,mary31@example.org,Bengaluru,Kerala,2026-05-21 20:29:13.000
3139,Mrs. Mary Page,housewilliam@example.com,Bengaluru,Delhi,2025-01-25 00:54:12.000
3140,Tammie Johnson,meganprice@example.org,Coimbatore,Kerala,2025-04-06 20:38:00.000
3141,Stephanie Madden,larakyle@example.com,Delhi,Maharashtra,2026-04-13 01:14:49.000
3142,Emily Contreras,kimberlyturner@example.com,Delhi,Maharashtra,2025-05-18 14:59:53.000
3143,Cassandra Fleming,waynecurry@example.com,Chennai,Tamil Nadu,2025-12-26 09:12:50.000
3144,Melissa Lucas,bryan73@example.com,Delhi,Karnataka,2025-12-12 07:31:41.000
3145,Terri Ramirez,conleykayla@example.net,Chennai,Karnataka,2026-08-01 05:12:59.000
3146,Zoe Johnson,jennifersmith@example.org,Chennai,Telangana,2026-06-13 14:27:09.000
3147,Richard Ibarra,crystalberg@example.com,Delhi,Karnataka,2025-03-11 21:05:50.000
3148,Francisco Cobb,mkim@example.com,Pune,Kerala,2025-06-21 18:29:29.000
3149,Rachel Martin,morrisangela@example.net,Mumbai,Maharashtra,2025-10-09 22:47:42.000
3150,Paul Torres,stevenwashington@example.org,Chennai,Telangana,2026-01-18 19:09:49.000
3151,Lance Clark,burnsjill@example.net,Mumbai,Tamil Nadu,2025-06-02 07:19:21.000
3152,Heather Miller,andrew03@example.com,Kochi,Tamil Nadu,2025-08-04 10:07:59.000
3153,Larry Daniel,edwardjensen@example.org,Coimbatore,Karnataka,2026-03-05 14:01:17.000
3154,Brandon Daniels,zavila@example.com,Mumbai,Kerala,2026-07-28 20:30:23.000
3155,Robin Smith,kristenwalls@example.com,Hyderabad,Tamil Nadu,2026-04-02 20:10:57.000
3156,Patrick Reyes,seanpeters@example.net,Hyderabad,Kerala,2025-02-20 12:36:26.000
3157,Joshua Johnson,angela21@example.com,Hyderabad,Telangana,2026-03-19 15:46:02.000
3158,Brooke Wilson,samantha43@example.net,Mumbai,Delhi,2026-07-21 03:39:34.000
3159,Angela Rivera,raymond10@example.com,Pune,Karnataka,2026-06-11 14:26:21.000
3160,Kimberly Pierce,karenbrown@example.org,Chennai,Kerala,2026-06-11 09:53:09.000
3161,Benjamin Brown,mariohenson@example.org,Pune,Kerala,2026-03-12 01:19:06.000
3162,Michelle Boyer,edwardsjermaine@example.com,Coimbatore,Tamil Nadu,2025-11-28 17:59:27.000
3163,Justin Holloway,rflores@example.net,Chennai,Telangana,2025-12-02 23:16:56.000
3164,Kathy Kim,pearsonkyle@example.net,Kochi,Telangana,2025-04-05 12:58:56.000
3165,Melissa Lewis,nelsonjennifer@example.com,Coimbatore,Maharashtra,2025-10-08 18:19:24.000
3166,Jill Rose,kthompson@example.com,Chennai,Kerala,2025-06-24 09:52:55.000
3167,Brian Sullivan,karensmith@example.net,Chennai,Telangana,2025-11-23 06:31:28.000
3168,Laura Archer,gina52@example.com,Coimbatore,Telangana,2025-01-05 00:10:33.000
3169,Jason Ward,melodylittle@example.com,Kochi,Karnataka,2025-09-17 23:22:07.000
3170,James Murillo MD,swalker@example.com,Bengaluru,Delhi,2025-01-20 16:58:01.000
3171,Adrienne Anderson,brittanyvelez@example.com,Mumbai,Kerala,2025-11-26 04:34:55.000
3172,Daniel Yoder Jr.,xmiranda@example.net,Bengaluru,Karnataka,2025-06-02 22:02:59.000
3173,Glenn Hurley,icollins@example.net,Hyderabad,Telangana,2025-08-30 09:50:28.000
3174,Justin Jones,yesenia56@example.com,Bengaluru,Kerala,2026-05-01 16:20:17.000
3175,Steven Payne,jamesavery@example.net,Bengaluru,Tamil Nadu,2026-01-08 19:13:21.000
3176,April Peterson,john29@example.net,Kochi,Tamil Nadu,2026-04-06 05:34:26.000
3177,Gabriel Meyers,eric33@example.org,Delhi,Telangana,2025-07-11 23:16:35.000
3178,Tracy Larsen,ogeorge@example.org,Bengaluru,Maharashtra,2025-07-05 03:20:15.000
3179,William Fields,andersonjaclyn@example.org,Delhi,Tamil Nadu,2025-09-17 02:32:22.000
3180,Anthony Foster,starkdavid@example.net,Mumbai,Tamil Nadu,2026-08-26 13:01:05.000
3181,Julia Weber,fergusonmegan@example.org,Coimbatore,Tamil Nadu,2026-05-01 17:20:44.000
3182,Keith Paul,mark91@example.org,Coimbatore,Delhi,2025-04-07 22:55:56.000
3183,Karen Fernandez,delacruzdaniel@example.net,Bengaluru,Tamil Nadu,2025-01-26 21:34:16.000
3184,Kimberly Hudson,lindseysmith@example.com,Kochi,Telangana,2026-06-23 13:14:08.000
3185,Justin Holder,erica79@example.net,Bengaluru,Karnataka,2025-02-18 03:48:19.000
3186,Barry Johnson,timothy86@example.com,Coimbatore,Tamil Nadu,2025-08-23 03:49:41.000
3187,Jonathan Lopez,julia08@example.net,Kochi,Tamil Nadu,2025-03-21 02:12:13.000
3188,Blake Jones,judystewart@example.net,Chennai,Delhi,2025-02-10 13:08:13.000
3189,Felicia Torres,dowen@example.org,Pune,Maharashtra,2025-11-08 23:54:54.000
3190,Sarah Phillips,william72@example.com,Bengaluru,Delhi,2026-08-08 01:36:46.000
3191,Tracy Chavez,hclark@example.org,Kochi,Karnataka,2026-04-11 16:54:14.000
3192,Heather Hall,bsmith@example.org,Chennai,Maharashtra,2025-10-26 04:47:16.000
3193,Kristen Nguyen,davismichelle@example.net,Coimbatore,Maharashtra,2026-04-27 17:33:55.000
3194,Breanna Miller,agibson@example.org,Bengaluru,Telangana,2026-05-21 14:03:17.000
3195,Stephanie Cruz,shawjeffrey@example.org,Chennai,Maharashtra,2026-02-06 17:32:49.000
3196,Ryan Beck,halljennifer@example.com,Delhi,Delhi,2025-05-30 12:06:42.000
3197,Charles Landry,richardnavarro@example.com,Bengaluru,Tamil Nadu,2025-01-10 13:04:32.000
3198,Aaron Whitehead,christopher53@example.org,Bengaluru,Delhi,2025-05-31 09:14:11.000
3199,Casey Hill,donald86@example.com,Hyderabad,Kerala,2026-01-31 06:32:47.000
3200,Carrie Torres,markdurham@example.com,Pune,Telangana,2025-11-24 00:08:21.000
3201,Anthony Thomas,zadams@example.com,Coimbatore,Kerala,2026-04-28 05:29:57.000
3202,Kathryn Farrell,george36@example.com,Coimbatore,Karnataka,2025-07-08 20:41:26.000
3203,Zachary Sanchez,johnwatkins@example.org,Hyderabad,Tamil Nadu,2025-02-16 23:38:14.000
3204,Christopher Henderson,kellerjessica@example.com,Hyderabad,Telangana,2026-03-31 00:17:07.000
3205,Mary Silva,eturner@example.com,Kochi,Delhi,2026-05-22 04:39:40.000
3206,Jennifer Brown,wilsonerica@example.com,Delhi,Telangana,2026-03-30 08:19:16.000
3207,Jerome Williams,higginsheidi@example.org,Hyderabad,Karnataka,2025-12-31 16:33:26.000
3208,Charles Cross,charles13@example.org,Pune,Delhi,2025-09-24 08:07:30.000
3209,Kathy Martinez,ohensley@example.net,Pune,Telangana,2025-01-07 06:39:23.000
3210,Stacy Richmond,lydia92@example.com,Hyderabad,Tamil Nadu,2025-07-04 09:13:15.000
3211,Marissa Wilkerson,joycewalker@example.net,Chennai,Maharashtra,2025-09-25 01:11:48.000
3212,Ronnie Yang,gjones@example.com,Mumbai,Karnataka,2026-05-13 12:48:24.000
3213,Kiara Mullins,jason47@example.org,Mumbai,Tamil Nadu,2025-09-23 06:59:21.000
3214,Joseph Brown,ameyer@example.com,Mumbai,Kerala,2026-01-05 12:09:28.000
3215,Alexis Ryan,matthewstroy@example.org,Coimbatore,Delhi,2026-06-22 19:31:46.000
3216,Heidi Brown,nsmith@example.org,Delhi,Delhi,2026-03-16 16:48:40.000
3217,Catherine Rose,wisejoshua@example.com,Delhi,Delhi,2025-08-21 17:32:15.000
3218,Billy Cole,brittany05@example.net,Kochi,Telangana,2025-05-07 01:07:05.000
3219,Brittany Spence,lawrencecarlos@example.net,Bengaluru,Maharashtra,2025-02-02 18:31:07.000
3220,Daniel Buchanan,richardbest@example.com,Coimbatore,Karnataka,2025-01-03 20:55:06.000
3221,Noah Anderson,clarkpatricia@example.net,Mumbai,Kerala,2025-06-28 20:37:07.000
3222,James Price,rebeccabrown@example.net,Coimbatore,Delhi,2025-06-15 13:11:23.000
3223,Victoria Alvarez,justinperez@example.net,Mumbai,Maharashtra,2026-07-25 13:40:43.000
3224,Jose Garcia,gjennings@example.org,Delhi,Kerala,2025-10-19 23:30:14.000
3225,Nicholas Watts,robinmerritt@example.org,Mumbai,Maharashtra,2025-05-24 02:33:59.000
3226,Tracy James,qdaniels@example.org,Chennai,Telangana,2025-01-08 16:24:07.000
3227,Brittany Larsen,cookjustin@example.net,Bengaluru,Telangana,2025-01-24 07:34:06.000
3228,Charles Moon,brandonlloyd@example.net,Bengaluru,Karnataka,2025-08-14 16:43:59.000
3229,Steven Castillo Jr.,benjaminfernandez@example.net,Coimbatore,Karnataka,2026-05-06 08:55:46.000
3230,Ronald Hall,cindytaylor@example.org,Delhi,Tamil Nadu,2025-01-24 01:22:45.000
3231,James Carpenter,hunter43@example.org,Mumbai,Karnataka,2025-08-09 16:01:27.000
3232,Teresa Walsh,kyle76@example.org,Hyderabad,Karnataka,2025-07-23 12:00:45.000
3233,Aaron Rodriguez,gonzalezethan@example.org,Hyderabad,Telangana,2026-03-07 16:43:17.000
3234,Natalie Shaw,savannahbush@example.org,Mumbai,Karnataka,2025-06-02 05:28:22.000
3235,Brian Carter,mlynch@example.com,Chennai,Karnataka,2025-07-23 08:05:35.000
3236,Elizabeth Gardner,jhayes@example.net,Bengaluru,Tamil Nadu,2026-06-11 04:37:39.000
3237,Michael Reynolds,kimberlyboone@example.net,Hyderabad,Maharashtra,2026-05-24 15:38:47.000
3238,Andrea Crosby,ucox@example.org,Bengaluru,Telangana,2025-06-13 07:06:31.000
3239,Dana Tucker,fcarpenter@example.org,Pune,Maharashtra,2025-07-06 12:43:09.000
3240,Nicole Castaneda,derrick62@example.net,Delhi,Telangana,2026-05-29 08:13:53.000
3241,Andrew Smith,margaret52@example.org,Hyderabad,Delhi,2026-04-30 01:21:37.000
3242,Wendy Moore,jeremymartinez@example.net,Kochi,Kerala,2025-02-20 18:43:31.000
3243,Denise Phelps,philliplopez@example.net,Bengaluru,Karnataka,2025-04-12 14:11:22.000
3244,Jessica Mitchell,christopher43@example.org,Mumbai,Karnataka,2026-02-18 15:32:21.000
3245,Angela Andrews,amberandrews@example.org,Kochi,Kerala,2025-10-18 16:37:28.000
3246,Elizabeth Garcia,ssmith@example.com,Delhi,Delhi,2025-11-30 15:12:32.000
3247,Charles Bell,jonestammy@example.org,Mumbai,Tamil Nadu,2026-08-16 16:53:11.000
3248,Brian Kennedy,kevinbrown@example.net,Mumbai,Delhi,2025-08-17 11:57:49.000
3249,Kathryn Powell,vwilliams@example.com,Hyderabad,Telangana,2025-07-11 23:36:48.000
3250,Lee Williams,rodriguezpatrick@example.org,Chennai,Kerala,2025-08-06 12:56:41.000
3251,Melissa Smith,tracyvargas@example.net,Hyderabad,Delhi,2026-03-30 16:04:54.000
3252,Dr. Willie Prince,uaguirre@example.net,Coimbatore,Karnataka,2026-07-19 21:49:39.000
3253,James Simmons,kingdonna@example.com,Bengaluru,Maharashtra,2026-05-31 08:34:38.000
3254,Jennifer Richards,swansonjonathan@example.net,Bengaluru,Karnataka,2026-01-31 01:14:54.000
3255,Tracy Garcia,abbottmichael@example.com,Kochi,Kerala,2026-08-07 10:11:41.000
3256,Matthew Gross,bhernandez@example.net,Delhi,Maharashtra,2026-02-08 00:51:17.000
3257,Brian Rogers,reynoldsfernando@example.net,Coimbatore,Karnataka,2025-09-07 23:13:04.000
3258,Dillon Curtis,jason22@example.org,Delhi,Delhi,2026-06-24 10:35:55.000
3259,Brett Lopez,mayeranthony@example.org,Coimbatore,Kerala,2026-01-20 07:35:30.000
3260,John Garcia,anngutierrez@example.com,Coimbatore,Telangana,2026-03-28 10:06:18.000
3261,Richard Bass,williamsvictoria@example.org,Kochi,Kerala,2026-03-30 14:13:30.000
3262,Jennifer Garza,jessicasullivan@example.org,Chennai,Karnataka,2025-06-20 12:15:59.000
3263,Sierra Leonard,william23@example.net,Mumbai,Maharashtra,2025-07-02 01:14:43.000
3264,Jessica Johnson,collin42@example.net,Kochi,Karnataka,2025-08-26 16:14:07.000
3265,Jennifer Christian,edwardmunoz@example.org,Kochi,Maharashtra,2026-03-20 19:06:57.000
3266,Thomas Baxter,alyssa13@example.com,Hyderabad,Telangana,2025-07-17 16:46:08.000
3267,Wendy Buchanan,sara56@example.net,Bengaluru,Karnataka,2026-08-07 19:15:49.000
3268,Dr. Amber Morris,campbellamanda@example.net,Bengaluru,Telangana,2025-12-12 06:10:46.000
3269,Gary Espinoza,alexmills@example.net,Delhi,Karnataka,2026-03-30 13:50:41.000
3270,Amy Burke,nicholas16@example.com,Chennai,Maharashtra,2026-02-02 21:15:26.000
3271,Kathleen Pacheco,danielpitts@example.net,Delhi,Maharashtra,2025-12-17 10:04:04.000
3272,Stephen Mccoy,brian99@example.net,Coimbatore,Maharashtra,2025-11-14 15:25:56.000
3273,George Perry,martinezbrian@example.com,Delhi,Maharashtra,2025-09-04 05:41:20.000
3274,Nancy Hill,deanna18@example.com,Pune,Maharashtra,2025-01-20 04:46:50.000
3275,Grace Kim,johndaniel@example.org,Hyderabad,Maharashtra,2025-07-01 14:10:08.000
3276,Keith Neal,justin55@example.org,Pune,Kerala,2025-02-28 22:39:47.000
3277,Erin Reynolds,snyderjessica@example.org,Delhi,Tamil Nadu,2025-08-17 18:12:36.000
3278,David Brandt,mileskristi@example.net,Bengaluru,Telangana,2025-06-26 21:24:39.000
3279,Jack Howard,mlucas@example.org,Bengaluru,Tamil Nadu,2025-02-25 10:02:08.000
3280,Bryan Garcia,zdaniels@example.net,Delhi,Tamil Nadu,2026-03-01 02:39:48.000
3281,Erika Parsons,edwardwoods@example.com,Mumbai,Telangana,2025-06-02 17:45:11.000
3282,Erica Cook,herreracourtney@example.com,Delhi,Telangana,2025-08-24 03:01:38.000
3283,Gerald Lopez,gloverashley@example.org,Pune,Karnataka,2026-07-03 02:07:55.000
3284,Joshua Knox,cynthia99@example.net,Hyderabad,Kerala,2026-07-29 15:15:47.000
3285,Mary Parker,isaiahchristensen@example.com,Pune,Tamil Nadu,2026-08-22 03:15:31.000
3286,Jose Brooks,hshelton@example.org,Pune,Telangana,2025-09-27 05:41:43.000
3287,Angela Rodriguez,jill65@example.org,Kochi,Maharashtra,2026-03-27 11:07:19.000
3288,Timothy Reynolds,patricia18@example.org,Chennai,Maharashtra,2026-05-24 01:08:26.000
3289,Brandy Cooper,kelly14@example.net,Hyderabad,Maharashtra,2025-06-26 18:22:14.000
3290,Gregory Barnes,fsmith@example.net,Mumbai,Kerala,2026-08-05 20:55:38.000
3291,Richard Miller MD,msmith@example.com,Mumbai,Maharashtra,2025-07-01 12:54:57.000
3292,Mrs. Lauren Boyer PhD,vkelly@example.net,Coimbatore,Kerala,2025-12-25 09:08:26.000
3293,Brandon Crawford,rossphilip@example.net,Delhi,Tamil Nadu,2025-09-01 04:08:16.000
3294,Vincent Davis,kchang@example.org,Mumbai,Maharashtra,2026-08-22 04:17:00.000
3295,Patricia Hardy,dfleming@example.com,Kochi,Karnataka,2025-12-07 17:36:10.000
3296,Debra Salazar,kelly09@example.net,Coimbatore,Delhi,2025-01-24 09:10:50.000
3297,Deanna Johnson,rodneylawrence@example.org,Delhi,Karnataka,2026-03-25 13:32:15.000
3298,Thomas Schmidt,eric41@example.org,Hyderabad,Telangana,2026-07-28 01:40:59.000
3299,Sean Fletcher,doughertyrobin@example.net,Chennai,Maharashtra,2026-05-27 17:49:09.000
3300,Andrew Howard,kelseygonzalez@example.org,Delhi,Telangana,2025-06-25 03:27:00.000
3301,Andrea Brown,nsmith@example.com,Kochi,Maharashtra,2026-06-17 15:32:42.000
3302,Scott Nelson,enunez@example.com,Kochi,Kerala,2026-02-22 13:39:54.000
3303,Cassidy Craig,aaron60@example.com,Pune,Telangana,2026-04-01 21:38:09.000
3304,Jesus Baxter,robert33@example.org,Chennai,Delhi,2025-01-26 00:25:08.000
3305,Laura Taylor,zstevens@example.net,Hyderabad,Karnataka,2025-09-14 12:18:57.000
3306,Lisa Taylor,hawkinskimberly@example.net,Kochi,Maharashtra,2025-06-08 14:38:59.000
3307,Rachel Morse,stacymcgee@example.org,Kochi,Tamil Nadu,2026-02-20 03:37:35.000
3308,Jason Simmons,cheryl87@example.com,Kochi,Karnataka,2026-01-04 18:29:49.000
3309,John Whitaker,wigginsvalerie@example.net,Bengaluru,Telangana,2026-03-19 08:31:45.000
3310,Christina Ramirez,hmartinez@example.com,Coimbatore,Kerala,2025-08-25 15:00:11.000
3311,James Simpson,tpeterson@example.net,Bengaluru,Karnataka,2025-03-23 00:32:18.000
3312,Damon Brown,zsullivan@example.net,Hyderabad,Tamil Nadu,2026-06-20 04:20:54.000
3313,William Owens,dhernandez@example.com,Coimbatore,Tamil Nadu,2025-05-26 00:11:35.000
3314,Dawn Reyes,janet50@example.com,Mumbai,Tamil Nadu,2025-10-27 17:35:15.000
3315,Bryan Gilmore,mckaydanielle@example.org,Pune,Karnataka,2025-07-01 00:10:11.000
3316,Sarah Smith,katrinachase@example.org,Pune,Kerala,2026-02-12 07:26:39.000
3317,Laurie Smith,joanna59@example.net,Bengaluru,Maharashtra,2025-02-14 15:00:17.000
3318,Daniel Hudson,jamesward@example.com,Delhi,Delhi,2025-01-09 13:55:57.000
3319,Heather Herrera,guzmanbrittany@example.com,Hyderabad,Telangana,2025-11-16 03:00:30.000
3320,Diane Hickman,simsdavid@example.com,Kochi,Karnataka,2025-03-28 00:25:00.000
3321,Kathryn Conrad,irivera@example.com,Hyderabad,Delhi,2025-11-21 23:47:14.000
3322,William Jones,cameron63@example.net,Coimbatore,Kerala,2025-02-23 09:50:06.000
3323,Walter Atkins,jordanrichardson@example.org,Kochi,Karnataka,2025-04-11 22:06:47.000
3324,Kenneth Hays,hilljames@example.org,Mumbai,Telangana,2025-12-02 16:48:16.000
3325,Steven Perry,patriciasteele@example.net,Coimbatore,Karnataka,2026-04-14 21:57:35.000
3326,Mark Hall,lindsay38@example.org,Pune,Delhi,2025-06-07 15:41:16.000
3327,William Gibson,morganjoseph@example.net,Coimbatore,Telangana,2025-06-06 16:00:41.000
3328,Melissa Stewart,cassandradurham@example.net,Chennai,Karnataka,2025-12-13 05:02:20.000
3329,Cody Mosley,kevin23@example.net,Bengaluru,Maharashtra,2026-04-15 19:11:42.000
3330,Kayla Murphy,andersonmarissa@example.org,Mumbai,Delhi,2025-09-13 10:58:52.000
3331,Tom Ewing,afrost@example.net,Coimbatore,Maharashtra,2025-12-26 09:16:06.000
3332,Robin Herman,zmiller@example.org,Chennai,Kerala,2025-03-12 18:16:37.000
3333,Tony Watts,tyoung@example.net,Pune,Kerala,2025-12-21 10:10:19.000
3334,Michael Cruz,bakermichael@example.org,Delhi,Kerala,2026-07-07 18:04:44.000
3335,Gregory Herrera,aaron42@example.com,Pune,Maharashtra,2026-04-22 03:39:39.000
3336,Adam Calderon,qhughes@example.com,Hyderabad,Maharashtra,2025-07-13 12:12:34.000
3337,Pamela Brown,zdrake@example.net,Hyderabad,Delhi,2026-07-24 12:39:28.000
3338,Joshua Evans,powelljamie@example.org,Kochi,Maharashtra,2025-10-26 18:40:30.000
3339,Amy Little,paul69@example.net,Hyderabad,Kerala,2026-03-18 15:45:24.000
3340,Sandra Phillips,qbrooks@example.com,Bengaluru,Maharashtra,2026-06-27 15:40:55.000
3341,Courtney Salas,williamsmichael@example.org,Chennai,Karnataka,2025-05-03 16:04:12.000
3342,David Day,kevinnelson@example.com,Pune,Kerala,2026-02-22 16:09:15.000
3343,Maria Gonzalez,jordan06@example.org,Pune,Kerala,2025-02-21 20:11:44.000
3344,Darrell Barker,schneiderlarry@example.org,Mumbai,Maharashtra,2025-11-16 10:46:49.000
3345,Christopher Tucker,carloswhite@example.net,Bengaluru,Telangana,2025-03-01 10:41:25.000
3346,Cynthia Johns,rebekah40@example.org,Bengaluru,Delhi,2026-08-19 09:19:26.000
3347,Andrew Elliott,ustewart@example.org,Delhi,Maharashtra,2025-12-17 06:03:21.000
3348,Christopher Perkins,rachelsmith@example.org,Hyderabad,Telangana,2025-06-11 01:41:45.000
3349,Brian Douglas,patriciajackson@example.net,Chennai,Maharashtra,2025-01-21 18:03:26.000
3350,David Wilkins,iguzman@example.net,Bengaluru,Kerala,2026-06-24 10:09:07.000
3351,David Edwards,kylebrown@example.org,Coimbatore,Maharashtra,2025-09-24 22:14:38.000
3352,Luis Moore,loriarellano@example.com,Kochi,Karnataka,2025-11-05 02:32:43.000
3353,Donald Garcia,vanderson@example.net,Chennai,Tamil Nadu,2025-07-14 15:37:46.000
3354,Cindy Morris,ericharrington@example.org,Bengaluru,Kerala,2025-04-17 00:10:56.000
3355,Benjamin Adams,austinrojas@example.com,Delhi,Kerala,2026-08-05 12:19:57.000
3356,Timothy Perkins,jasonnelson@example.org,Coimbatore,Maharashtra,2025-12-25 08:19:04.000
3357,Emily Sellers,sherriknox@example.com,Bengaluru,Tamil Nadu,2026-03-02 23:26:56.000
3358,Madeline Rowland,kgonzalez@example.com,Mumbai,Kerala,2025-12-06 23:45:37.000
3359,Richard Wright,xpeterson@example.org,Hyderabad,Maharashtra,2025-08-05 19:34:54.000
3360,Matthew Boone,hlane@example.net,Hyderabad,Karnataka,2025-01-15 00:46:37.000
3361,Anthony Mendoza,johnbrown@example.net,Bengaluru,Karnataka,2025-08-17 11:15:13.000
3362,Matthew Peterson,kimberlycook@example.com,Bengaluru,Delhi,2026-07-30 21:33:51.000
3363,Steven Wall,bradley64@example.com,Kochi,Karnataka,2025-03-02 06:17:41.000
3364,Jeremiah Montgomery,ifinley@example.net,Chennai,Kerala,2025-08-01 05:47:29.000
3365,Jennifer Trevino,seangraves@example.com,Hyderabad,Maharashtra,2025-10-06 03:13:31.000
3366,Patricia Mckee,matthewmontes@example.org,Hyderabad,Karnataka,2026-07-09 21:36:36.000
3367,Jennifer Olson,rileysandra@example.org,Chennai,Kerala,2026-02-18 10:46:08.000
3368,Carl Chapman,heatherrichardson@example.com,Mumbai,Maharashtra,2026-06-26 04:13:08.000
3369,Thomas Hahn,derrick85@example.net,Chennai,Kerala,2026-02-11 03:05:11.000
3370,Brittany Cunningham,ddickson@example.com,Bengaluru,Maharashtra,2026-06-21 04:59:43.000
3371,Ricky Chavez,shanetrevino@example.net,Pune,Maharashtra,2025-02-10 17:05:28.000
3372,Shirley Castillo,heathermckinney@example.org,Chennai,Tamil Nadu,2026-08-23 22:45:37.000
3373,Christopher Ballard,darrenmccarthy@example.com,Kochi,Karnataka,2025-07-13 22:44:28.000
3374,Felicia Hayes,joshua35@example.org,Delhi,Karnataka,2025-06-05 08:00:12.000
3375,Debra Fry,eric08@example.net,Bengaluru,Tamil Nadu,2025-11-24 12:44:09.000
3376,Melinda Chambers,suttonnathan@example.com,Chennai,Tamil Nadu,2025-09-19 20:18:34.000
3377,Mark Ross,mgraves@example.net,Mumbai,Kerala,2026-06-04 14:07:18.000
3378,Jerry Moore,tanyarodriguez@example.net,Bengaluru,Karnataka,2025-03-17 00:48:51.000
3379,Mitchell Parker,freemandawn@example.net,Hyderabad,Kerala,2025-05-10 17:59:11.000
3380,Jared Mendoza,randallfleming@example.com,Chennai,Maharashtra,2026-02-03 01:41:39.000
3381,Deanna Carr,millertimothy@example.com,Bengaluru,Telangana,2025-09-08 15:10:59.000
3382,Ashley Lin,courtney59@example.net,Mumbai,Delhi,2025-06-10 20:59:01.000
3383,Omar Snyder,samantha96@example.com,Kochi,Maharashtra,2025-04-04 19:56:56.000
3384,Clifford Lester,ldouglas@example.com,Mumbai,Karnataka,2025-03-24 05:50:43.000
3385,Kristen Juarez,pcarter@example.org,Delhi,Telangana,2025-05-15 20:32:25.000
3386,Christian Campbell,goneal@example.org,Chennai,Maharashtra,2026-05-23 23:18:31.000
3387,Mr. Brandon Reid MD,ewingdawn@example.com,Delhi,Tamil Nadu,2025-10-30 06:57:54.000
3388,Adam Sellers,josephjones@example.org,Mumbai,Maharashtra,2025-06-20 22:53:25.000
3389,Glenn Rogers,kathleen71@example.com,Bengaluru,Kerala,2025-08-05 06:49:34.000
3390,Kelly Vaughan,thomas48@example.com,Delhi,Tamil Nadu,2025-02-22 07:08:44.000
3391,Danielle Wilson,adamsmichelle@example.org,Mumbai,Maharashtra,2025-08-23 05:00:20.000
3392,Kenneth Rocha,turnerjulie@example.org,Coimbatore,Tamil Nadu,2026-07-08 10:32:33.000
3393,Andrew Sanchez,oharris@example.com,Hyderabad,Telangana,2025-03-15 14:10:00.000
3394,Tonya Moreno,berryjoshua@example.org,Delhi,Kerala,2026-06-25 20:15:33.000
3395,Keith Owen,jessicajackson@example.org,Kochi,Kerala,2026-08-23 04:03:27.000
3396,Benjamin Hansen,uperez@example.net,Hyderabad,Telangana,2025-05-17 04:24:27.000
3397,John Molina,rogerscharles@example.com,Delhi,Kerala,2026-01-10 11:33:42.000
3398,Joanna Diaz,brianmeyer@example.org,Bengaluru,Telangana,2025-01-14 16:59:50.000
3399,Joshua Warner,sschwartz@example.com,Coimbatore,Maharashtra,2026-02-01 22:13:03.000
3400,Logan Anderson,leelaurie@example.org,Mumbai,Delhi,2026-04-02 07:12:26.000
3401,Mark Cannon,rharris@example.net,Chennai,Karnataka,2025-01-17 11:26:45.000
3402,Debbie Cruz DDS,craig11@example.net,Bengaluru,Telangana,2025-07-03 14:44:48.000
3403,Stephanie Williams,gomezsusan@example.net,Kochi,Karnataka,2026-04-27 09:16:47.000
3404,Terry Moody,angela18@example.net,Bengaluru,Tamil Nadu,2025-04-17 20:13:12.000
3405,John Meyer,grantcassandra@example.net,Delhi,Maharashtra,2025-08-19 09:17:57.000
3406,Joseph Thomas,johnperry@example.net,Mumbai,Karnataka,2025-10-19 20:26:57.000
3407,Diana Williams,zachary66@example.org,Mumbai,Kerala,2025-01-30 10:37:56.000
3408,Stephen Fisher DVM,ypacheco@example.org,Mumbai,Kerala,2026-04-10 12:55:46.000
3409,Nancy Rivas,wlee@example.com,Coimbatore,Kerala,2025-09-13 07:13:22.000
3410,Brandi Gonzalez,rmeyers@example.org,Hyderabad,Telangana,2025-09-04 15:20:58.000
3411,Robert Wilson,kbarnes@example.org,Chennai,Delhi,2025-11-19 06:10:24.000
3412,Dr. Dawn Cisneros,richardmorgan@example.net,Pune,Tamil Nadu,2025-06-27 21:03:22.000
3413,Derek Matthews,linda62@example.com,Delhi,Telangana,2025-07-08 03:50:54.000
3414,Jonathon Wilson,renee92@example.net,Mumbai,Delhi,2025-02-12 00:00:43.000
3415,Candace Jenkins,erictucker@example.com,Mumbai,Kerala,2026-06-25 19:33:48.000
3416,Kevin Summers,nicholasallen@example.org,Mumbai,Delhi,2025-10-24 07:24:46.000
3417,Nina Solis,fisherkaren@example.com,Delhi,Karnataka,2025-12-10 14:12:16.000
3418,Jamie Jennings,susan85@example.org,Chennai,Tamil Nadu,2026-01-17 20:52:35.000
3419,Jeffrey Kelly,tcook@example.net,Bengaluru,Karnataka,2025-02-10 11:20:32.000
3420,Debbie Anderson,hhayes@example.com,Hyderabad,Karnataka,2025-04-08 12:37:36.000
3421,Tiffany Blankenship,shelby00@example.org,Bengaluru,Karnataka,2026-04-06 07:26:09.000
3422,Andre King,mirandaanderson@example.com,Mumbai,Karnataka,2026-01-30 03:04:45.000
3423,Lindsay Morris,zshort@example.com,Bengaluru,Maharashtra,2026-07-18 02:46:35.000
3424,Michelle Carr,mckeerenee@example.org,Coimbatore,Telangana,2025-05-08 12:08:31.000
3425,Joshua Crane,imoore@example.org,Mumbai,Karnataka,2025-11-26 08:14:44.000
3426,Ashley Johnson,brittany49@example.org,Hyderabad,Delhi,2025-07-13 09:07:35.000
3427,Courtney Olson,hgarcia@example.org,Pune,Telangana,2026-03-24 17:16:54.000
3428,Henry Miles,ethan52@example.org,Coimbatore,Kerala,2025-06-06 10:23:12.000
3429,Kimberly Walton,moorenatalie@example.com,Pune,Maharashtra,2025-03-04 03:36:20.000
3430,Lance Farrell,christopherhouse@example.com,Delhi,Maharashtra,2025-10-21 09:09:51.000
3431,Shelly Sullivan,stephenlyons@example.org,Hyderabad,Maharashtra,2025-12-09 19:50:46.000
3432,Stephen Nichols,rjones@example.org,Kochi,Delhi,2026-04-19 07:55:53.000
3433,Olivia Humphrey,nicole64@example.com,Kochi,Karnataka,2026-01-10 09:08:41.000
3434,Kevin Howe,juanmckenzie@example.org,Chennai,Maharashtra,2025-11-28 23:15:46.000
3435,April Stanley,brandon25@example.org,Bengaluru,Telangana,2026-04-08 07:01:19.000
3436,Joseph Bender,wdawson@example.com,Hyderabad,Delhi,2026-07-19 09:42:17.000
3437,Teresa Myers MD,james49@example.org,Hyderabad,Telangana,2025-10-23 12:06:23.000
3438,Amy Lambert,qcarter@example.org,Coimbatore,Telangana,2025-12-19 07:46:29.000
3439,Melinda Meyer,joshua07@example.com,Pune,Maharashtra,2026-03-13 15:05:17.000
3440,Kimberly Reed,ortegaalyssa@example.com,Coimbatore,Tamil Nadu,2025-09-16 19:56:04.000
3441,Jacqueline Dawson,bradfordsylvia@example.net,Hyderabad,Kerala,2025-12-31 11:36:43.000
3442,Jerry Oliver,jaydavis@example.org,Mumbai,Karnataka,2025-05-28 06:52:53.000
3443,Corey Lewis,wilkinstammy@example.net,Chennai,Tamil Nadu,2026-01-24 21:43:15.000
3444,Michael Pham,uhicks@example.com,Delhi,Maharashtra,2025-11-11 05:27:23.000
3445,Matthew Juarez,jessica33@example.net,Kochi,Maharashtra,2026-07-31 11:29:55.000
3446,Travis Fisher,georgearcher@example.org,Delhi,Maharashtra,2026-01-16 05:53:39.000
3447,Paul Griffith,andersonalex@example.org,Pune,Kerala,2026-04-02 22:52:29.000
3448,Chad Davis,ncollins@example.com,Bengaluru,Maharashtra,2025-01-31 03:47:08.000
3449,Donna Smith,marisa43@example.net,Bengaluru,Maharashtra,2026-03-16 07:42:30.000
3450,Brianna Fleming,emichael@example.net,Hyderabad,Karnataka,2026-08-16 14:26:05.000
3451,Andrew Hale,tmendoza@example.org,Kochi,Telangana,2026-08-23 01:31:18.000
3452,Jessica Russell,christinebarnes@example.org,Delhi,Delhi,2026-07-05 19:06:45.000
3453,April Jackson,oscarlittle@example.com,Coimbatore,Kerala,2026-06-19 18:22:21.000
3454,Andre Larsen,nmiller@example.org,Delhi,Kerala,2025-02-14 19:41:31.000
3455,Alexis Austin,richardwells@example.org,Kochi,Maharashtra,2026-07-26 09:46:29.000
3456,Dr. Gerald Mahoney,fhunter@example.net,Mumbai,Karnataka,2026-01-07 01:26:59.000
3457,Nicholas Scott,ramosandrew@example.net,Chennai,Telangana,2026-05-06 01:48:39.000
3458,Michael Brown,williamlong@example.net,Chennai,Kerala,2026-06-02 01:05:35.000
3459,Daniel Clarke,carolynpayne@example.net,Hyderabad,Telangana,2026-04-16 06:08:17.000
3460,Michael Lopez,whoffman@example.com,Coimbatore,Kerala,2025-04-25 11:07:38.000
3461,Kelsey Garza,mallory89@example.net,Pune,Karnataka,2026-04-13 16:52:37.000
3462,Jeremy Meyer,samantha18@example.org,Hyderabad,Tamil Nadu,2025-04-01 16:01:00.000
3463,Melissa Santana DVM,gellis@example.net,Bengaluru,Kerala,2026-07-07 17:21:42.000
3464,Richard Padilla,lisa08@example.com,Kochi,Maharashtra,2026-07-03 10:05:40.000
3465,Hannah Clark,davidvasquez@example.net,Bengaluru,Delhi,2025-05-27 15:55:13.000
3466,Stephanie Wilson,tsmith@example.net,Kochi,Karnataka,2025-11-28 13:27:39.000
3467,Francis Morrison,davidnelson@example.org,Pune,Kerala,2025-08-23 17:46:51.000
3468,Travis Pena,benjamin97@example.com,Kochi,Delhi,2025-08-28 05:08:31.000
3469,Vernon Williamson,kirstenzavala@example.net,Kochi,Kerala,2025-03-11 00:43:15.000
3470,Katie Wise,taylorbean@example.org,Bengaluru,Kerala,2026-03-21 18:15:20.000
3471,Zachary Smith,robinsonadrian@example.net,Delhi,Karnataka,2025-07-28 22:55:16.000
3472,Elizabeth Perez,greenandres@example.com,Mumbai,Kerala,2025-11-06 02:42:09.000
3473,Kathy Ramos,ramireztroy@example.net,Pune,Tamil Nadu,2025-05-11 19:10:44.000
3474,Ronald Stone,tinawilson@example.com,Coimbatore,Tamil Nadu,2025-03-17 05:48:00.000
3475,Seth Miller,hortonmary@example.org,Bengaluru,Kerala,2025-11-21 13:05:41.000
3476,Samuel Jenkins,dmarsh@example.org,Kochi,Kerala,2025-08-12 23:03:07.000
3477,James Williams,ysaunders@example.com,Kochi,Karnataka,2025-05-18 00:21:30.000
3478,Joseph Carlson,ubarnes@example.com,Delhi,Karnataka,2026-07-01 20:23:27.000
3479,James Anderson,marybryant@example.com,Hyderabad,Karnataka,2026-01-13 20:28:53.000
3480,Matthew Sawyer,valerie77@example.com,Hyderabad,Delhi,2025-03-27 14:59:23.000
3481,Jennifer Drake,garythompson@example.net,Coimbatore,Delhi,2025-06-15 02:39:17.000
3482,David Frazier,sierra11@example.net,Hyderabad,Karnataka,2025-02-15 19:30:19.000
3483,Alice Orr,bdavidson@example.org,Hyderabad,Karnataka,2025-07-21 10:40:12.000
3484,Krystal Smith,cassandrahernandez@example.org,Kochi,Maharashtra,2026-05-02 21:05:44.000
3485,Denise Lin,littlejames@example.org,Bengaluru,Kerala,2025-05-10 00:48:56.000
3486,Elizabeth Rose,clarkjason@example.com,Bengaluru,Telangana,2025-03-08 13:41:43.000
3487,Jacqueline Richardson,watsonchristopher@example.net,Kochi,Tamil Nadu,2025-08-03 23:13:17.000
3488,Thomas Williams,ymartinez@example.com,Bengaluru,Telangana,2025-01-24 01:01:35.000
3489,Victoria Rich,dixonernest@example.net,Mumbai,Maharashtra,2026-01-12 20:40:41.000
3490,Richard Black,edwardrobinson@example.net,Bengaluru,Tamil Nadu,2025-02-17 10:10:30.000
3491,Lisa Carr,iray@example.net,Pune,Tamil Nadu,2026-06-01 18:30:22.000
3492,Jaime Cabrera,jefferyli@example.org,Chennai,Tamil Nadu,2025-06-13 22:35:57.000
3493,Shannon Mckenzie,salazarmegan@example.net,Chennai,Maharashtra,2026-04-14 08:27:09.000
3494,Mrs. Kimberly Mccarthy DDS,pfritz@example.net,Pune,Maharashtra,2026-01-03 13:40:47.000
3495,Johnny Reed,jennifergardner@example.net,Delhi,Delhi,2025-11-30 13:35:44.000
3496,Paul Norton,whiggins@example.org,Delhi,Telangana,2026-06-14 14:47:29.000
3497,Eric Barker,xavier19@example.org,Delhi,Telangana,2025-07-06 02:24:44.000
3498,Michael Riley,stacymatthews@example.org,Delhi,Kerala,2025-11-06 12:02:39.000
3499,Joseph Rios,paul90@example.org,Kochi,Delhi,2025-02-14 11:03:34.000
3500,David Turner,iayala@example.net,Delhi,Telangana,2025-03-19 19:26:29.000
3501,Robin Cook,monica16@example.com,Chennai,Maharashtra,2026-06-27 09:24:34.000
3502,Timothy Chavez,moodynatalie@example.net,Kochi,Kerala,2025-04-18 20:35:40.000
3503,Rachel Brown,mharding@example.org,Chennai,Delhi,2025-04-06 10:55:12.000
3504,Megan Carter,danielbooker@example.net,Pune,Kerala,2026-08-07 15:51:07.000
3505,Joshua Williams,dingram@example.com,Mumbai,Telangana,2025-12-18 00:21:48.000
3506,Angie Thomas,avilamatthew@example.org,Coimbatore,Delhi,2025-11-17 21:14:16.000
3507,Desiree Allen,ncampbell@example.org,Mumbai,Tamil Nadu,2026-05-11 14:32:51.000
3508,Anthony Harris,richardhoward@example.com,Delhi,Tamil Nadu,2026-05-08 06:27:54.000
3509,Kyle King,vickithomas@example.org,Delhi,Tamil Nadu,2026-07-26 12:32:56.000
3510,Timothy Weber,benjamin72@example.com,Delhi,Kerala,2025-12-12 02:28:01.000
3511,Daniel Fuentes,qjensen@example.org,Mumbai,Delhi,2026-01-12 08:24:30.000
3512,Adam Skinner,heberttammy@example.net,Kochi,Kerala,2026-04-21 19:32:56.000
3513,Jonathan Thornton,odennis@example.net,Bengaluru,Telangana,2025-11-29 08:56:15.000
3514,Donna Smith,ruthbolton@example.org,Coimbatore,Kerala,2026-06-28 07:37:12.000
3515,Joann Lang,dholmes@example.net,Bengaluru,Kerala,2025-10-26 22:16:59.000
3516,Maria Soto,jacob59@example.net,Pune,Delhi,2025-06-01 12:29:52.000
3517,Kimberly Myers,tracy77@example.net,Hyderabad,Delhi,2026-03-21 04:51:04.000
3518,Matthew Paul,sean41@example.net,Chennai,Karnataka,2026-01-22 17:59:44.000
3519,William Richardson,salassara@example.net,Bengaluru,Telangana,2026-06-07 18:47:16.000
3520,Juan Owen,rpatterson@example.org,Coimbatore,Karnataka,2025-12-13 15:23:13.000
3521,John Little,adam12@example.com,Bengaluru,Maharashtra,2026-05-30 16:32:39.000
3522,Crystal Manning,lucas89@example.net,Mumbai,Karnataka,2025-06-14 09:16:15.000
3523,Christine Mendoza,melvin66@example.com,Hyderabad,Kerala,2026-06-28 15:14:58.000
3524,Jody Ryan,marshallheather@example.net,Bengaluru,Tamil Nadu,2025-12-04 19:00:02.000
3525,Angela Goodwin,kimashley@example.com,Chennai,Karnataka,2025-09-11 14:24:57.000
3526,Jamie Brown,robertpeters@example.org,Kochi,Telangana,2025-06-21 04:06:25.000
3527,Gary Perkins,coxdouglas@example.org,Pune,Kerala,2026-01-05 22:55:07.000
3528,Luis Zimmerman,laura77@example.com,Bengaluru,Kerala,2025-04-16 10:40:59.000
3529,Nicholas Nelson,kennethsimmons@example.net,Coimbatore,Tamil Nadu,2026-06-22 07:47:55.000
3530,Thomas Ponce,steven11@example.net,Delhi,Karnataka,2026-03-24 08:53:52.000
3531,Timothy Ponce,parkerlisa@example.org,Bengaluru,Kerala,2025-09-24 14:11:32.000
3532,Dr. Luis Braun MD,smithkristina@example.com,Kochi,Kerala,2026-08-01 01:55:26.000
3533,Patricia Cunningham MD,wbennett@example.com,Kochi,Kerala,2026-05-14 17:39:09.000
3534,Alexandra Wilcox,dominguezlee@example.net,Kochi,Karnataka,2025-06-23 15:17:22.000
3535,John Oconnor,cynthiahoward@example.org,Pune,Tamil Nadu,2025-08-15 00:11:42.000
3536,Nathan Allen,tina16@example.net,Bengaluru,Tamil Nadu,2025-03-11 05:40:45.000
3537,Wendy Mosley,mooreandrea@example.org,Delhi,Kerala,2026-04-05 23:25:01.000
3538,Traci Berg,mhanson@example.org,Mumbai,Kerala,2025-04-01 04:22:36.000
3539,Lauren Brown,abarber@example.net,Delhi,Karnataka,2025-09-01 09:40:58.000
3540,Crystal Fleming,dkennedy@example.net,Kochi,Delhi,2026-07-27 09:08:42.000
3541,Tammy Powell,allenenglish@example.org,Chennai,Telangana,2025-02-18 01:37:07.000
3542,Sandy Hernandez,jordancompton@example.net,Mumbai,Maharashtra,2025-11-26 02:18:44.000
3543,Catherine Johnson,jacobreed@example.com,Delhi,Telangana,2026-06-12 15:06:36.000
3544,Joshua Simpson,carrie80@example.net,Hyderabad,Delhi,2026-05-31 13:03:43.000
3545,Carrie Russell,sandersshawn@example.com,Mumbai,Tamil Nadu,2025-11-04 01:09:25.000
3546,Patricia Parker,greenrobin@example.org,Chennai,Delhi,2025-12-24 18:15:28.000
3547,Jennifer Obrien,jessicacarrillo@example.net,Delhi,Karnataka,2025-08-19 13:11:31.000
3548,Zoe Jacobs,angelahansen@example.net,Mumbai,Maharashtra,2026-06-13 03:45:47.000
3549,Helen Blake MD,sethharrison@example.org,Coimbatore,Karnataka,2026-04-13 04:07:40.000
3550,Bryce Gallagher MD,mwest@example.org,Pune,Karnataka,2026-08-04 06:12:23.000
3551,Sarah Tran,fgarcia@example.org,Chennai,Delhi,2025-09-06 15:49:48.000
3552,Christopher Dawson,morrismelissa@example.org,Pune,Delhi,2026-06-19 20:26:03.000
3553,Melissa Roman,christine72@example.net,Bengaluru,Telangana,2026-07-03 18:31:46.000
3554,Tyler Marshall,christinajohnson@example.net,Coimbatore,Kerala,2025-06-17 13:02:01.000
3555,Chelsea Porter,smoody@example.net,Coimbatore,Telangana,2026-07-01 22:07:47.000
3556,Sheila Nguyen,kenneth63@example.com,Kochi,Tamil Nadu,2025-09-16 18:15:52.000
3557,Eric Powell,patricia23@example.com,Hyderabad,Kerala,2025-06-13 14:06:44.000
3558,Aaron Dyer,kristopher36@example.org,Mumbai,Kerala,2026-07-26 10:55:07.000
3559,Chad Anthony,rmckenzie@example.net,Chennai,Karnataka,2026-01-14 15:44:43.000
3560,Kiara Holt,esparzanatalie@example.com,Kochi,Telangana,2026-05-28 01:18:59.000
3561,Amber Jackson,ggarner@example.org,Hyderabad,Tamil Nadu,2026-03-02 14:23:46.000
3562,Theresa Monroe,morganflores@example.org,Kochi,Telangana,2025-11-25 02:48:18.000
3563,Crystal Montgomery,mark18@example.net,Coimbatore,Telangana,2026-08-12 12:48:58.000
3564,Carrie Torres,carterkimberly@example.org,Kochi,Maharashtra,2025-02-25 18:52:54.000
3565,Carrie Dillon,robert89@example.com,Pune,Telangana,2026-06-25 21:23:43.000
3566,Heather Graves,sabrinahayes@example.net,Mumbai,Kerala,2026-03-02 15:38:50.000
3567,James Richardson,austin78@example.net,Kochi,Tamil Nadu,2025-04-12 16:09:56.000
3568,Jorge Edwards,hrobertson@example.com,Delhi,Delhi,2025-02-12 00:55:53.000
3569,Nicholas Krueger,mezashelley@example.org,Pune,Maharashtra,2026-05-24 11:15:43.000
3570,Brett Landry,mmcmahon@example.org,Hyderabad,Delhi,2025-04-17 20:19:19.000
3571,James Allen,merrittcassidy@example.com,Coimbatore,Kerala,2026-01-10 17:21:55.000
3572,Edward Brown,kimberlyavila@example.net,Pune,Karnataka,2025-06-12 22:19:41.000
3573,Jordan Haney,czhang@example.net,Mumbai,Kerala,2025-06-01 23:16:29.000
3574,Charlene White,wevans@example.com,Chennai,Telangana,2026-07-18 20:49:43.000
3575,Rachel Ryan,rduncan@example.org,Bengaluru,Kerala,2025-04-25 15:33:54.000
3576,John Barton,juliamitchell@example.net,Kochi,Maharashtra,2026-06-12 17:46:39.000
3577,Adam Long,aaron98@example.org,Hyderabad,Tamil Nadu,2025-03-16 14:27:34.000
3578,Gloria Young,raymond39@example.org,Delhi,Maharashtra,2025-05-20 12:35:58.000
3579,Cameron Oneill,bhayes@example.org,Chennai,Tamil Nadu,2026-02-05 08:24:29.000
3580,Lisa Rangel,brad67@example.net,Delhi,Delhi,2025-12-03 23:01:03.000
3581,William Jackson,aliciabooker@example.com,Hyderabad,Kerala,2026-07-16 05:18:57.000
3582,Richard Sanchez,stefanie03@example.net,Kochi,Karnataka,2025-01-27 09:40:20.000
3583,Antonio Anderson,bergcarolyn@example.com,Bengaluru,Karnataka,2025-11-05 01:59:41.000
3584,Sherri Lane,heidiwilliams@example.net,Coimbatore,Telangana,2026-06-19 08:57:11.000
3585,James Strong,uharvey@example.org,Hyderabad,Kerala,2026-08-02 19:32:21.000
3586,Amanda Ramirez,udunn@example.org,Kochi,Kerala,2026-06-05 23:25:23.000
3587,Madison Gomez DDS,xmendez@example.org,Bengaluru,Maharashtra,2026-05-21 02:40:28.000
3588,Justin Watson,kimberly17@example.org,Kochi,Telangana,2026-05-07 03:33:03.000
3589,Robert Cannon,david98@example.org,Coimbatore,Telangana,2025-01-10 00:17:05.000
3590,Amanda Sullivan,sjacobson@example.com,Bengaluru,Tamil Nadu,2025-03-06 04:27:54.000
3591,Paul Blackwell,qortiz@example.net,Bengaluru,Maharashtra,2026-05-14 04:44:11.000
3592,Brian Howard,lzimmerman@example.com,Mumbai,Tamil Nadu,2026-04-01 19:41:09.000
3593,Amber Carr,emily36@example.com,Coimbatore,Telangana,2026-06-23 19:59:13.000
3594,Tina Byrd,maria60@example.org,Bengaluru,Delhi,2025-05-21 15:53:06.000
3595,Bradley Gonzalez,holly01@example.com,Kochi,Maharashtra,2026-05-16 16:09:08.000
3596,Leonard Marshall,armstrongnatasha@example.org,Kochi,Telangana,2026-03-20 20:05:55.000
3597,Tyler Barker,wholloway@example.net,Hyderabad,Tamil Nadu,2025-09-10 14:42:27.000
3598,Kurt Ross,wandahernandez@example.org,Bengaluru,Kerala,2026-02-22 11:55:57.000
3599,Robert Ryan,johnsonsarah@example.org,Hyderabad,Maharashtra,2026-06-29 06:46:33.000
3600,Karen Baker,frichard@example.org,Chennai,Maharashtra,2026-03-08 21:42:45.000
3601,Emma Perez,asellers@example.net,Coimbatore,Tamil Nadu,2026-02-08 01:01:04.000
3602,Jeremiah Macdonald,jpeterson@example.net,Bengaluru,Karnataka,2026-05-27 12:51:55.000
3603,Lisa Rivera,scaldwell@example.org,Bengaluru,Karnataka,2026-04-11 08:04:55.000
3604,Catherine Kelley,richard26@example.com,Hyderabad,Tamil Nadu,2026-03-07 20:45:47.000
3605,Michelle Mccann,alewis@example.com,Coimbatore,Telangana,2025-04-06 13:43:50.000
3606,Breanna Christian,fmyers@example.org,Chennai,Karnataka,2026-03-23 16:17:14.000
3607,Johnathan Jones,reidnicole@example.net,Mumbai,Kerala,2025-05-06 05:10:37.000
3608,Dr. David Hall,kristenchambers@example.org,Bengaluru,Delhi,2025-07-19 10:21:44.000
3609,Thomas Erickson,david97@example.net,Chennai,Tamil Nadu,2025-04-07 20:53:44.000
3610,Zachary Lee,youngmichael@example.com,Pune,Telangana,2026-02-27 20:51:27.000
3611,Chris Meyer,george60@example.net,Hyderabad,Maharashtra,2026-05-27 04:58:47.000
3612,Ashley Pitts,harrispamela@example.net,Chennai,Karnataka,2025-08-22 11:35:23.000
3613,Dorothy White,gibsondarrell@example.org,Chennai,Delhi,2025-08-16 21:18:47.000
3614,Brandon Frazier,probertson@example.net,Coimbatore,Karnataka,2026-03-25 05:23:30.000
3615,Natasha Sanders,robertsbailey@example.net,Coimbatore,Kerala,2025-09-01 01:33:02.000
3616,Nathan Butler,bgarcia@example.com,Delhi,Delhi,2026-02-23 00:57:07.000
3617,Matthew Bell,jimenezjames@example.net,Mumbai,Kerala,2025-03-18 21:39:50.000
3618,Alexa Rivera,emilyrogers@example.org,Chennai,Karnataka,2025-01-29 12:46:13.000
3619,Jason Smith,candice35@example.com,Mumbai,Karnataka,2025-08-21 18:59:05.000
3620,Scott Smith,charlesdwayne@example.net,Mumbai,Karnataka,2026-04-13 16:47:05.000
3621,Sara Anderson,larry30@example.com,Mumbai,Delhi,2025-10-06 21:27:35.000
3622,Scott Simpson,emilyross@example.com,Pune,Karnataka,2026-07-21 07:29:28.000
3623,Nathan Stevens,yvonne23@example.net,Kochi,Tamil Nadu,2026-03-04 01:55:15.000
3624,Bobby Jennings,whiteerica@example.com,Pune,Telangana,2025-10-24 12:56:17.000
3625,Jasmine Miller,griffinrobert@example.com,Hyderabad,Maharashtra,2025-12-21 05:43:08.000
3626,Jeffrey Wright,fscott@example.org,Bengaluru,Telangana,2026-06-10 11:21:09.000
3627,Holly Cook,gabriellemoreno@example.org,Kochi,Kerala,2025-04-22 06:15:38.000
3628,Judy Jones,bmitchell@example.net,Mumbai,Tamil Nadu,2026-05-05 00:00:06.000
3629,Jordan Lewis,danielgarcia@example.org,Pune,Kerala,2026-06-26 05:20:53.000
3630,Natasha Mosley,vpeters@example.net,Mumbai,Kerala,2025-10-17 01:14:04.000
3631,James Perkins,tuckeryolanda@example.net,Hyderabad,Maharashtra,2025-04-30 05:17:14.000
3632,Monica Jones,dcolon@example.net,Delhi,Maharashtra,2025-10-22 07:59:20.000
3633,John Bruce,littlejoe@example.net,Chennai,Delhi,2025-07-12 05:41:28.000
3634,Wesley Hernandez,ashley00@example.com,Bengaluru,Telangana,2025-04-07 19:06:28.000
3635,Sharon Martin,tamara79@example.org,Bengaluru,Kerala,2026-03-02 22:20:06.000
3636,Lawrence Melendez,slewis@example.net,Kochi,Tamil Nadu,2025-09-13 19:40:08.000
3637,Angela Hester,owiggins@example.net,Bengaluru,Telangana,2025-09-17 01:12:50.000
3638,Jeffrey Jones,willie22@example.net,Pune,Karnataka,2025-06-25 08:34:24.000
3639,Candice Rodriguez,jonesdavid@example.org,Pune,Tamil Nadu,2025-03-18 01:51:42.000
3640,Kellie Mueller,troyjohnson@example.com,Kochi,Karnataka,2025-10-22 02:13:06.000
3641,Shannon Moss,cunninghamjoseph@example.org,Bengaluru,Tamil Nadu,2025-05-17 11:52:12.000
3642,Jeffrey Gonzalez,davisphyllis@example.net,Pune,Delhi,2026-01-16 07:09:08.000
3643,Adrian Wallace,melissa55@example.org,Bengaluru,Delhi,2025-09-28 23:58:16.000
3644,Shawn Martin,jonesmeagan@example.com,Pune,Delhi,2025-07-30 12:48:43.000
3645,Kaitlyn Daniels,carlsonstefanie@example.com,Bengaluru,Tamil Nadu,2025-05-13 14:57:45.000
3646,Keith Mckinney,hernandezshannon@example.net,Delhi,Maharashtra,2025-05-21 07:58:45.000
3647,Joshua Cooper,ambermartinez@example.com,Delhi,Kerala,2026-06-11 11:19:45.000
3648,Michelle Munoz,carlystone@example.org,Kochi,Maharashtra,2026-04-06 01:27:39.000
3649,Mary Cervantes,steven19@example.net,Hyderabad,Telangana,2025-01-08 09:02:44.000
3650,Chloe Rivera,christopher22@example.net,Hyderabad,Kerala,2025-04-09 03:40:37.000
3651,Karen Chambers,gwheeler@example.net,Hyderabad,Maharashtra,2026-03-17 20:05:58.000
3652,Ian Mckinney,bwolfe@example.net,Pune,Tamil Nadu,2026-07-18 10:47:43.000
3653,Elizabeth Martin,tammyscott@example.net,Delhi,Kerala,2026-08-27 22:10:31.000
3654,Joshua Humphrey,craig00@example.net,Mumbai,Kerala,2026-04-18 19:02:46.000
3655,Robert Murphy,amccarty@example.com,Kochi,Kerala,2025-12-22 13:45:38.000
3656,Patricia Nicholson,ebrooks@example.org,Hyderabad,Maharashtra,2025-10-02 23:03:52.000
3657,Levi Smith,bbrown@example.org,Coimbatore,Delhi,2025-08-11 18:42:21.000
3658,Jeffery Arias,ruth12@example.com,Pune,Maharashtra,2026-02-09 08:35:16.000
3659,Sara Wright,amanda40@example.com,Mumbai,Telangana,2026-05-09 17:05:59.000
3660,John Carter,maria27@example.com,Bengaluru,Telangana,2025-11-12 17:59:05.000
3661,Stacey Galloway,nbennett@example.com,Delhi,Tamil Nadu,2026-05-08 23:13:51.000
3662,Michael Watson,richard42@example.org,Bengaluru,Tamil Nadu,2026-07-21 23:18:38.000
3663,Reginald Vaughn,lori36@example.net,Mumbai,Tamil Nadu,2025-05-09 05:55:54.000
3664,Samuel Hamilton,rwilliams@example.org,Chennai,Tamil Nadu,2026-08-01 10:09:24.000
3665,Chelsea Martin,barberwayne@example.com,Pune,Delhi,2026-01-18 19:23:59.000
3666,Mrs. Victoria Cunningham DDS,alexanderguerrero@example.com,Chennai,Maharashtra,2026-06-10 20:48:39.000
3667,Michael Duncan,zarellano@example.com,Hyderabad,Maharashtra,2026-01-22 15:45:41.000
3668,Stephen Baker,dunlapnatalie@example.org,Bengaluru,Maharashtra,2025-01-11 19:07:10.000
3669,Kathleen Petty,murphyscott@example.com,Mumbai,Kerala,2025-01-06 15:54:00.000
3670,Patricia Cruz,floydjames@example.org,Kochi,Kerala,2026-02-20 00:32:11.000
3671,Sonia Pierce,taylortiffany@example.org,Delhi,Karnataka,2026-07-28 23:38:39.000
3672,Melvin Yates,lindahawkins@example.org,Chennai,Delhi,2025-12-15 11:28:48.000
3673,Melissa Berry,jakemontgomery@example.net,Hyderabad,Kerala,2026-08-17 04:35:40.000
3674,Steven May,michaelmurphy@example.net,Mumbai,Karnataka,2025-02-28 08:22:57.000
3675,Michael Martin,valentinemaureen@example.net,Delhi,Karnataka,2026-02-03 23:46:22.000
3676,Brandy Roman,gsmith@example.com,Delhi,Tamil Nadu,2025-11-25 08:06:51.000
3677,Rebecca Cunningham,chrisgreene@example.net,Coimbatore,Maharashtra,2025-05-13 10:03:05.000
3678,Deborah Gordon DDS,mhughes@example.com,Delhi,Tamil Nadu,2025-09-20 12:00:17.000
3679,Emily Arnold,dfoster@example.net,Mumbai,Delhi,2026-08-19 06:59:26.000
3680,Rachel Woodard,williampatel@example.com,Bengaluru,Telangana,2025-08-21 09:04:55.000
3681,Paul Watson,andrewsjamie@example.com,Coimbatore,Telangana,2025-07-25 15:18:44.000
3682,Katherine Espinoza,betty60@example.com,Mumbai,Tamil Nadu,2026-07-28 05:47:47.000
3683,Beth Moore,ortiztina@example.org,Kochi,Karnataka,2025-08-25 18:15:10.000
3684,John Conway,barrbelinda@example.net,Chennai,Maharashtra,2026-04-25 19:40:12.000
3685,Rachel Orozco,wolfecameron@example.com,Coimbatore,Tamil Nadu,2025-10-04 07:33:00.000
3686,Jonathan Hall,zacharyscott@example.net,Chennai,Delhi,2025-12-24 13:37:05.000
3687,Tony Porter MD,zlee@example.org,Delhi,Telangana,2025-10-02 21:02:20.000
3688,Keith Ramsey,sandra11@example.com,Bengaluru,Tamil Nadu,2025-09-29 15:17:05.000
3689,Kenneth Turner,bsanchez@example.org,Hyderabad,Maharashtra,2025-10-03 08:57:41.000
3690,Andrew Smith,judy41@example.net,Chennai,Tamil Nadu,2025-12-01 14:45:54.000
3691,Sandra Thomas,todd26@example.com,Coimbatore,Karnataka,2025-03-07 19:44:18.000
3692,Barbara Ross,cynthiagray@example.net,Hyderabad,Maharashtra,2025-04-07 04:35:39.000
3693,Amanda Schmitt,mrios@example.com,Coimbatore,Tamil Nadu,2025-05-01 21:09:39.000
3694,Julie Davis,andrea00@example.net,Pune,Karnataka,2026-01-01 14:27:33.000
3695,Cody Ryan,iwoods@example.org,Kochi,Telangana,2025-08-21 11:04:33.000
3696,Jacqueline Ryan,marshallmatthew@example.net,Delhi,Maharashtra,2025-05-22 12:07:09.000
3697,Christopher King,nelsondavid@example.net,Pune,Tamil Nadu,2025-12-07 15:34:33.000
3698,David Young,williamadams@example.net,Coimbatore,Karnataka,2025-04-19 15:26:52.000
3699,Jennifer Valenzuela,adavis@example.com,Delhi,Kerala,2025-12-04 01:36:13.000
3700,Jeremiah Hart,jessica39@example.com,Chennai,Telangana,2026-07-05 20:48:30.000
3701,Paul Bond,laurareyes@example.net,Mumbai,Tamil Nadu,2025-05-28 05:47:10.000
3702,Jeffery Stout,cole23@example.org,Pune,Tamil Nadu,2025-04-14 19:58:55.000
3703,Brittney Mcknight,bentleyjennifer@example.org,Kochi,Maharashtra,2026-08-01 19:44:53.000
3704,Aaron Carroll,johnsonkenneth@example.com,Delhi,Tamil Nadu,2025-05-05 12:26:29.000
3705,Erica Turner,drew81@example.net,Mumbai,Maharashtra,2026-06-01 17:01:34.000
3706,Christine Garcia,tsimmons@example.com,Pune,Tamil Nadu,2025-11-24 01:47:08.000
3707,Samuel Soto,collinsbrandon@example.org,Coimbatore,Delhi,2026-01-20 22:02:58.000
3708,Joseph Henry,pallen@example.net,Hyderabad,Telangana,2026-08-07 09:19:50.000
3709,Miss Cynthia Cortez DDS,ann75@example.com,Kochi,Delhi,2026-07-18 21:31:09.000
3710,Christopher Wiley,christopherhurst@example.net,Kochi,Karnataka,2025-03-27 05:34:02.000
3711,Kimberly Pitts,brettmacdonald@example.net,Bengaluru,Tamil Nadu,2025-04-08 23:06:50.000
3712,Mr. Ricardo Berg PhD,gordonjudy@example.com,Hyderabad,Telangana,2026-01-24 08:41:34.000
3713,Anthony Hill,dkemp@example.org,Chennai,Kerala,2025-07-03 16:46:17.000
3714,Alexis Andrews,nancy48@example.com,Chennai,Kerala,2025-09-23 17:58:13.000
3715,Suzanne Martinez,christinalopez@example.net,Kochi,Delhi,2026-07-27 18:43:14.000
3716,Charles Johnson,hansenjodi@example.net,Chennai,Maharashtra,2026-01-08 23:26:47.000
3717,Colleen Powers,ycochran@example.net,Pune,Telangana,2026-01-13 10:22:39.000
3718,Susan Lowe,jeffrey21@example.net,Bengaluru,Maharashtra,2025-07-12 10:20:39.000
3719,Michael Torres,stevejones@example.com,Hyderabad,Kerala,2026-02-02 02:12:04.000
3720,Maria Adams,ggreen@example.org,Hyderabad,Karnataka,2025-08-07 08:48:27.000
3721,Glenda Hall,terry37@example.net,Bengaluru,Telangana,2026-06-29 10:45:45.000
3722,Kevin Perez,caitlin15@example.com,Mumbai,Kerala,2025-11-30 08:06:08.000
3723,Justin Mcclain,fpadilla@example.net,Mumbai,Maharashtra,2026-07-03 17:23:08.000
3724,Jonathan Phillips,aaronlee@example.net,Bengaluru,Kerala,2026-07-22 08:42:00.000
3725,Tonya Hayes,ginarobinson@example.com,Hyderabad,Karnataka,2026-04-05 04:41:45.000
3726,Laurie Norris,michaelgarner@example.com,Hyderabad,Karnataka,2025-04-04 13:33:33.000
3727,Kelsey Mendoza,lhardy@example.com,Hyderabad,Maharashtra,2025-01-30 19:12:07.000
3728,Kelly Mercado,craigfoster@example.net,Pune,Karnataka,2025-04-24 13:32:08.000
3729,Eduardo Horn,jordanmary@example.org,Kochi,Tamil Nadu,2026-04-24 19:47:04.000
3730,Katie Berg,conniebarber@example.org,Mumbai,Tamil Nadu,2025-02-09 13:52:36.000
3731,Theresa Torres,jonesjohn@example.org,Kochi,Maharashtra,2026-02-12 18:10:19.000
3732,Michael Wagner,kyleanderson@example.org,Pune,Kerala,2026-05-07 21:45:12.000
3733,Devin Hendricks,davistyler@example.com,Mumbai,Karnataka,2025-09-19 02:48:33.000
3734,Oscar Mays,robertmedina@example.net,Kochi,Maharashtra,2025-02-17 15:38:30.000
3735,Julie Garcia,nthompson@example.com,Kochi,Kerala,2025-02-10 02:55:41.000
3736,Shelia Cochran,omar72@example.net,Pune,Tamil Nadu,2025-07-29 03:06:39.000
3737,Julie Garrett,autumnchavez@example.net,Delhi,Telangana,2025-09-30 15:34:16.000
3738,Kelly Mckinney,michael25@example.org,Kochi,Karnataka,2025-09-06 10:15:58.000
3739,Jennifer Warner,orozcokenneth@example.net,Chennai,Karnataka,2025-02-01 18:13:43.000
3740,Jennifer Reyes,sarah20@example.com,Chennai,Tamil Nadu,2026-05-28 23:19:17.000
3741,Shane Cummings,jacob30@example.net,Delhi,Karnataka,2025-08-10 14:41:37.000
3742,Rebecca Lindsey,owillis@example.com,Coimbatore,Telangana,2026-04-17 02:23:10.000
3743,James Miller,kpratt@example.net,Bengaluru,Maharashtra,2025-05-24 13:40:02.000
3744,Cody Carroll,madeline15@example.org,Pune,Maharashtra,2025-10-10 09:38:44.000
3745,Jordan Bowman,chapmanroger@example.com,Delhi,Telangana,2025-03-28 15:02:38.000
3746,Alexis Martin,joshua62@example.com,Bengaluru,Kerala,2025-01-11 14:40:13.000
3747,Vanessa Gordon,ffrye@example.com,Hyderabad,Telangana,2025-10-08 01:29:16.000
3748,Jennifer Taylor,johnsonjoel@example.net,Delhi,Kerala,2026-08-28 22:02:20.000
3749,Laura Frey,whitecaleb@example.com,Delhi,Karnataka,2026-05-21 01:30:27.000
3750,Stephanie Gregory,stephaniestrong@example.org,Pune,Karnataka,2026-03-30 20:38:55.000
3751,Angelica Edwards,marcofreeman@example.org,Kochi,Tamil Nadu,2025-03-24 14:47:49.000
3752,John Haynes,michaelperez@example.net,Hyderabad,Kerala,2026-07-31 18:49:59.000
3753,Walter Wagner,fray@example.org,Bengaluru,Tamil Nadu,2026-04-01 14:17:52.000
3754,Cassie Crawford,jhenderson@example.org,Mumbai,Karnataka,2026-07-02 07:48:55.000
3755,Evan Nelson,hlindsey@example.com,Coimbatore,Tamil Nadu,2025-02-28 03:51:24.000
3756,Charles Nunez,andrew10@example.org,Delhi,Telangana,2026-07-18 09:30:58.000
3757,Jennifer Williams,andrea23@example.org,Coimbatore,Karnataka,2026-02-19 10:14:01.000
3758,Brian Smith,gonzalezmarc@example.org,Hyderabad,Tamil Nadu,2025-04-10 06:57:36.000
3759,Mary Martin,ellisrichard@example.org,Mumbai,Maharashtra,2026-03-04 13:58:59.000
3760,Alexander Davis,johnsondeanna@example.com,Pune,Delhi,2025-09-27 18:52:41.000
3761,Taylor Robles,michael59@example.com,Delhi,Maharashtra,2026-05-05 05:31:40.000
3762,Jennifer West,owenlisa@example.net,Bengaluru,Maharashtra,2025-02-22 14:10:40.000
3763,Bonnie Martin,josephgray@example.org,Coimbatore,Maharashtra,2026-02-11 19:38:43.000
3764,Colton Berry,jonesleah@example.org,Chennai,Karnataka,2026-04-11 09:02:01.000
3765,Ryan Brown,swatson@example.org,Pune,Kerala,2025-04-11 03:30:30.000
3766,Kimberly Hardin,brittneytodd@example.com,Pune,Tamil Nadu,2026-03-16 18:15:45.000
3767,Laura Jones,shaunfisher@example.net,Chennai,Kerala,2025-05-28 17:24:56.000
3768,Kelly Harper,daniel59@example.net,Kochi,Maharashtra,2026-06-16 19:37:35.000
3769,Jeffery Richard,amberglass@example.com,Bengaluru,Karnataka,2025-12-07 00:09:25.000
3770,Jennifer Humphrey,heidilane@example.org,Kochi,Delhi,2026-08-29 08:33:01.000
3771,Rebecca Brown,phelpskathleen@example.net,Kochi,Maharashtra,2026-04-17 15:22:15.000
3772,Donald Sullivan,christinearnold@example.com,Pune,Karnataka,2025-05-23 23:14:43.000
3773,Shirley Austin,xrusso@example.org,Chennai,Karnataka,2026-03-21 04:57:03.000
3774,Jessica Dominguez,ibriggs@example.com,Mumbai,Delhi,2026-06-26 03:50:05.000
3775,Anna Mcbride,nicolegutierrez@example.com,Chennai,Delhi,2025-12-20 18:02:07.000
3776,Jennifer Ortiz,carmen60@example.net,Pune,Telangana,2025-06-21 03:22:00.000
3777,Helen Burns,dcook@example.net,Pune,Kerala,2025-07-28 13:28:33.000
3778,Don Johnson,umartinez@example.org,Bengaluru,Karnataka,2025-06-23 22:20:51.000
3779,Gabrielle Acevedo,haneybruce@example.com,Chennai,Delhi,2025-07-05 00:40:57.000
3780,Nicholas Schneider,dsullivan@example.org,Pune,Tamil Nadu,2026-05-12 19:17:39.000
3781,Daniel Olsen,vmitchell@example.net,Hyderabad,Telangana,2025-04-14 06:45:59.000
3782,Rebecca Sanders DVM,amypalmer@example.com,Pune,Tamil Nadu,2026-05-14 23:26:54.000
3783,Dylan King,utorres@example.com,Mumbai,Karnataka,2026-02-20 05:34:18.000
3784,Alicia Lee,mcclurevincent@example.com,Bengaluru,Tamil Nadu,2026-05-19 19:37:42.000
3785,Joseph Wiley,rickymurphy@example.org,Delhi,Kerala,2026-04-16 00:59:28.000
3786,Gary Pearson,amy56@example.com,Delhi,Telangana,2025-03-06 15:49:14.000
3787,Patrick Singh,vlittle@example.org,Pune,Kerala,2025-04-14 18:42:02.000
3788,Jennifer Vega,hjacobson@example.com,Kochi,Delhi,2025-08-18 01:14:51.000
3789,Angela Ross,xcurtis@example.com,Delhi,Tamil Nadu,2026-05-02 04:39:09.000
3790,Michael Russell,ptucker@example.org,Chennai,Telangana,2025-06-20 07:40:04.000
3791,Paula Smith,darrenperez@example.com,Pune,Karnataka,2025-07-18 19:56:50.000
3792,Leroy Nguyen,cburnett@example.org,Chennai,Delhi,2026-05-26 13:17:16.000
3793,Kevin Lopez,jonespaula@example.net,Bengaluru,Kerala,2026-08-03 06:09:23.000
3794,Chad Lyons,vincentmurray@example.org,Kochi,Kerala,2025-07-19 21:15:41.000
3795,Katelyn Allen,kelly48@example.net,Mumbai,Maharashtra,2025-06-21 09:00:35.000
3796,Elizabeth Atkins,baxterhannah@example.org,Delhi,Telangana,2025-06-08 09:19:07.000
3797,Jeffery Hendricks,lindabryant@example.org,Kochi,Karnataka,2025-12-13 11:05:05.000
3798,Mr. Derrick Mcdaniel,dawnbrown@example.net,Mumbai,Kerala,2026-07-19 02:57:16.000
3799,Justin Thomas,juanpennington@example.org,Kochi,Telangana,2025-04-26 05:08:58.000
3800,Steven Avery,kristen10@example.org,Coimbatore,Tamil Nadu,2026-01-21 05:23:11.000
3801,Vanessa Torres,juan50@example.net,Hyderabad,Maharashtra,2025-05-24 17:10:20.000
3802,Dustin Hall,anita38@example.com,Hyderabad,Karnataka,2026-03-19 11:11:40.000
3803,Kelly Williamson,figueroazachary@example.net,Coimbatore,Kerala,2025-05-21 03:01:24.000
3804,Jennifer Williams,velezjon@example.com,Pune,Tamil Nadu,2025-08-29 21:48:20.000
3805,Mary Crawford,jpowell@example.net,Hyderabad,Karnataka,2025-11-03 04:22:15.000
3806,Mrs. Deanna Mosley,anthonyday@example.net,Mumbai,Tamil Nadu,2025-04-22 11:27:02.000
3807,Michael Schultz,greenetracy@example.net,Bengaluru,Maharashtra,2025-07-10 11:51:46.000
3808,Andrew Sanchez,fredericksalazar@example.com,Coimbatore,Kerala,2025-11-09 15:13:26.000
3809,Julie Baker,pscott@example.net,Bengaluru,Kerala,2026-02-14 03:51:50.000
3810,Deanna Gould,petersonlauren@example.net,Hyderabad,Kerala,2026-08-06 21:17:37.000
3811,Jennifer Hopkins,heathercampos@example.org,Chennai,Delhi,2025-03-19 11:06:03.000
3812,Nicole Kane,fluna@example.net,Kochi,Maharashtra,2025-01-17 02:10:21.000
3813,Alexa Chen,byrdelizabeth@example.net,Bengaluru,Tamil Nadu,2026-08-16 23:39:37.000
3814,Angie Mcpherson,oliviajones@example.org,Chennai,Karnataka,2025-07-12 21:26:52.000
3815,Mark Russell,dawn95@example.net,Bengaluru,Telangana,2025-04-21 18:55:13.000
3816,Brandon Bailey,xhenderson@example.net,Chennai,Tamil Nadu,2025-03-24 14:18:05.000
3817,Linda Bowen,scott84@example.net,Delhi,Kerala,2025-03-07 23:51:57.000
3818,Joseph Evans,mezaryan@example.net,Mumbai,Karnataka,2026-01-09 03:46:44.000
3819,Alicia Smith,zknapp@example.net,Coimbatore,Karnataka,2025-08-27 18:04:17.000
3820,Alicia Lee,claytonjenkins@example.com,Delhi,Maharashtra,2025-05-01 00:20:13.000
3821,Laura Fisher,wzhang@example.com,Mumbai,Tamil Nadu,2026-02-27 04:04:01.000
3822,Katherine Molina,eallen@example.com,Pune,Kerala,2026-02-27 05:40:44.000
3823,Kathleen Leon,breanna04@example.com,Bengaluru,Tamil Nadu,2025-02-04 14:01:19.000
3824,Brandon Miller,patelmegan@example.net,Bengaluru,Delhi,2025-08-19 11:36:23.000
3825,Lorraine Jacobson,danagoodman@example.org,Bengaluru,Delhi,2025-11-19 13:28:02.000
3826,Miss Jessica Gonzalez,cbutler@example.com,Hyderabad,Tamil Nadu,2025-06-24 05:29:33.000
3827,Brandon Nunez,raymondholt@example.net,Chennai,Karnataka,2025-11-28 18:22:53.000
3828,Amanda Clarke,millerronald@example.com,Kochi,Karnataka,2025-10-02 10:10:26.000
3829,Raymond Acosta,elizabeth97@example.org,Pune,Karnataka,2026-06-16 14:27:59.000
3830,Kathleen Graves,heather56@example.com,Kochi,Kerala,2026-07-10 05:47:31.000
3831,Shawn Martin,allenbarton@example.com,Bengaluru,Maharashtra,2025-05-12 16:48:35.000
3832,Michelle Perry,james70@example.com,Bengaluru,Karnataka,2025-03-21 00:30:04.000
3833,Derrick Scott,owensdeanna@example.org,Pune,Telangana,2025-03-01 06:08:51.000
3834,Lawrence Burton,uhunt@example.net,Delhi,Tamil Nadu,2025-10-08 00:05:09.000
3835,Stephanie Farmer,donaldduran@example.com,Bengaluru,Tamil Nadu,2026-04-15 12:48:56.000
3836,Patricia Brady,bcharles@example.org,Hyderabad,Karnataka,2025-11-29 22:12:45.000
3837,Debra Flores,carlanderson@example.net,Delhi,Delhi,2025-05-21 20:53:51.000
3838,Kathy Marshall,barnettkathleen@example.org,Kochi,Karnataka,2026-06-03 06:52:38.000
3839,Diane Gomez,davidwilliams@example.com,Pune,Delhi,2025-08-11 22:10:16.000
3840,Lori Holder,wardmichelle@example.net,Delhi,Tamil Nadu,2025-07-30 13:32:41.000
3841,Anthony Gardner,xross@example.net,Coimbatore,Kerala,2025-10-14 16:45:20.000
3842,Brooke Henry,ramirezgregory@example.com,Pune,Kerala,2025-03-01 07:37:49.000
3843,Jenna Sanchez,kristina31@example.com,Chennai,Karnataka,2026-08-28 02:56:43.000
3844,Craig Harding,joe85@example.org,Hyderabad,Telangana,2025-04-25 18:49:20.000
3845,Eric Jimenez,kaylataylor@example.org,Kochi,Maharashtra,2026-07-15 06:49:00.000
3846,Brandon Browning,kelseyrussell@example.org,Coimbatore,Tamil Nadu,2025-03-29 21:31:49.000
3847,Michael Chavez,nolanrichard@example.com,Kochi,Kerala,2025-08-05 07:10:17.000
3848,Dylan Trujillo,christinevang@example.org,Hyderabad,Tamil Nadu,2025-09-08 22:09:07.000
3849,Justin Roy,oscar06@example.org,Hyderabad,Karnataka,2026-08-20 03:53:49.000
3850,Kelly Perez,shannon93@example.net,Kochi,Telangana,2025-09-06 00:28:39.000
3851,Christopher Mullins,greed@example.com,Coimbatore,Maharashtra,2026-01-09 19:52:07.000
3852,Mrs. Courtney Smith,jzuniga@example.com,Kochi,Delhi,2026-05-10 11:09:43.000
3853,Amy Serrano,tracymartin@example.net,Delhi,Karnataka,2026-05-23 22:35:24.000
3854,Brett Ramirez,xsmith@example.com,Mumbai,Maharashtra,2025-11-22 04:22:52.000
3855,Miguel Carr,amandafrey@example.org,Coimbatore,Delhi,2026-02-19 14:12:21.000
3856,Kelly Garrison,whitneyacosta@example.net,Coimbatore,Delhi,2026-02-21 11:43:35.000
3857,Cindy Davis,perezshawn@example.com,Mumbai,Maharashtra,2025-03-06 22:44:50.000
3858,Thomas Garcia,danielmccullough@example.com,Kochi,Delhi,2026-03-25 20:23:51.000
3859,Michele Clark,teresawu@example.com,Mumbai,Kerala,2025-03-09 18:27:43.000
3860,Timothy Steele,barronaustin@example.net,Mumbai,Telangana,2025-01-03 05:25:41.000
3861,Mary Lewis,kelly51@example.org,Mumbai,Tamil Nadu,2025-10-09 11:35:47.000
3862,Christina Johnson,eperkins@example.com,Coimbatore,Karnataka,2025-03-27 13:27:45.000
3863,Randy Cole,cruzhannah@example.org,Chennai,Telangana,2025-10-08 06:53:26.000
3864,Laura Williams MD,pedroduncan@example.com,Hyderabad,Telangana,2025-12-24 14:15:41.000
3865,Albert Thompson,deannakidd@example.com,Hyderabad,Delhi,2025-11-24 01:26:37.000
3866,Julie Stevens,adamjohnston@example.org,Mumbai,Karnataka,2025-06-24 10:36:31.000
3867,Kimberly Miller,adamsdeanna@example.org,Chennai,Kerala,2025-04-18 00:48:09.000
3868,Carolyn Merritt,sanderson@example.net,Bengaluru,Kerala,2026-07-01 18:49:07.000
3869,Carlos Vincent,kimberly15@example.org,Hyderabad,Maharashtra,2026-07-24 09:37:48.000
3870,Jonathan Kelley,pbenjamin@example.net,Chennai,Kerala,2025-11-26 21:08:41.000
3871,Carrie Bennett,susandiaz@example.org,Delhi,Tamil Nadu,2026-06-29 19:04:35.000
3872,Brenda Barnes,samantharogers@example.com,Bengaluru,Kerala,2026-03-28 17:56:30.000
3873,Brian Barber,clarkrachel@example.org,Bengaluru,Maharashtra,2026-04-07 07:34:35.000
3874,Makayla Hampton,alexanderroberts@example.org,Hyderabad,Tamil Nadu,2025-04-25 02:09:57.000
3875,Amanda Woods,amoran@example.com,Delhi,Karnataka,2025-03-03 08:32:30.000
3876,Julia Brown,michael37@example.net,Mumbai,Tamil Nadu,2025-01-10 16:36:04.000
3877,Julie Lamb,browncorey@example.org,Kochi,Karnataka,2026-08-18 12:25:12.000
3878,Abigail Rogers,danielle12@example.org,Hyderabad,Maharashtra,2026-08-01 12:55:28.000
3879,Jessica Park,osanchez@example.org,Hyderabad,Kerala,2026-02-14 16:22:52.000
3880,Michael Smith,bryan73@example.net,Pune,Maharashtra,2025-11-16 15:20:06.000
3881,Jose Jackson,thorntontimothy@example.net,Delhi,Maharashtra,2026-08-30 22:17:38.000
3882,Maria Pearson,brownjacob@example.com,Chennai,Telangana,2025-03-28 10:09:39.000
3883,April Watkins,nguyenjimmy@example.net,Hyderabad,Tamil Nadu,2026-05-15 00:12:57.000
3884,Dr. Tiffany Kemp,taylorfrey@example.net,Chennai,Delhi,2026-08-07 10:07:57.000
3885,Dennis Payne,leslie65@example.net,Hyderabad,Delhi,2025-05-05 13:07:05.000
3886,Joshua Decker,laustin@example.com,Chennai,Maharashtra,2025-11-26 00:51:48.000
3887,Robert Miller,jesus20@example.org,Coimbatore,Delhi,2026-07-07 13:34:59.000
3888,Tracy Barrera,eric22@example.org,Pune,Delhi,2026-01-25 19:34:49.000
3889,Sonia Bruce MD,rebeccabell@example.com,Pune,Kerala,2025-06-26 13:27:21.000
3890,James Rodriguez,griffinthomas@example.net,Kochi,Karnataka,2025-07-31 03:14:01.000
3891,Jennifer Peterson,jordan68@example.org,Bengaluru,Delhi,2025-10-21 06:14:01.000
3892,Randy Mann,romanlaura@example.org,Hyderabad,Kerala,2025-06-14 13:26:08.000
3893,Paul Mckay,kathrynfranklin@example.org,Kochi,Delhi,2025-02-13 11:51:23.000
3894,Alexandria Reilly,walkerheather@example.org,Mumbai,Maharashtra,2025-05-23 16:18:00.000
3895,Bradley Ortiz,davidjackson@example.net,Bengaluru,Kerala,2025-12-30 20:16:54.000
3896,Justin Black,ubishop@example.com,Coimbatore,Telangana,2026-05-22 23:12:32.000
3897,Lisa Jones,daniel27@example.net,Kochi,Maharashtra,2025-05-09 00:32:55.000
3898,Jason Green,cynthiataylor@example.org,Chennai,Telangana,2026-05-18 06:22:38.000
3899,Yvette Hall,smithtyler@example.com,Kochi,Karnataka,2025-07-29 15:39:55.000
3900,Sonia Hampton,danielhanna@example.net,Bengaluru,Tamil Nadu,2025-03-02 10:27:25.000
3901,Sheri Sanchez,wramsey@example.com,Delhi,Delhi,2026-08-28 21:49:59.000
3902,Jason Allen,vwilliams@example.com,Delhi,Tamil Nadu,2025-07-06 01:09:40.000
3903,Anna James,ksmith@example.net,Pune,Karnataka,2026-02-25 15:33:27.000
3904,Nathan Fuller,martinkaren@example.org,Bengaluru,Tamil Nadu,2025-06-14 14:17:15.000
3905,Carmen Stephens,ncooper@example.net,Chennai,Telangana,2025-05-26 19:47:53.000
3906,Amy Shelton,tracybutler@example.org,Mumbai,Kerala,2025-01-26 03:21:38.000
3907,Stacy Williams,donna71@example.org,Mumbai,Telangana,2025-03-08 01:14:54.000
3908,Jeffrey Fletcher,rubenmoore@example.com,Chennai,Delhi,2026-01-11 18:48:57.000
3909,Richard Dawson,shawn24@example.net,Chennai,Tamil Nadu,2025-09-02 08:12:06.000
3910,Sydney Scott,michaelgilbert@example.org,Bengaluru,Telangana,2025-01-07 14:03:17.000
3911,Stephanie Williams,adamshoward@example.com,Delhi,Telangana,2025-11-06 05:48:00.000
3912,Brandon Diaz MD,brockvictoria@example.org,Mumbai,Telangana,2026-08-07 23:21:20.000
3913,Sergio Smith,patriciajenkins@example.org,Kochi,Kerala,2025-10-04 09:17:16.000
3914,Leslie Walker,vvaughn@example.net,Hyderabad,Kerala,2026-06-09 01:03:59.000
3915,Bethany Snyder,jrivers@example.org,Bengaluru,Telangana,2025-11-13 08:22:18.000
3916,Kevin Gonzales,wilsonandrew@example.com,Bengaluru,Delhi,2026-08-26 00:10:08.000
3917,Kathleen Wood,william19@example.net,Hyderabad,Tamil Nadu,2026-04-02 01:44:41.000
3918,Benjamin Grimes,kylie32@example.com,Kochi,Maharashtra,2026-04-01 10:30:32.000
3919,Philip Hanna MD,thomas04@example.org,Chennai,Telangana,2025-05-06 05:24:52.000
3920,Ryan Hunter MD,jessicawilliams@example.net,Hyderabad,Kerala,2025-12-26 16:55:32.000
3921,Elizabeth Hampton,jameshoffman@example.org,Bengaluru,Kerala,2025-03-14 11:04:03.000
3922,Hayley Aguilar,katherineturner@example.com,Mumbai,Karnataka,2026-06-14 07:19:48.000
3923,Casey Smith,moranmichelle@example.com,Hyderabad,Kerala,2025-05-06 02:08:02.000
3924,Jessica Strong,trancassandra@example.com,Delhi,Maharashtra,2025-04-12 21:42:00.000
3925,Bernard Stephens,christopher33@example.com,Delhi,Telangana,2025-10-07 20:47:01.000
3926,Miss Melissa Cannon MD,lisa58@example.com,Kochi,Tamil Nadu,2026-07-08 14:51:20.000
3927,Elizabeth Cunningham,trevorstewart@example.com,Kochi,Karnataka,2025-06-12 04:41:55.000
3928,Cody Arnold,ramseyjoshua@example.com,Bengaluru,Karnataka,2026-03-17 07:47:52.000
3929,Ashley Wright,fordchristopher@example.org,Coimbatore,Tamil Nadu,2025-01-12 14:32:04.000
3930,Willie Jones,daniel52@example.org,Hyderabad,Telangana,2026-03-01 23:21:18.000
3931,Kathleen Johnson,yjohnson@example.org,Bengaluru,Maharashtra,2025-03-15 02:24:43.000
3932,Michael Dorsey,sarah14@example.net,Coimbatore,Telangana,2025-05-12 19:45:57.000
3933,Kathy Martinez,james45@example.com,Pune,Karnataka,2025-02-22 22:37:43.000
3934,Suzanne Davis,lisalove@example.org,Pune,Delhi,2025-10-10 04:55:47.000
3935,Olivia Nelson,owilliams@example.net,Delhi,Tamil Nadu,2025-02-25 06:01:56.000
3936,Shelby Williams,pnorton@example.org,Hyderabad,Kerala,2026-08-23 14:00:50.000
3937,Samantha Brown,debra43@example.com,Coimbatore,Telangana,2026-01-03 14:13:24.000
3938,Rachel Carter,georgepetty@example.net,Pune,Maharashtra,2026-05-21 02:19:22.000
3939,David Mccullough,gdunn@example.com,Hyderabad,Tamil Nadu,2026-03-18 17:57:35.000
3940,Marc Cruz,theresawatson@example.net,Coimbatore,Tamil Nadu,2025-10-10 07:36:40.000
3941,Alicia Davis,william89@example.net,Pune,Maharashtra,2025-11-14 16:55:55.000
3942,Jason Brooks,frederick52@example.com,Hyderabad,Maharashtra,2025-10-12 20:23:05.000
3943,Lisa Diaz,ramirezanna@example.com,Delhi,Telangana,2025-03-06 20:22:35.000
3944,Jessica Taylor,alynch@example.org,Kochi,Delhi,2025-12-16 14:19:41.000
3945,Lori Robertson,garciaashley@example.com,Pune,Kerala,2025-02-03 03:31:49.000
3946,Allison Miller,tuckersteven@example.org,Chennai,Kerala,2025-07-10 03:42:56.000
3947,Brenda Kirby,wandakirk@example.com,Chennai,Karnataka,2025-03-23 18:53:49.000
3948,Roberto Butler,woodsshelby@example.com,Pune,Maharashtra,2025-05-03 21:10:11.000
3949,Susan Gibson MD,cmoreno@example.com,Kochi,Tamil Nadu,2025-06-23 05:58:38.000
3950,Megan Walker,evansstephanie@example.org,Kochi,Maharashtra,2026-06-04 17:52:14.000
3951,Daniel Tucker,hholmes@example.net,Bengaluru,Telangana,2025-12-28 20:35:16.000
3952,Dr. Frederick Miller,wsmith@example.com,Coimbatore,Kerala,2026-02-20 15:16:50.000
3953,Gerald Thornton,vrobles@example.com,Coimbatore,Tamil Nadu,2025-03-08 15:50:53.000
3954,Christine Miller MD,qmartinez@example.com,Hyderabad,Kerala,2025-03-26 03:45:33.000
3955,Debbie Kramer,david42@example.net,Kochi,Maharashtra,2025-06-04 22:24:32.000
3956,Michael Moore,ryanconley@example.net,Kochi,Telangana,2025-02-20 01:50:11.000
3957,Catherine Powers,idunn@example.com,Delhi,Telangana,2026-04-15 10:15:45.000
3958,Jeffrey Williams,wrightcharlotte@example.com,Coimbatore,Karnataka,2026-06-30 11:39:00.000
3959,Jacob Duncan,christinasanders@example.org,Coimbatore,Tamil Nadu,2025-08-05 05:17:14.000
3960,Kenneth Vance,walkermichelle@example.net,Coimbatore,Tamil Nadu,2026-02-28 09:03:01.000
3961,April Jacobs,drew32@example.com,Hyderabad,Maharashtra,2025-04-24 00:34:25.000
3962,Laura Flores,karenjoseph@example.com,Mumbai,Telangana,2026-03-18 08:08:17.000
3963,Danielle Torres,crystal60@example.net,Chennai,Delhi,2026-08-25 08:14:13.000
3964,Jeffery Drake Jr.,jclarke@example.net,Kochi,Tamil Nadu,2025-10-08 18:42:48.000
3965,Jacob Farrell,wthompson@example.org,Kochi,Maharashtra,2025-06-15 18:27:09.000
3966,Regina Wheeler,samuel07@example.com,Chennai,Karnataka,2025-01-18 19:41:00.000
3967,Albert Lopez,fmoyer@example.org,Kochi,Telangana,2025-07-15 18:56:57.000
3968,Christine Martin,jeremyenglish@example.net,Hyderabad,Tamil Nadu,2025-04-21 02:11:09.000
3969,Ashley Williams,wallacesherry@example.com,Bengaluru,Telangana,2025-11-11 15:01:25.000
3970,Brandon Paul,holly80@example.com,Bengaluru,Telangana,2026-07-08 04:29:42.000
3971,Deborah Shields,browntyler@example.net,Coimbatore,Maharashtra,2026-02-12 14:34:11.000
3972,Michael Rodriguez,jmccann@example.net,Mumbai,Kerala,2025-07-21 12:26:48.000
3973,John Carroll,matthew45@example.org,Hyderabad,Tamil Nadu,2025-03-13 19:13:47.000
3974,John Stevenson,vaughnleslie@example.net,Kochi,Telangana,2026-08-09 00:13:09.000
3975,Robin Medina,christinakelly@example.net,Pune,Karnataka,2025-06-04 06:16:16.000
3976,Natasha Norman,kshaw@example.com,Delhi,Maharashtra,2026-01-10 02:08:43.000
3977,Sharon Brown,christopher11@example.org,Coimbatore,Delhi,2026-06-20 00:43:51.000
3978,Annette Cunningham,triley@example.net,Hyderabad,Kerala,2025-12-06 06:14:37.000
3979,Joseph Farmer,hawkinsjocelyn@example.com,Delhi,Kerala,2026-03-19 23:28:37.000
3980,Travis Scott,strongjeffrey@example.com,Kochi,Tamil Nadu,2026-03-12 16:05:28.000
3981,William Rubio,rosalesdouglas@example.net,Mumbai,Tamil Nadu,2026-07-16 08:32:45.000
3982,Amber Wilson,opatterson@example.com,Hyderabad,Telangana,2026-05-31 19:01:49.000
3983,Michael Barnett,susan79@example.com,Delhi,Tamil Nadu,2025-04-27 21:38:25.000
3984,Stacy Green,cliu@example.net,Coimbatore,Karnataka,2026-01-23 22:20:31.000
3985,Audrey Smith,lhicks@example.com,Delhi,Tamil Nadu,2026-06-08 11:15:04.000
3986,Laurie Richardson,dstephens@example.com,Kochi,Telangana,2026-02-09 10:23:48.000
3987,Joshua Lucero,chapmandaniel@example.com,Chennai,Maharashtra,2025-04-08 15:32:18.000
3988,Kelly Hanson,joseph71@example.net,Coimbatore,Kerala,2026-03-26 05:43:44.000
3989,Kimberly Smith,braymiguel@example.com,Bengaluru,Tamil Nadu,2025-06-19 19:25:25.000
3990,Rhonda Mcdowell,james21@example.org,Mumbai,Maharashtra,2026-06-25 22:41:45.000
3991,Barbara Thomas,allen18@example.org,Hyderabad,Delhi,2025-10-21 06:09:52.000
3992,Charles Allen,jlarsen@example.com,Mumbai,Telangana,2025-06-12 22:16:01.000
3993,Allison Weaver,davidschultz@example.org,Mumbai,Kerala,2026-03-25 01:00:37.000
3994,Monique Farmer,mallory03@example.com,Chennai,Telangana,2025-10-10 13:37:12.000
3995,Maria Barker,pwest@example.net,Chennai,Telangana,2025-08-27 10:15:00.000
3996,Carrie Avila DDS,collinskathleen@example.com,Bengaluru,Kerala,2026-01-23 16:28:11.000
3997,Sean Jones,bowersmonica@example.org,Coimbatore,Maharashtra,2025-11-15 18:09:52.000
3998,Angela Kelley,cherylwilliams@example.net,Delhi,Telangana,2026-02-26 08:19:05.000
3999,Kelsey Avery,janicemartin@example.net,Kochi,Delhi,2026-08-18 06:08:46.000
4000,Alicia Andrews,edixon@example.com,Delhi,Tamil Nadu,2025-05-17 13:24:24.000
4001,Alan Robinson,ihoffman@example.org,Coimbatore,Maharashtra,2025-10-17 19:29:19.000
4002,Adam Robinson,cheryl14@example.org,Hyderabad,Delhi,2026-04-08 01:35:13.000
4003,Amy Robinson,murphykelsey@example.org,Hyderabad,Delhi,2025-12-05 13:19:14.000
4004,Jeff Smith,ashley48@example.com,Kochi,Telangana,2026-05-28 07:56:22.000
4005,Amy English,pamelawilson@example.net,Kochi,Kerala,2025-08-09 00:07:55.000
4006,Grant Moore,scottbrowning@example.org,Bengaluru,Tamil Nadu,2025-03-22 15:11:48.000
4007,Gary Brennan,eparsons@example.com,Bengaluru,Kerala,2025-01-13 18:12:43.000
4008,Michael Smith,beardvincent@example.org,Kochi,Tamil Nadu,2026-01-21 13:39:30.000
4009,Amy Jones,smithdavid@example.com,Bengaluru,Kerala,2025-12-11 22:41:11.000
4010,Linda Reid,justincox@example.com,Chennai,Kerala,2025-08-14 04:12:38.000
4011,Jason Morgan,gouldmelissa@example.com,Kochi,Karnataka,2025-06-23 02:46:21.000
4012,Matthew Hardy,jessicaferguson@example.org,Coimbatore,Delhi,2025-10-23 23:50:34.000
4013,David Johnson,mconway@example.org,Bengaluru,Karnataka,2025-12-31 17:29:53.000
4014,Chloe Scott,mcdowellmelissa@example.net,Bengaluru,Telangana,2025-12-27 08:36:04.000
4015,Shannon Small,sharon51@example.com,Kochi,Kerala,2026-07-01 16:26:04.000
4016,Kevin Harrington,gbrown@example.org,Kochi,Tamil Nadu,2025-10-18 23:51:59.000
4017,Thomas Reyes,reynoldsbrandon@example.net,Mumbai,Delhi,2025-08-09 06:46:10.000
4018,Michael Li,robertgarcia@example.com,Pune,Kerala,2025-07-25 10:37:12.000
4019,James Gonzalez,lopeztravis@example.org,Pune,Maharashtra,2026-06-07 23:14:12.000
4020,John Brown,casey17@example.com,Mumbai,Tamil Nadu,2025-11-18 23:53:46.000
4021,Rodney Hays,vmckee@example.org,Chennai,Tamil Nadu,2025-01-21 09:16:34.000
4022,Christina Chambers,ravenlopez@example.org,Hyderabad,Telangana,2026-02-08 02:10:33.000
4023,Michael Stephenson,josephballard@example.org,Delhi,Telangana,2025-05-13 08:41:11.000
4024,Steven Wang,philip56@example.com,Kochi,Karnataka,2026-03-08 15:44:11.000
4025,Brianna Stewart,brandon77@example.net,Kochi,Karnataka,2026-04-24 16:03:59.000
4026,Billy Allen,william22@example.org,Kochi,Tamil Nadu,2026-03-25 19:58:19.000
4027,Alice Winters,pamelagibson@example.org,Kochi,Karnataka,2026-05-10 04:59:51.000
4028,Jonathan Li,hernandeztoni@example.org,Kochi,Kerala,2025-05-15 22:19:28.000
4029,Alyssa Lin,renee41@example.com,Kochi,Telangana,2026-02-06 18:44:37.000
4030,Robert Hays,vrobles@example.org,Hyderabad,Maharashtra,2025-06-29 09:35:01.000
4031,Andrew Lee,cherylbryant@example.com,Bengaluru,Kerala,2025-04-09 02:58:01.000
4032,Billy Page,stanleymorales@example.org,Bengaluru,Kerala,2026-03-25 02:49:28.000
4033,Christian Fisher,raymond57@example.org,Kochi,Kerala,2025-07-22 03:02:27.000
4034,Christopher Simpson,wwilliams@example.net,Hyderabad,Telangana,2025-06-08 06:24:35.000
4035,Michelle Compton,litimothy@example.org,Bengaluru,Tamil Nadu,2025-01-20 21:58:06.000
4036,James Parrish,nhowell@example.org,Kochi,Tamil Nadu,2026-05-04 11:26:10.000
4037,Brian Payne,williamsvictoria@example.org,Hyderabad,Tamil Nadu,2026-04-26 02:12:44.000
4038,Latoya Gallegos,susan73@example.com,Bengaluru,Delhi,2025-10-25 00:32:35.000
4039,Valerie Alvarez,johnsongary@example.org,Chennai,Kerala,2026-07-25 05:54:18.000
4040,Julia Buck,cbrown@example.net,Hyderabad,Maharashtra,2026-05-08 19:15:01.000
4041,Kaitlin Pearson,edwardharper@example.org,Delhi,Karnataka,2025-07-06 04:44:23.000
4042,Matthew Raymond,katherinenelson@example.com,Mumbai,Telangana,2025-05-31 13:13:58.000
4043,Nancy James,robert84@example.net,Mumbai,Kerala,2026-08-29 20:47:36.000
4044,Patrick Barrett,lukebennett@example.org,Kochi,Telangana,2026-05-28 01:27:15.000
4045,Kimberly Miller,tammy26@example.org,Chennai,Telangana,2025-03-06 10:32:57.000
4046,Oscar Fisher,zwatson@example.com,Hyderabad,Kerala,2025-01-18 23:22:34.000
4047,Christopher Morris,roger21@example.com,Bengaluru,Tamil Nadu,2025-12-23 14:45:39.000
4048,Stephanie Nguyen,ryansmith@example.net,Bengaluru,Tamil Nadu,2025-04-21 04:00:11.000
4049,Julie Norman,steven72@example.com,Pune,Telangana,2025-05-21 07:08:39.000
4050,Jorge Craig PhD,myu@example.com,Bengaluru,Tamil Nadu,2026-01-19 21:23:43.000
4051,Bryan Rose,cisnerosrachel@example.net,Delhi,Karnataka,2025-10-31 13:02:38.000
4052,Joseph Parker DVM,james31@example.net,Bengaluru,Maharashtra,2025-01-18 01:18:27.000
4053,Christopher Ingram,shane07@example.org,Kochi,Tamil Nadu,2026-01-13 21:20:22.000
4054,Jeremy White,everettlaura@example.org,Bengaluru,Karnataka,2026-06-18 20:52:45.000
4055,Kathleen Thomas,iwinters@example.com,Kochi,Maharashtra,2025-09-01 13:38:48.000
4056,Misty Clark,figueroajonathan@example.org,Coimbatore,Karnataka,2025-05-20 15:50:05.000
4057,Teresa Dudley,leahwilliams@example.net,Pune,Tamil Nadu,2025-05-19 18:46:55.000
4058,Daniel Murphy,murillonancy@example.org,Chennai,Tamil Nadu,2025-09-24 06:26:59.000
4059,Tina Mccormick,rpeterson@example.net,Delhi,Maharashtra,2026-04-22 21:52:57.000
4060,Jordan Santos,garrettedward@example.com,Chennai,Karnataka,2026-02-10 06:05:52.000
4061,Steven Russo,smithheather@example.net,Pune,Tamil Nadu,2025-05-30 18:53:46.000
4062,Brianna Simmons,leeleah@example.com,Chennai,Delhi,2025-01-18 21:27:45.000
4063,Troy Nelson MD,tyler55@example.com,Hyderabad,Karnataka,2025-10-11 10:03:16.000
4064,Olivia Clark,craigmoran@example.net,Bengaluru,Karnataka,2025-01-23 21:52:31.000
4065,Andrew Turner,moorejade@example.net,Delhi,Karnataka,2025-06-20 16:38:38.000
4066,Michelle Noble,lisasanchez@example.net,Bengaluru,Kerala,2026-06-22 04:23:25.000
4067,Lydia Thomas,andreajuarez@example.net,Hyderabad,Telangana,2025-08-01 13:30:46.000
4068,Vickie Castaneda,kimberly10@example.org,Coimbatore,Karnataka,2025-03-13 10:26:31.000
4069,Travis Gibbs,charles05@example.com,Delhi,Kerala,2026-03-05 08:39:04.000
4070,Jason Dominguez,andrew18@example.com,Pune,Maharashtra,2026-08-02 19:25:53.000
4071,Christopher Mccoy,wreed@example.org,Coimbatore,Maharashtra,2026-02-03 04:36:38.000
4072,Rose Henry,wilsonwendy@example.org,Kochi,Karnataka,2025-07-14 06:04:27.000
4073,Michelle Sanders,pnguyen@example.com,Hyderabad,Karnataka,2026-06-18 15:40:45.000
4074,Samantha Sanchez,heather68@example.net,Pune,Maharashtra,2025-03-21 22:05:39.000
4075,Gina Strickland,gardnerstephanie@example.net,Pune,Karnataka,2025-06-09 20:58:58.000
4076,Savannah Lopez,megantownsend@example.net,Coimbatore,Maharashtra,2025-12-13 12:58:58.000
4077,Blake Cooper,lporter@example.net,Kochi,Delhi,2026-08-04 06:34:01.000
4078,Shelley Barton,jessica88@example.net,Pune,Telangana,2026-04-29 19:54:07.000
4079,Jeremy Hamilton,mwatson@example.com,Bengaluru,Delhi,2025-10-25 12:29:31.000
4080,Paul Clark,morganmoran@example.net,Kochi,Karnataka,2026-03-17 12:17:37.000
4081,John Carr,faulknermelanie@example.org,Delhi,Telangana,2026-05-07 10:21:15.000
4082,Veronica Martinez,brittanytownsend@example.org,Bengaluru,Maharashtra,2025-05-10 21:44:53.000
4083,Carrie Jones,raymondrodriguez@example.net,Chennai,Delhi,2025-07-16 13:26:54.000
4084,Holly Edwards,jessicamarshall@example.com,Kochi,Telangana,2026-04-15 01:10:41.000
4085,Alexander Wong,edwardescobar@example.org,Delhi,Maharashtra,2025-01-24 06:07:16.000
4086,Charles Brown,hayestraci@example.com,Bengaluru,Karnataka,2025-09-08 15:12:46.000
4087,Sean Barajas,davischristine@example.net,Kochi,Karnataka,2025-10-05 20:50:28.000
4088,Donna Acevedo,davidalexander@example.org,Mumbai,Tamil Nadu,2025-06-17 03:19:24.000
4089,Joshua Baker PhD,travisholmes@example.com,Delhi,Telangana,2025-04-23 15:44:07.000
4090,Rebecca Wilson,cameronsusan@example.org,Delhi,Tamil Nadu,2025-01-08 11:34:19.000
4091,Cameron Coleman,samantha39@example.com,Delhi,Kerala,2025-01-09 11:12:35.000
4092,Mrs. Jill Allen,brian43@example.com,Delhi,Karnataka,2025-12-28 11:14:56.000
4093,Daniel Ware,clandry@example.org,Delhi,Karnataka,2026-03-13 05:44:21.000
4094,Mark Marquez,joshua20@example.org,Bengaluru,Maharashtra,2025-08-09 06:57:10.000
4095,Sean Campbell,caseysarah@example.org,Mumbai,Delhi,2025-06-18 21:48:43.000
4096,Carrie Martin,anitamorris@example.com,Bengaluru,Delhi,2025-08-04 23:11:56.000
4097,Tracie Hill,jennifer32@example.org,Bengaluru,Delhi,2026-05-17 23:20:53.000
4098,Matthew May,richard20@example.org,Kochi,Kerala,2026-08-11 08:36:43.000
4099,Kelly Johnson,browndalton@example.org,Kochi,Telangana,2025-09-06 15:29:44.000
4100,Samantha Cobb,vdavis@example.org,Mumbai,Karnataka,2025-02-08 13:43:28.000
4101,April Fields MD,matthew08@example.org,Coimbatore,Maharashtra,2025-02-06 08:15:47.000
4102,Monica Roth,johnwong@example.org,Pune,Maharashtra,2025-04-03 15:08:57.000
4103,John Perkins,michelle33@example.org,Bengaluru,Maharashtra,2025-05-13 22:16:32.000
4104,Shawn Hancock,riveraamanda@example.net,Delhi,Delhi,2025-10-25 08:58:53.000
4105,David Hart,joyce74@example.org,Mumbai,Delhi,2025-01-17 12:28:38.000
4106,Angela Daniel,dunnrichard@example.net,Pune,Tamil Nadu,2026-05-15 22:48:54.000
4107,Brian Delacruz,qestrada@example.net,Chennai,Maharashtra,2025-08-09 20:57:47.000
4108,Ryan Flores,yescobar@example.com,Hyderabad,Maharashtra,2025-01-29 17:52:57.000
4109,Richard Butler,kristinamartinez@example.org,Chennai,Telangana,2026-05-16 19:29:22.000
4110,George Lee,michael65@example.net,Chennai,Tamil Nadu,2025-12-31 23:26:49.000
4111,Christopher Johnston,cuevasalbert@example.org,Bengaluru,Maharashtra,2026-07-16 18:25:32.000
4112,Christopher Brown,psmith@example.com,Pune,Telangana,2025-09-04 08:50:37.000
4113,Mary Gibson,scott59@example.net,Delhi,Maharashtra,2025-03-03 22:58:06.000
4114,Cody Jones,jenkinsjohn@example.com,Delhi,Maharashtra,2026-04-21 14:29:03.000
4115,Abigail Craig,fstewart@example.com,Chennai,Maharashtra,2025-08-20 19:23:45.000
4116,Ashley Bass,martinmark@example.com,Coimbatore,Maharashtra,2026-05-13 22:55:00.000
4117,Shawn Foster,thompsontina@example.com,Bengaluru,Telangana,2026-04-25 23:55:34.000
4118,Tyler Hendricks,dmitchell@example.com,Bengaluru,Tamil Nadu,2025-06-23 23:55:49.000
4119,Rebecca Kline,carolynramirez@example.com,Chennai,Tamil Nadu,2025-04-18 18:11:49.000
4120,Kayla Jacobs,mariaroberts@example.com,Bengaluru,Telangana,2026-06-19 01:46:21.000
4121,Bradley Martinez,john04@example.com,Kochi,Karnataka,2025-05-13 04:35:55.000
4122,Ray Simmons,boylesonya@example.com,Bengaluru,Karnataka,2026-07-17 10:20:59.000
4123,Jay Barber,cynthiasmith@example.com,Delhi,Delhi,2025-01-04 20:06:48.000
4124,Mark Dougherty,carolinesanders@example.org,Chennai,Telangana,2025-02-03 10:59:53.000
4125,John Gentry,sheltonjoseph@example.com,Bengaluru,Tamil Nadu,2025-08-25 08:22:42.000
4126,James Wiggins,jesselara@example.org,Bengaluru,Telangana,2025-09-13 19:08:13.000
4127,Elizabeth Lee,laura02@example.com,Kochi,Telangana,2026-06-27 16:03:23.000
4128,David Ibarra,carterjonathan@example.net,Hyderabad,Karnataka,2026-03-30 04:21:21.000
4129,Courtney Simpson,kimberlyroman@example.net,Coimbatore,Tamil Nadu,2025-04-09 02:11:31.000
4130,Raymond Castillo,ostevens@example.org,Delhi,Karnataka,2026-08-08 21:35:11.000
4131,Adam Ford,bethbutler@example.net,Kochi,Kerala,2025-12-14 00:34:40.000
4132,Felicia Miller,kimberly90@example.com,Bengaluru,Delhi,2026-02-14 18:58:13.000
4133,Anthony Roberts,dianereed@example.com,Mumbai,Delhi,2026-01-07 05:12:05.000
4134,Pamela Paul,cynthiaduran@example.net,Coimbatore,Telangana,2025-09-08 00:51:45.000
4135,Lisa Hernandez,samuel15@example.net,Coimbatore,Karnataka,2025-03-13 07:15:51.000
4136,Robert Curry,turnerbeth@example.net,Pune,Telangana,2026-07-07 13:06:36.000
4137,Ashley Smith,jimmy47@example.net,Bengaluru,Telangana,2026-03-10 19:28:42.000
4138,Tyler Chavez DVM,gonzalezdevin@example.com,Mumbai,Kerala,2026-05-18 15:27:25.000
4139,Alan Richardson,brownerika@example.net,Mumbai,Kerala,2025-03-02 14:20:14.000
4140,James Coleman,youngkristi@example.com,Bengaluru,Maharashtra,2025-02-16 19:27:25.000
4141,John Forbes,walkerbrent@example.org,Mumbai,Tamil Nadu,2026-06-05 19:00:23.000
4142,Christopher Wright,lutzryan@example.org,Mumbai,Maharashtra,2025-10-27 02:02:34.000
4143,Christopher Salas,jenniferrodriguez@example.net,Mumbai,Maharashtra,2025-03-23 04:40:06.000
4144,Anita Medina,robinortiz@example.com,Delhi,Karnataka,2026-04-04 16:08:54.000
4145,Jonathan Yu,barbara79@example.net,Delhi,Telangana,2026-07-05 07:37:39.000
4146,Crystal Schmidt,phillipparker@example.org,Coimbatore,Kerala,2025-04-30 14:44:52.000
4147,Juan Anderson,sandrasullivan@example.org,Bengaluru,Karnataka,2025-06-19 22:26:41.000
4148,Kimberly Clark,johnmartin@example.net,Delhi,Maharashtra,2025-12-18 09:56:30.000
4149,Tiffany Tucker,martinmejia@example.net,Mumbai,Maharashtra,2025-05-26 23:42:24.000
4150,Pamela Pratt,stewartstephanie@example.com,Bengaluru,Telangana,2025-11-25 15:02:36.000
4151,Spencer Randolph,jimenezkristen@example.org,Hyderabad,Kerala,2025-08-27 13:37:51.000
4152,Kayla Oneill,schroederheather@example.net,Bengaluru,Karnataka,2025-12-25 00:48:27.000
4153,Theresa Mitchell,boydbryan@example.org,Bengaluru,Kerala,2025-03-27 14:15:41.000
4154,Michael Vincent,james27@example.org,Mumbai,Tamil Nadu,2025-12-24 22:48:26.000
4155,Christopher Mcneil,mbradford@example.com,Hyderabad,Telangana,2025-01-23 04:53:10.000
4156,Christopher Miller,ihowe@example.com,Coimbatore,Kerala,2026-02-17 08:25:16.000
4157,Nicholas Marshall,isalazar@example.net,Coimbatore,Telangana,2025-07-26 06:44:46.000
4158,Antonio Owens,cochrandana@example.net,Bengaluru,Delhi,2025-03-07 07:07:05.000
4159,Sean Mooney,zstark@example.com,Delhi,Maharashtra,2025-06-14 17:11:50.000
4160,Paul Mcclure,amanda91@example.org,Hyderabad,Maharashtra,2026-01-26 01:30:26.000
4161,Wayne Lewis,thomas90@example.net,Kochi,Delhi,2025-09-17 05:21:19.000
4162,Dorothy Weber,lauren10@example.org,Chennai,Maharashtra,2025-07-31 17:25:29.000
4163,Stacy Jones,roberto79@example.org,Delhi,Tamil Nadu,2025-02-08 03:55:53.000
4164,Tiffany Reynolds,jonathan58@example.net,Kochi,Kerala,2025-11-25 05:37:05.000
4165,Mrs. Alexis Price DDS,mortonpriscilla@example.org,Mumbai,Telangana,2025-05-28 03:35:49.000
4166,Joshua Graham,tyler67@example.org,Kochi,Karnataka,2026-04-07 09:52:44.000
4167,Ian Hopkins,ejones@example.net,Pune,Delhi,2026-04-17 19:39:14.000
4168,Jason Wells,frankchung@example.net,Coimbatore,Delhi,2025-12-03 18:14:37.000
4169,Daisy Frey,jimdavidson@example.com,Bengaluru,Kerala,2025-02-08 17:40:16.000
4170,Gregory Fischer,tmiller@example.org,Mumbai,Tamil Nadu,2025-06-20 13:15:48.000
4171,Andrew Brown,edwardgordon@example.org,Bengaluru,Tamil Nadu,2025-01-28 17:16:18.000
4172,Jamie Brown,vowen@example.org,Pune,Karnataka,2025-02-21 03:29:03.000
4173,Brandi Sanchez,arthur66@example.com,Bengaluru,Telangana,2025-06-25 21:36:49.000
4174,Christine Rhodes,esimmons@example.net,Kochi,Maharashtra,2025-11-02 03:54:54.000
4175,Dillon Allen,mfisher@example.org,Bengaluru,Karnataka,2026-07-25 01:20:30.000
4176,Natalie Scott,amy20@example.net,Pune,Maharashtra,2025-06-09 18:37:34.000
4177,Mary Sosa,fweaver@example.org,Hyderabad,Karnataka,2025-09-28 00:21:03.000
4178,Timothy Shepard,tammyrandall@example.org,Pune,Kerala,2026-04-09 04:05:14.000
4179,Yesenia Dougherty,johnward@example.org,Pune,Kerala,2025-01-03 09:54:58.000
4180,Brandi Martinez,anthony50@example.com,Bengaluru,Karnataka,2026-01-26 21:04:34.000
4181,Jennifer Perez,wbaker@example.com,Coimbatore,Kerala,2025-08-26 03:39:19.000
4182,Michelle Carpenter,maria30@example.net,Mumbai,Karnataka,2025-09-02 18:07:21.000
4183,Mary Garza,edward01@example.com,Bengaluru,Karnataka,2025-05-26 12:21:10.000
4184,Monica Harris,james44@example.net,Delhi,Maharashtra,2025-04-21 03:58:15.000
4185,Anthony Donovan,daniel55@example.org,Chennai,Kerala,2026-01-04 15:11:53.000
4186,Kristin Gonzalez,cynthiaturner@example.com,Kochi,Telangana,2025-01-17 04:14:26.000
4187,Vincent Davis,dbrown@example.net,Hyderabad,Telangana,2025-03-01 18:57:23.000
4188,Angela Roth,chavezcaitlin@example.org,Hyderabad,Kerala,2026-08-14 12:17:15.000
4189,Michael Walker,bradleywaters@example.org,Chennai,Delhi,2025-10-01 12:25:59.000
4190,Dustin Pruitt,evansadam@example.net,Coimbatore,Delhi,2025-01-01 18:45:43.000
4191,Matthew Klein,simmonsnicole@example.org,Coimbatore,Karnataka,2026-01-03 01:18:38.000
4192,Jacob Williams,jennifervelez@example.org,Bengaluru,Tamil Nadu,2025-01-14 12:11:18.000
4193,Gary Hernandez,youngmatthew@example.net,Pune,Karnataka,2026-02-12 23:43:38.000
4194,Tracy Johnston,npatterson@example.net,Hyderabad,Karnataka,2026-08-26 03:49:46.000
4195,Dr. Ellen Day MD,sandersryan@example.com,Bengaluru,Tamil Nadu,2025-08-25 14:11:52.000
4196,Michael Baker,ballkevin@example.org,Delhi,Maharashtra,2026-01-17 02:35:59.000
4197,James Pierce,joanjones@example.net,Delhi,Delhi,2025-07-19 21:09:22.000
4198,Katherine Gregory,michaelwolf@example.com,Coimbatore,Telangana,2025-10-10 22:50:43.000
4199,Kevin Davidson,taylorallison@example.net,Coimbatore,Tamil Nadu,2025-10-01 21:25:55.000
4200,Beverly Hernandez,anne94@example.net,Pune,Kerala,2025-09-17 05:20:36.000
4201,Michael Parks,christina37@example.net,Coimbatore,Tamil Nadu,2025-07-29 15:59:55.000
4202,Elizabeth Schaefer,bwilson@example.net,Chennai,Karnataka,2025-11-15 16:53:58.000
4203,Kim Fuller,andre68@example.net,Mumbai,Kerala,2025-04-21 00:13:58.000
4204,Michelle Smith,jeffreycooley@example.com,Delhi,Maharashtra,2025-01-25 00:06:17.000
4205,Laura Evans,bryanheather@example.com,Mumbai,Delhi,2026-07-30 13:28:22.000
4206,Amanda Short,novakjason@example.com,Kochi,Telangana,2025-06-10 05:51:03.000
4207,Kenneth Lopez PhD,lsmith@example.org,Bengaluru,Karnataka,2025-10-21 10:17:49.000
4208,David Austin,cooperbrittany@example.org,Bengaluru,Telangana,2026-05-02 22:06:30.000
4209,Martha Quinn,anna27@example.net,Coimbatore,Delhi,2025-05-16 21:20:46.000
4210,Jeremy Thomas,swilcox@example.org,Pune,Kerala,2025-09-28 22:56:35.000
4211,Gabriel Reeves,fostersherry@example.com,Delhi,Maharashtra,2026-04-03 14:30:42.000
4212,Jennifer Lopez,wallacejamie@example.net,Kochi,Telangana,2025-08-29 06:12:15.000
4213,Brooke Whitaker,reedvictoria@example.org,Mumbai,Tamil Nadu,2026-03-27 02:58:36.000
4214,Shannon Reynolds,ylucero@example.org,Delhi,Delhi,2025-04-06 12:09:50.000
4215,Christina Evans,vclark@example.com,Kochi,Maharashtra,2026-03-17 03:21:11.000
4216,Stephanie Kerr,murphyelizabeth@example.com,Delhi,Telangana,2025-03-27 14:06:04.000
4217,Rachel Hanson,harrisamanda@example.net,Chennai,Maharashtra,2026-06-17 11:08:38.000
4218,Shawn Simon MD,sandyjohnson@example.org,Hyderabad,Maharashtra,2026-06-13 21:19:33.000
4219,Hannah Bolton,fmoore@example.net,Hyderabad,Delhi,2025-08-14 01:55:25.000
4220,Brian Lindsey,riveracynthia@example.com,Hyderabad,Telangana,2026-01-14 03:04:19.000
4221,Monica Obrien,fisherjulia@example.org,Pune,Tamil Nadu,2025-08-17 22:06:16.000
4222,David Miller,michaelpatterson@example.org,Chennai,Maharashtra,2025-02-01 19:25:15.000
4223,Debra Hill,deborah74@example.com,Mumbai,Telangana,2026-04-06 15:39:22.000
4224,Jessica Simmons,davidlindsey@example.net,Bengaluru,Tamil Nadu,2026-01-15 07:48:37.000
4225,Brittany Sharp,richard33@example.net,Pune,Tamil Nadu,2025-12-01 05:47:56.000
4226,Randy Williamson,usilva@example.org,Delhi,Kerala,2025-01-01 11:57:44.000
4227,Alan Howard,gordonjonathan@example.org,Chennai,Telangana,2025-04-17 23:15:51.000
4228,Alicia Brown,marygeorge@example.com,Delhi,Telangana,2026-01-25 21:49:55.000
4229,Joshua Owens,stevecole@example.com,Hyderabad,Tamil Nadu,2026-07-08 22:57:27.000
4230,Kristen Hunt,qburke@example.net,Pune,Karnataka,2026-07-24 09:06:03.000
4231,Anna Harris,hcolon@example.net,Mumbai,Maharashtra,2026-03-31 13:22:53.000
4232,Michael Lambert,dennis23@example.com,Bengaluru,Telangana,2025-06-19 23:48:16.000
4233,Roberto Allen,gibsonaudrey@example.org,Chennai,Maharashtra,2025-10-03 10:49:26.000
4234,Amy Humphrey,jameshensley@example.com,Mumbai,Kerala,2026-05-10 19:22:22.000
4235,Jack Marsh,tracygardner@example.com,Kochi,Maharashtra,2025-11-07 00:01:00.000
4236,Tina Price,thomasalexander@example.org,Bengaluru,Telangana,2025-08-23 14:06:37.000
4237,Warren Price,bdiaz@example.org,Pune,Karnataka,2026-03-14 23:59:59.000
4238,Sarah Roberts,deborahhicks@example.org,Kochi,Kerala,2025-09-08 11:27:39.000
4239,William Smith,brownthomas@example.net,Hyderabad,Kerala,2026-08-20 06:13:34.000
4240,Dennis Haas,debrarosales@example.com,Mumbai,Telangana,2025-04-16 09:27:32.000
4241,Todd Wilson,xvance@example.net,Kochi,Delhi,2025-06-04 23:22:53.000
4242,Stephen Chang,jennifergordon@example.com,Pune,Telangana,2025-03-08 11:39:39.000
4243,Jesse Adams,gonzalezkevin@example.net,Pune,Delhi,2026-05-04 00:42:42.000
4244,David Proctor,jacobrodriguez@example.com,Coimbatore,Delhi,2025-05-23 10:18:18.000
4245,Mark Duke,lisa09@example.com,Kochi,Maharashtra,2025-03-16 14:21:29.000
4246,Robert Benton,joe98@example.org,Hyderabad,Delhi,2025-12-10 05:38:16.000
4247,Donna Ford,kidddouglas@example.net,Delhi,Delhi,2026-06-17 04:22:09.000
4248,Jennifer Taylor,usandoval@example.org,Delhi,Maharashtra,2025-10-03 02:39:06.000
4249,Timothy Harper,gstone@example.com,Kochi,Maharashtra,2025-11-23 14:47:37.000
4250,Tracy Vincent,patricia80@example.org,Kochi,Maharashtra,2025-01-22 11:51:39.000
4251,Nicole Krause,mwhite@example.net,Chennai,Maharashtra,2025-03-10 16:26:08.000
4252,Dr. Timothy Brewer,maryflores@example.com,Hyderabad,Delhi,2025-08-23 20:57:28.000
4253,Cynthia Krueger,fdavis@example.com,Mumbai,Delhi,2026-02-02 20:13:36.000
4254,Richard Robertson Jr.,davidfarmer@example.org,Delhi,Karnataka,2026-04-28 06:13:25.000
4255,David Cervantes,tristanking@example.com,Pune,Tamil Nadu,2026-08-10 16:28:05.000
4256,Jessica Malone,loganhill@example.net,Kochi,Karnataka,2025-11-09 23:23:08.000
4257,Timothy Wood,connorsanchez@example.org,Chennai,Maharashtra,2026-08-16 15:16:02.000
4258,Yvonne Robinson DDS,josecox@example.org,Coimbatore,Tamil Nadu,2025-03-07 18:09:35.000
4259,Robert Oneill,craig88@example.net,Chennai,Telangana,2026-05-20 18:38:24.000
4260,Kimberly Thompson,hstafford@example.org,Bengaluru,Telangana,2026-04-07 15:17:41.000
4261,Thomas Colon,vvazquez@example.net,Bengaluru,Telangana,2026-03-16 04:37:44.000
4262,Kenneth Robinson,dluna@example.org,Coimbatore,Kerala,2025-09-15 08:01:16.000
4263,Rebecca Torres DDS,tranashley@example.net,Chennai,Tamil Nadu,2026-07-30 03:24:57.000
4264,Gerald Powell,kathydavis@example.com,Chennai,Kerala,2025-06-09 06:40:42.000
4265,Nancy Johnson,joseph19@example.net,Hyderabad,Delhi,2026-07-30 02:30:21.000
4266,Vanessa Palmer,rpowers@example.net,Coimbatore,Karnataka,2025-06-23 15:09:15.000
4267,Leah Snyder,tim11@example.org,Hyderabad,Telangana,2026-05-03 23:13:56.000
4268,Nicole Perez,ljimenez@example.com,Pune,Kerala,2025-01-06 00:15:05.000
4269,Joshua Massey,contrerasdavid@example.net,Coimbatore,Delhi,2026-06-19 05:02:58.000
4270,Catherine Moore,wthompson@example.org,Mumbai,Tamil Nadu,2025-02-22 03:37:07.000
4271,Steven Bradley,qbaker@example.org,Chennai,Karnataka,2026-04-14 23:28:25.000
4272,Danny Saunders,davisrhonda@example.com,Bengaluru,Delhi,2025-03-17 05:40:08.000
4273,Tim Silva,cathy47@example.org,Mumbai,Karnataka,2025-03-22 11:22:29.000
4274,Kylie Mcbride,lewisheather@example.org,Coimbatore,Tamil Nadu,2026-01-28 20:52:45.000
4275,Michael Martinez,william05@example.com,Coimbatore,Maharashtra,2025-02-13 05:27:00.000
4276,Christopher Ward,brownryan@example.com,Bengaluru,Telangana,2025-11-11 05:29:43.000
4277,Daniel Zuniga,heathersullivan@example.com,Coimbatore,Karnataka,2025-07-02 11:22:21.000
4278,William Brown,gsantiago@example.net,Pune,Delhi,2026-06-14 04:44:01.000
4279,Sean Chapman,chayes@example.net,Coimbatore,Kerala,2026-04-25 08:40:07.000
4280,Tom Walker,johnsondeborah@example.com,Bengaluru,Maharashtra,2025-04-24 14:13:47.000
4281,Gregory Barnes,james22@example.com,Chennai,Karnataka,2025-04-21 01:13:18.000
4282,Brandon Johnson,smithtiffany@example.com,Mumbai,Karnataka,2026-02-02 07:19:50.000
4283,Kimberly Rosales,scott61@example.com,Mumbai,Maharashtra,2026-01-09 04:32:38.000
4284,Gerald Frederick,taylormark@example.net,Pune,Telangana,2026-06-03 11:45:51.000
4285,Mrs. Michelle Rodriguez,christianluna@example.net,Bengaluru,Delhi,2026-01-18 21:31:03.000
4286,Jamie Miller,deborah84@example.net,Delhi,Kerala,2025-08-02 17:45:07.000
4287,Pamela Lewis,marcbooker@example.org,Kochi,Maharashtra,2026-06-26 21:11:20.000
4288,Robert Rodriguez,adamsbobby@example.net,Bengaluru,Maharashtra,2025-11-20 19:30:48.000
4289,Jacob Bowman,sean34@example.com,Kochi,Karnataka,2025-01-22 17:24:39.000
4290,Devon Burton,samueljohnson@example.org,Pune,Maharashtra,2025-04-04 07:19:12.000
4291,Douglas Villarreal,gsnyder@example.com,Kochi,Tamil Nadu,2026-03-27 22:00:50.000
4292,Katherine Caldwell,deborahthomas@example.net,Pune,Tamil Nadu,2026-05-17 01:42:11.000
4293,Aaron Jones,fneal@example.com,Coimbatore,Tamil Nadu,2025-10-03 12:35:17.000
4294,Daniel Rosario,mary82@example.net,Hyderabad,Maharashtra,2026-07-16 14:54:48.000
4295,Nicole Christian,kylecollins@example.net,Coimbatore,Telangana,2025-01-08 02:00:36.000
4296,Karen Gilbert,kcox@example.com,Hyderabad,Telangana,2026-01-24 20:34:32.000
4297,Allison Parker,masonphilip@example.org,Mumbai,Telangana,2026-07-03 12:58:51.000
4298,Mr. Daniel Hood,kimsteven@example.net,Kochi,Delhi,2025-02-18 18:02:19.000
4299,Jessica Anderson,rebeccatucker@example.net,Hyderabad,Kerala,2025-04-28 14:21:04.000
4300,James Rivera,lindamarquez@example.net,Delhi,Kerala,2026-07-13 15:01:46.000
4301,Christopher Mccormick,ylyons@example.org,Delhi,Maharashtra,2026-07-10 11:57:53.000
4302,Elizabeth Kelly,csantana@example.com,Hyderabad,Telangana,2026-08-16 08:02:08.000
4303,James West,joshuahart@example.org,Pune,Maharashtra,2025-02-22 23:31:42.000
4304,Elizabeth Trujillo,tcook@example.net,Coimbatore,Maharashtra,2026-01-02 10:06:01.000
4305,Paige Hunt,william78@example.net,Hyderabad,Delhi,2026-07-05 07:24:02.000
4306,Kristie Johnson,andersonsarah@example.net,Pune,Karnataka,2026-06-26 23:21:05.000
4307,Ana Gonzalez,moniquepotter@example.org,Delhi,Delhi,2026-03-28 01:29:36.000
4308,Susan Terry,brookestone@example.org,Delhi,Delhi,2026-04-25 14:34:07.000
4309,Lindsey Kemp,robert73@example.net,Kochi,Tamil Nadu,2025-02-04 21:32:23.000
4310,Erin Houston,thomas59@example.com,Chennai,Kerala,2025-05-04 15:19:27.000
4311,Tina Tucker,carla58@example.com,Mumbai,Tamil Nadu,2026-06-01 17:21:48.000
4312,Jason Gonzalez,hschneider@example.org,Bengaluru,Maharashtra,2026-06-12 15:29:06.000
4313,Robert Austin,pricematthew@example.com,Coimbatore,Telangana,2026-08-14 05:44:08.000
4314,Edward Alexander,toddmariah@example.net,Mumbai,Kerala,2025-07-03 18:51:50.000
4315,James Griffith,paulayoung@example.net,Bengaluru,Karnataka,2026-07-20 13:56:42.000
4316,Hector Harris,sylviagraves@example.org,Kochi,Maharashtra,2025-02-19 23:56:31.000
4317,Mrs. Lisa Harmon,kelleychristine@example.org,Chennai,Delhi,2025-07-14 13:21:26.000
4318,Theresa Lester,jim84@example.net,Bengaluru,Tamil Nadu,2026-08-06 11:48:02.000
4319,Shawn Oneill,sydneysmith@example.com,Bengaluru,Maharashtra,2026-08-16 21:54:42.000
4320,Thomas Morris,kjones@example.org,Delhi,Delhi,2026-05-06 08:10:26.000
4321,Leslie Williams,shelly72@example.org,Chennai,Karnataka,2025-09-07 10:50:30.000
4322,Natalie Landry,michaeldyer@example.com,Bengaluru,Kerala,2025-12-16 03:28:00.000
4323,David Sanders,johnmartinez@example.net,Kochi,Karnataka,2026-05-11 01:55:06.000
4324,Tracey Matthews,kathryn35@example.net,Mumbai,Karnataka,2025-07-16 02:50:48.000
4325,Kevin Rodriguez,myersmariah@example.org,Coimbatore,Maharashtra,2026-06-12 06:39:46.000
4326,Rachael Carpenter,roachedward@example.net,Pune,Karnataka,2025-06-06 06:30:16.000
4327,David Jensen,karen66@example.org,Hyderabad,Maharashtra,2026-02-15 12:30:10.000
4328,Tim Fletcher,joelrosales@example.com,Mumbai,Tamil Nadu,2026-03-29 03:16:43.000
4329,Lindsey Dixon,joshua40@example.net,Chennai,Kerala,2026-06-04 08:41:35.000
4330,April Watson,lauralawrence@example.org,Bengaluru,Karnataka,2025-01-26 19:37:24.000
4331,Diana Hensley,summersrobert@example.org,Hyderabad,Tamil Nadu,2025-10-07 06:42:10.000
4332,Rachael Patel,nancyarcher@example.net,Kochi,Delhi,2026-03-01 13:00:19.000
4333,Larry Price,michaelclark@example.net,Bengaluru,Telangana,2025-05-24 22:19:24.000
4334,Kelsey Stephens,susan15@example.net,Coimbatore,Karnataka,2025-06-11 03:36:36.000
4335,Nancy Morgan,wilsonjames@example.com,Coimbatore,Delhi,2025-10-01 11:43:57.000
4336,Tyler Adams,wernerjohn@example.net,Delhi,Delhi,2026-03-10 22:52:21.000
4337,Stacey Frey,navarrotina@example.net,Hyderabad,Tamil Nadu,2025-12-07 21:16:48.000
4338,Gregory Mosley,maryclay@example.com,Kochi,Kerala,2025-10-20 03:21:06.000
4339,Mary Allen,john83@example.org,Bengaluru,Delhi,2025-03-02 16:42:22.000
4340,Jennifer Washington,cynthiagutierrez@example.net,Hyderabad,Delhi,2025-08-20 15:21:14.000
4341,Tamara Ferguson,jtaylor@example.net,Bengaluru,Tamil Nadu,2026-01-23 08:40:12.000
4342,Keith Parrish,morganstephen@example.org,Mumbai,Tamil Nadu,2026-04-13 04:34:42.000
4343,Tiffany Rivera,marilynjackson@example.com,Delhi,Tamil Nadu,2025-06-24 00:03:29.000
4344,Lisa Johnson,icastro@example.net,Pune,Telangana,2025-10-31 06:04:32.000
4345,Stephanie Brown,anitamcguire@example.org,Delhi,Tamil Nadu,2025-05-03 14:46:47.000
4346,Dr. Trevor Curtis,hollowaynicole@example.org,Pune,Tamil Nadu,2026-02-20 02:22:54.000
4347,Robert Serrano,tgood@example.net,Mumbai,Delhi,2026-04-20 18:28:35.000
4348,Maria Barber,ysantana@example.com,Pune,Maharashtra,2026-04-26 12:22:37.000
4349,Terry Smith,camposdavid@example.com,Chennai,Delhi,2026-06-26 18:40:34.000
4350,Jessica Torres,steinandrew@example.org,Bengaluru,Delhi,2026-01-01 19:40:45.000
4351,Donald Davies,cantujeffrey@example.org,Pune,Kerala,2025-01-24 06:49:51.000
4352,Dakota Campbell,michael15@example.org,Chennai,Telangana,2025-11-24 07:34:17.000
4353,Robert Bean,troygillespie@example.net,Pune,Karnataka,2025-09-17 20:18:02.000
4354,Joshua Watson,adavidson@example.org,Chennai,Karnataka,2025-06-08 15:11:05.000
4355,Victoria Garcia,astevens@example.org,Delhi,Kerala,2025-02-18 09:53:15.000
4356,Bethany Simmons,romerojessica@example.net,Mumbai,Maharashtra,2025-02-26 15:10:34.000
4357,Sandra Green,traceymcdowell@example.org,Chennai,Telangana,2025-02-24 23:07:10.000
4358,Brandy Flynn,maryhenderson@example.net,Kochi,Delhi,2026-07-29 05:21:11.000
4359,Robert Tanner,william57@example.net,Bengaluru,Delhi,2026-01-07 20:56:50.000
4360,Roy Dennis,mcook@example.com,Hyderabad,Telangana,2026-07-16 19:50:39.000
4361,Jennifer Farmer,arielmoore@example.net,Chennai,Tamil Nadu,2025-01-28 15:38:01.000
4362,David Riley,christopher15@example.org,Coimbatore,Delhi,2025-06-24 22:52:18.000
4363,Philip Cook,grahamjohn@example.net,Delhi,Maharashtra,2026-01-06 22:58:16.000
4364,Jason Greene Jr.,joelbranch@example.com,Pune,Karnataka,2025-01-17 15:43:52.000
4365,Allison Ellis,johnsonnicole@example.com,Chennai,Tamil Nadu,2026-08-24 21:11:45.000
4366,Cody Patterson Jr.,lrichmond@example.net,Mumbai,Delhi,2026-04-18 08:31:50.000
4367,Tina Brady,oneilllisa@example.com,Kochi,Kerala,2026-06-15 23:08:08.000
4368,Kelly Carpenter,danielle09@example.net,Chennai,Delhi,2026-01-10 12:21:45.000
4369,Richard Morales,howardjennifer@example.net,Chennai,Maharashtra,2026-08-18 17:20:16.000
4370,John Smith,tbrown@example.com,Kochi,Kerala,2025-04-08 06:35:39.000
4371,Jennifer Kelley,hardymichael@example.net,Kochi,Kerala,2025-11-28 12:45:16.000
4372,Chelsea Marsh,sandra20@example.org,Hyderabad,Tamil Nadu,2025-12-07 04:01:58.000
4373,Miranda Riley,douglas96@example.org,Bengaluru,Delhi,2025-10-13 14:35:11.000
4374,Dr. Barbara Lee,megan37@example.net,Delhi,Karnataka,2025-09-24 12:19:31.000
4375,Timothy Cook,peterconway@example.com,Kochi,Tamil Nadu,2025-07-04 23:48:52.000
4376,Timothy Myers,fpetty@example.org,Mumbai,Tamil Nadu,2026-04-03 04:37:30.000
4377,Patrick Davis,deanwatts@example.com,Chennai,Karnataka,2025-11-17 20:05:55.000
4378,Ryan Mcdowell,james53@example.net,Chennai,Tamil Nadu,2026-07-14 02:32:42.000
4379,Tina Brady,rickey74@example.org,Mumbai,Tamil Nadu,2025-03-01 12:08:42.000
4380,Connie Thomas,jonathan48@example.net,Chennai,Karnataka,2025-12-07 15:16:27.000
4381,Christopher Castillo,warrenamber@example.com,Hyderabad,Telangana,2025-02-03 22:59:21.000
4382,Leslie Hernandez,martinjames@example.net,Delhi,Telangana,2026-04-13 21:50:54.000
4383,David Ball,hollandandrea@example.com,Mumbai,Telangana,2025-04-11 18:05:09.000
4384,Tiffany Sherman DDS,markherring@example.org,Kochi,Maharashtra,2026-05-26 18:13:56.000
4385,Frederick Gonzales,oparker@example.net,Bengaluru,Kerala,2025-03-01 15:43:38.000
4386,Dr. Scott Lopez,gallowaynathan@example.org,Bengaluru,Telangana,2026-02-27 06:17:58.000
4387,Thomas Hobbs,victoryoung@example.net,Mumbai,Maharashtra,2026-07-02 18:54:34.000
4388,Melvin Li,matthewfrazier@example.net,Delhi,Karnataka,2025-12-11 12:13:08.000
4389,Anthony James,dylanwhite@example.org,Pune,Telangana,2026-08-30 00:08:19.000
4390,Kevin Butler,qwilliams@example.net,Pune,Kerala,2025-07-09 16:19:33.000
4391,Danielle Mills,mark18@example.org,Pune,Telangana,2026-06-26 23:24:25.000
4392,David Levine,umartinez@example.com,Bengaluru,Tamil Nadu,2025-09-27 05:45:11.000
4393,Chris Beck,lori79@example.org,Kochi,Kerala,2026-04-29 00:31:48.000
4394,Eric Mann,marquezjeffrey@example.com,Coimbatore,Telangana,2025-03-02 22:20:27.000
4395,Natalie Steele,jonathan83@example.com,Mumbai,Karnataka,2026-02-09 16:02:59.000
4396,Christopher Sanchez,marshdarlene@example.org,Mumbai,Telangana,2026-07-31 06:10:47.000
4397,Isabella Leach,qdaniels@example.net,Mumbai,Tamil Nadu,2025-10-17 05:51:08.000
4398,David Buckley,elliskyle@example.com,Hyderabad,Tamil Nadu,2025-07-02 14:40:45.000
4399,Sharon Garcia,ghale@example.com,Coimbatore,Kerala,2026-08-17 13:34:15.000
4400,Travis Summers,davilamatthew@example.com,Coimbatore,Tamil Nadu,2025-01-17 12:52:04.000
4401,Amy Yang,cynthianelson@example.com,Coimbatore,Tamil Nadu,2025-07-29 22:43:50.000
4402,Eduardo Thompson,zsmith@example.net,Pune,Delhi,2025-10-26 09:34:19.000
4403,Melinda Stewart,linda88@example.com,Pune,Tamil Nadu,2025-02-16 09:15:44.000
4404,William Campbell,clee@example.org,Pune,Delhi,2025-10-26 05:05:26.000
4405,Angela Matthews,bryanvaughn@example.org,Coimbatore,Tamil Nadu,2025-10-25 03:57:38.000
4406,Jacqueline Jackson,michaelburns@example.org,Kochi,Maharashtra,2025-02-04 11:57:57.000
4407,Javier Hawkins,danielgross@example.com,Mumbai,Karnataka,2025-10-22 15:10:02.000
4408,Cole Miller,erikagolden@example.com,Hyderabad,Kerala,2025-12-01 20:00:22.000
4409,Dominique Carter,karenfrazier@example.org,Chennai,Kerala,2025-08-26 00:22:20.000
4410,Tiffany Carter,carpenterkimberly@example.com,Chennai,Delhi,2026-08-16 15:16:55.000
4411,Susan Harper,penny70@example.net,Delhi,Tamil Nadu,2026-04-18 19:43:22.000
4412,Jeffrey Baldwin,johncaldwell@example.org,Delhi,Telangana,2026-08-09 02:52:19.000
4413,Natalie Bright,debrajones@example.org,Mumbai,Tamil Nadu,2025-09-22 19:39:50.000
4414,Justin Kramer,david88@example.com,Kochi,Maharashtra,2026-08-31 20:57:27.000
4415,Peter Lee,irwindesiree@example.net,Chennai,Tamil Nadu,2026-03-06 18:09:02.000
4416,George James,yangjasmine@example.com,Kochi,Kerala,2026-06-11 14:16:04.000
4417,Carol Cruz,michelewilson@example.net,Pune,Delhi,2025-12-27 00:18:48.000
4418,Tyler Clark,rbaker@example.com,Kochi,Delhi,2026-07-13 15:14:10.000
4419,Dr. Thomas Wong,cmartin@example.net,Pune,Karnataka,2025-10-24 03:46:48.000
4420,Raymond Nelson,justinkline@example.net,Coimbatore,Kerala,2025-07-05 00:52:17.000
4421,Sean Valdez,thomaswillis@example.org,Hyderabad,Tamil Nadu,2025-08-07 00:37:46.000
4422,Kelly Young,christy56@example.net,Pune,Tamil Nadu,2025-07-14 03:04:53.000
4423,Christy Moore,royestes@example.com,Pune,Telangana,2026-03-20 13:45:06.000
4424,Joshua Bennett,kerrdesiree@example.net,Kochi,Tamil Nadu,2026-04-24 02:37:56.000
4425,Elizabeth Davis,laurahurley@example.net,Pune,Telangana,2025-07-28 17:48:49.000
4426,Melissa Webb,juliegarcia@example.org,Pune,Kerala,2026-08-23 06:59:38.000
4427,Tom Taylor,phyllis77@example.net,Chennai,Tamil Nadu,2025-08-27 08:56:25.000
4428,Emily Kennedy,lalvarez@example.org,Delhi,Telangana,2025-05-19 20:46:57.000
4429,Jason Compton,smithrussell@example.org,Coimbatore,Maharashtra,2025-01-14 09:52:27.000
4430,Sandra Marquez,petersonjasmine@example.net,Coimbatore,Tamil Nadu,2025-12-29 07:03:45.000
4431,Rose Barron,wrightbreanna@example.com,Chennai,Telangana,2026-01-08 23:43:27.000
4432,Alexandra Everett,courtneywebb@example.com,Mumbai,Maharashtra,2025-02-15 12:06:01.000
4433,Kimberly Smith,joshua26@example.com,Bengaluru,Telangana,2026-04-20 01:20:53.000
4434,Kenneth Smith,joannerivera@example.net,Delhi,Tamil Nadu,2025-12-09 02:23:15.000
4435,Richard Cobb,mberry@example.net,Hyderabad,Telangana,2026-08-18 22:50:34.000
4436,Lauren Hoffman,nlopez@example.org,Pune,Telangana,2026-01-20 10:08:38.000
4437,Robert Gomez,craig07@example.org,Hyderabad,Karnataka,2026-05-05 14:21:19.000
4438,Mary Brown,susanphelps@example.com,Hyderabad,Karnataka,2026-04-25 23:24:35.000
4439,Daniel Johnson,schultzbrian@example.com,Chennai,Karnataka,2025-03-30 21:26:18.000
4440,Kevin Moore,hunterhannah@example.org,Chennai,Karnataka,2026-06-16 14:54:43.000
4441,Ashley Young,arthur33@example.org,Coimbatore,Delhi,2025-09-04 11:32:33.000
4442,Steven Fisher,sullivanjesse@example.org,Chennai,Delhi,2026-07-12 04:31:00.000
4443,Stacey Rodriguez,amanda92@example.net,Mumbai,Tamil Nadu,2026-07-10 00:10:09.000
4444,Paul Atkinson,tammy56@example.net,Pune,Telangana,2025-01-13 12:27:52.000
4445,Jose Johnson,jeffreyacosta@example.net,Delhi,Delhi,2026-07-12 22:26:32.000
4446,Heather Trujillo,jonesmegan@example.org,Chennai,Delhi,2025-07-02 07:03:59.000
4447,Crystal Williams,kendraarmstrong@example.com,Delhi,Tamil Nadu,2025-03-02 04:18:57.000
4448,Marc Smith,randyjones@example.org,Coimbatore,Tamil Nadu,2026-02-01 22:23:33.000
4449,Kristen Robbins,livingstonjeremy@example.org,Bengaluru,Karnataka,2025-06-08 11:37:01.000
4450,Monique Davidson,martinezjennifer@example.org,Delhi,Delhi,2025-10-16 10:38:24.000
4451,Alice Perkins MD,jacksonjames@example.org,Kochi,Tamil Nadu,2026-05-14 13:38:29.000
4452,Carrie Kelley,brandon28@example.org,Kochi,Telangana,2025-04-22 03:11:41.000
4453,Nancy Hughes,martinezlindsey@example.net,Chennai,Telangana,2026-04-17 10:40:48.000
4454,Kimberly Gonzalez,lisa24@example.com,Delhi,Telangana,2025-11-14 00:14:07.000
4455,Joann Barnes,amy74@example.org,Delhi,Maharashtra,2025-08-17 09:43:56.000
4456,Daniel Atkinson,craigfitzgerald@example.com,Chennai,Karnataka,2025-10-14 01:38:43.000
4457,Brad Moore,lorirose@example.net,Chennai,Telangana,2025-04-27 13:22:54.000
4458,Meredith Young,russellmyers@example.org,Chennai,Tamil Nadu,2026-04-19 01:17:38.000
4459,Robert Evans,daviscarla@example.org,Mumbai,Telangana,2026-02-01 17:55:48.000
4460,Matthew Carter,mark82@example.com,Delhi,Karnataka,2025-10-22 06:05:01.000
4461,Nicholas Wolfe,mharris@example.org,Chennai,Kerala,2026-07-19 02:27:47.000
4462,Jacqueline Mcdowell,gabriellelewis@example.net,Hyderabad,Maharashtra,2026-08-16 08:06:53.000
4463,Cheryl Suarez,jacqueline38@example.org,Bengaluru,Tamil Nadu,2025-06-24 10:29:36.000
4464,Patrick Boyd,calexander@example.org,Kochi,Delhi,2026-07-24 08:57:41.000
4465,Dean Craig,williamrobinson@example.com,Bengaluru,Delhi,2025-02-09 22:45:09.000
4466,Ronald Crosby,gomezroger@example.org,Coimbatore,Kerala,2026-02-12 08:25:14.000
4467,Jesus Wood,steven27@example.com,Coimbatore,Telangana,2025-07-29 01:55:46.000
4468,Matthew Martinez,larry52@example.net,Mumbai,Delhi,2025-08-16 15:07:59.000
4469,Jason Trevino,davidmoss@example.com,Mumbai,Telangana,2025-07-08 19:12:55.000
4470,Megan Cobb,michaelgilbert@example.net,Delhi,Karnataka,2025-12-21 01:07:21.000
4471,Christopher Zavala,rcollins@example.net,Delhi,Kerala,2025-03-31 15:31:38.000
4472,Richard Coleman,tammyjordan@example.org,Mumbai,Maharashtra,2026-07-24 04:21:03.000
4473,Tara Young,mccarthykimberly@example.com,Kochi,Telangana,2025-03-03 21:31:50.000
4474,Bryan Murray,veronicafry@example.org,Delhi,Delhi,2026-01-28 17:52:37.000
4475,Catherine Jones,ryan72@example.org,Bengaluru,Telangana,2026-05-23 10:57:09.000
4476,Jeffrey Wilson,bwright@example.net,Coimbatore,Delhi,2025-06-28 22:01:55.000
4477,Laura Barron,bespinoza@example.com,Coimbatore,Maharashtra,2025-06-28 11:05:54.000
4478,Kayla Hoover,ugood@example.org,Hyderabad,Delhi,2025-07-10 06:05:08.000
4479,Carol Johnson,joshuahunt@example.net,Kochi,Kerala,2026-03-31 04:37:46.000
4480,Kenneth Patel,amandajackson@example.net,Hyderabad,Delhi,2025-07-22 03:57:04.000
4481,Mrs. Jessica Koch,erin90@example.org,Pune,Telangana,2025-09-01 18:28:57.000
4482,Travis Huerta,murphytodd@example.org,Bengaluru,Tamil Nadu,2025-11-14 07:02:38.000
4483,Kimberly Ramirez,angela22@example.net,Kochi,Delhi,2025-04-26 06:20:59.000
4484,Randy Carr,solomonkristin@example.com,Coimbatore,Kerala,2026-08-24 03:08:46.000
4485,Lacey Simmons,peter85@example.org,Mumbai,Karnataka,2025-12-19 16:27:44.000
4486,Emily Bruce,gmiller@example.net,Chennai,Karnataka,2025-04-04 19:40:02.000
4487,Beth Williams,robert77@example.net,Kochi,Telangana,2026-08-18 14:07:56.000
4488,Brendan Simpson,carol41@example.net,Coimbatore,Kerala,2025-03-20 10:41:24.000
4489,Steven Baker,jacobsonlaura@example.org,Hyderabad,Tamil Nadu,2025-12-02 02:14:57.000
4490,Heather Gibson,piercetiffany@example.com,Chennai,Kerala,2025-05-10 15:54:20.000
4491,Amy Tran,vjohnson@example.net,Bengaluru,Karnataka,2026-02-04 22:22:38.000
4492,Sarah Miller,wchapman@example.com,Kochi,Maharashtra,2025-10-03 05:53:38.000
4493,James Morrison,scottlisa@example.org,Hyderabad,Maharashtra,2026-06-26 07:41:33.000
4494,Anthony Santana,franciscoholmes@example.org,Mumbai,Kerala,2025-08-16 21:13:16.000
4495,Mrs. Christine Price MD,amykane@example.org,Bengaluru,Telangana,2025-09-19 11:26:00.000
4496,Adam Smith,mkim@example.net,Bengaluru,Kerala,2025-02-05 03:17:30.000
4497,Shawn May,victorsanford@example.net,Bengaluru,Kerala,2025-10-03 16:53:23.000
4498,Phillip Castro DDS,emily22@example.org,Coimbatore,Maharashtra,2026-05-05 23:33:38.000
4499,David Taylor,troyfarrell@example.org,Coimbatore,Kerala,2025-12-05 09:51:10.000
4500,Erica Jackson,abigailwashington@example.org,Pune,Maharashtra,2026-06-28 19:03:54.000
4501,Timothy Smith,alejandra78@example.com,Hyderabad,Kerala,2025-05-23 11:46:13.000
4502,William Ferguson,cassandra84@example.net,Bengaluru,Karnataka,2025-01-07 01:05:58.000
4503,Megan Walker,ochoacourtney@example.net,Delhi,Kerala,2026-05-20 09:46:55.000
4504,Nicholas Young,pricecourtney@example.com,Coimbatore,Maharashtra,2025-09-06 21:22:34.000
4505,Heather Burton,danielryan@example.com,Coimbatore,Karnataka,2026-01-31 02:14:37.000
4506,Danielle Gonzales,justin87@example.org,Pune,Tamil Nadu,2025-06-30 09:42:22.000
4507,Tracy Allen,taylor54@example.org,Pune,Maharashtra,2025-09-22 22:53:08.000
4508,Kyle Parker,sara71@example.net,Chennai,Delhi,2026-02-07 02:12:38.000
4509,Ashley James,masonkatherine@example.com,Kochi,Telangana,2025-09-08 17:25:46.000
4510,Erin Spears,craig41@example.org,Kochi,Telangana,2026-08-12 05:05:57.000
4511,Linda Lyons,pearsonlori@example.net,Hyderabad,Karnataka,2025-02-02 13:42:51.000
4512,George Lopez,douglasrebecca@example.org,Mumbai,Maharashtra,2026-02-08 05:22:38.000
4513,Jeffrey Smith,whitejohn@example.org,Pune,Delhi,2026-04-24 01:19:55.000
4514,Logan Walker,nicolesanchez@example.net,Delhi,Tamil Nadu,2025-09-27 18:59:29.000
4515,William Wilson,qthompson@example.com,Pune,Karnataka,2025-04-03 01:57:08.000
4516,Brandi Morris MD,fowlertara@example.com,Pune,Telangana,2026-01-13 23:32:50.000
4517,Amber James,stricklandjamie@example.net,Coimbatore,Karnataka,2025-05-12 12:22:04.000
4518,Charles Callahan,patriciastanley@example.com,Pune,Telangana,2026-04-16 19:49:52.000
4519,Austin Jackson,andersonbenjamin@example.org,Bengaluru,Karnataka,2026-06-02 15:13:22.000
4520,Kristen Rubio,nedwards@example.org,Pune,Karnataka,2025-03-16 13:07:21.000
4521,Gary Trujillo,christophersmith@example.org,Mumbai,Delhi,2026-01-31 02:49:16.000
4522,Dr. Becky Payne,thomasnatalie@example.net,Hyderabad,Tamil Nadu,2026-04-10 18:49:36.000
4523,Todd Parker,wellsshaun@example.org,Chennai,Delhi,2026-02-22 19:28:46.000
4524,Alyssa Macias,wsanchez@example.net,Mumbai,Tamil Nadu,2026-01-15 07:48:00.000
4525,Scott Williams,bryansteven@example.net,Chennai,Telangana,2025-06-07 18:49:17.000
4526,Joshua Jordan,ahurst@example.org,Pune,Delhi,2025-11-28 06:35:02.000
4527,Amy Davis,ibradley@example.org,Coimbatore,Delhi,2025-04-09 00:08:29.000
4528,Daniel Rodriguez,danielmarshall@example.com,Coimbatore,Telangana,2025-03-27 03:22:09.000
4529,Terry Munoz,carriesanders@example.org,Bengaluru,Maharashtra,2025-12-02 18:01:16.000
4530,Isaac Roberts,kelseyburnett@example.org,Coimbatore,Telangana,2025-03-09 11:15:32.000
4531,Nathaniel Knight,bradley30@example.net,Hyderabad,Telangana,2026-07-23 06:38:29.000
4532,Jamie Proctor,penamonica@example.net,Bengaluru,Telangana,2025-03-03 09:55:01.000
4533,John Chambers,brittney92@example.org,Mumbai,Kerala,2025-02-27 17:59:26.000
4534,Janet Buck PhD,morrisonfrances@example.net,Delhi,Karnataka,2026-01-29 20:17:12.000
4535,Philip Jones,geraldmurphy@example.net,Delhi,Telangana,2025-12-19 05:10:57.000
4536,Christopher Lewis,lindsay39@example.org,Bengaluru,Kerala,2026-06-19 08:05:09.000
4537,Katherine Campbell,anthony22@example.net,Delhi,Tamil Nadu,2025-12-03 14:44:40.000
4538,David Barnes,usmith@example.net,Bengaluru,Kerala,2026-02-09 21:40:36.000
4539,Jeffrey Brown,nancy15@example.com,Delhi,Karnataka,2026-03-10 13:02:53.000
4540,Michael Harris,kochcassandra@example.org,Chennai,Kerala,2026-05-03 05:26:27.000
4541,David Sanchez,carlowen@example.com,Chennai,Karnataka,2025-04-17 07:31:43.000
4542,Ryan Hampton,jeffrey04@example.com,Kochi,Karnataka,2026-06-08 00:06:34.000
4543,Albert Davis,andersonmichelle@example.net,Mumbai,Telangana,2026-01-01 03:35:11.000
4544,Andrea Conrad DVM,smithkyle@example.org,Hyderabad,Maharashtra,2025-05-26 07:53:14.000
4545,Erin Morris,yorkrenee@example.org,Coimbatore,Telangana,2025-04-13 08:46:46.000
4546,Travis King,morenocynthia@example.org,Mumbai,Kerala,2025-03-10 21:42:21.000
4547,Brian Calderon,ystanley@example.org,Mumbai,Tamil Nadu,2025-12-04 08:17:20.000
4548,Marc Holmes,paula14@example.net,Bengaluru,Maharashtra,2026-03-10 04:58:27.000
4549,Jonathan Freeman,wallacemichael@example.net,Mumbai,Kerala,2025-05-19 08:18:17.000
4550,Dawn Smith,clintonkelley@example.com,Chennai,Maharashtra,2026-06-19 08:54:27.000
4551,Nicholas Pham,edwardscharles@example.com,Pune,Delhi,2025-10-23 09:07:25.000
4552,David Logan,ashley40@example.com,Mumbai,Kerala,2025-09-28 20:18:34.000
4553,Alejandra Cline,schultzjennifer@example.com,Coimbatore,Delhi,2026-05-26 06:16:01.000
4554,Dawn Mack,michaelclayton@example.com,Hyderabad,Telangana,2025-06-30 02:48:18.000
4555,Linda Rivera,knapprebecca@example.net,Pune,Kerala,2026-01-12 18:10:22.000
4556,Taylor Johnson,morganstephen@example.org,Coimbatore,Kerala,2025-11-01 15:19:31.000
4557,Aaron Ramirez,christopherskinner@example.net,Delhi,Delhi,2026-01-09 13:43:35.000
4558,Matthew Ortega,gallen@example.net,Pune,Tamil Nadu,2025-06-20 01:09:39.000
4559,Sydney Perez,samanthakrueger@example.net,Bengaluru,Telangana,2025-11-22 21:47:58.000
4560,Alicia David,johnallen@example.org,Coimbatore,Telangana,2025-07-12 03:48:01.000
4561,Lindsey Galloway,russell04@example.com,Kochi,Tamil Nadu,2025-05-17 20:30:08.000
4562,Angie Adams,gracemcdonald@example.org,Coimbatore,Telangana,2026-05-29 02:42:58.000
4563,Paul House,charlescohen@example.org,Bengaluru,Telangana,2026-06-26 08:26:09.000
4564,William Hernandez,rebecca41@example.com,Kochi,Kerala,2025-04-10 11:10:17.000
4565,Rachel Young,jeremymunoz@example.com,Coimbatore,Maharashtra,2026-04-12 20:32:52.000
4566,Christina Smith,michael86@example.org,Kochi,Kerala,2025-07-02 10:06:30.000
4567,Gina Johnson,morenosteven@example.org,Chennai,Telangana,2025-07-28 02:27:46.000
4568,Larry Pope,floydcasey@example.net,Mumbai,Maharashtra,2025-02-17 05:27:17.000
4569,John Leblanc,tthompson@example.com,Delhi,Telangana,2026-06-09 06:42:28.000
4570,Kimberly Phillips,riveratiffany@example.org,Delhi,Maharashtra,2025-10-31 23:49:19.000
4571,Lori Roberts,pthomas@example.org,Coimbatore,Maharashtra,2025-11-06 15:55:29.000
4572,Kyle Contreras,vmoore@example.com,Pune,Tamil Nadu,2025-07-28 09:47:44.000
4573,Jesus English,kimberlyhoward@example.org,Coimbatore,Kerala,2025-06-20 01:29:24.000
4574,Mackenzie Waller,brandonewing@example.net,Delhi,Kerala,2025-02-05 10:34:39.000
4575,Kimberly Kelly,mauriceclark@example.org,Pune,Maharashtra,2025-11-15 07:26:27.000
4576,Amanda Parker,miguel49@example.org,Mumbai,Delhi,2025-05-10 08:26:24.000
4577,Samantha Michael,brianna25@example.net,Mumbai,Kerala,2025-03-27 16:25:55.000
4578,Alexis Gonzalez,dramos@example.org,Delhi,Karnataka,2026-04-15 21:17:39.000
4579,James Martinez,henry55@example.net,Chennai,Kerala,2025-01-17 09:39:44.000
4580,Diane Dunn,wmitchell@example.org,Kochi,Tamil Nadu,2026-08-30 04:20:07.000
4581,David Hudson MD,michaelramos@example.net,Delhi,Telangana,2026-08-19 14:58:18.000
4582,Eric Gray,johnspencer@example.com,Bengaluru,Kerala,2025-02-08 05:26:16.000
4583,Noah Jones,kelly21@example.org,Mumbai,Telangana,2026-02-20 21:56:02.000
4584,Doris Robles,rebecca83@example.org,Mumbai,Karnataka,2026-02-21 02:08:58.000
4585,Sarah Gentry,leealan@example.net,Kochi,Kerala,2025-06-28 03:06:15.000
4586,Ian Smith,daviscalvin@example.com,Pune,Karnataka,2025-10-18 09:37:38.000
4587,Paul Zimmerman,thomas64@example.net,Delhi,Maharashtra,2025-06-17 11:21:24.000
4588,Jodi Knight,swright@example.org,Mumbai,Tamil Nadu,2025-01-29 00:29:10.000
4589,Rachel Gibson,howellandrew@example.net,Chennai,Delhi,2025-03-21 15:07:29.000
4590,John Yang,john51@example.com,Kochi,Maharashtra,2025-02-02 20:15:09.000
4591,Sarah Arellano,cynthia68@example.net,Hyderabad,Telangana,2025-08-23 03:44:30.000
4592,Melissa Wilson,brendafrazier@example.net,Chennai,Karnataka,2026-05-06 13:02:52.000
4593,Kimberly Molina,johnpope@example.com,Mumbai,Tamil Nadu,2025-07-31 14:59:23.000
4594,Mr. Corey Suarez,lisalopez@example.com,Bengaluru,Maharashtra,2026-05-24 23:13:45.000
4595,Briana Hall,dustinbates@example.net,Kochi,Karnataka,2026-07-30 04:24:00.000
4596,James Cohen,lcobb@example.org,Pune,Tamil Nadu,2025-03-01 10:34:05.000
4597,Nancy Taylor,phampton@example.com,Bengaluru,Delhi,2026-07-15 21:09:34.000
4598,Jamie Murphy,richardsonjessica@example.net,Kochi,Tamil Nadu,2025-01-12 10:48:24.000
4599,Pamela Johnston,sonyasmith@example.net,Hyderabad,Tamil Nadu,2026-07-26 13:40:27.000
4600,Alexis Berg,kathleenjohnson@example.org,Kochi,Karnataka,2026-04-16 10:54:33.000
4601,Samuel Frazier,christopherhammond@example.com,Pune,Telangana,2025-11-27 05:25:15.000
4602,Angela Higgins,jperez@example.com,Chennai,Telangana,2025-08-01 20:39:26.000
4603,Deanna Berry,gutierrezluis@example.org,Coimbatore,Karnataka,2025-03-19 10:09:19.000
4604,Victoria Strickland,susan84@example.org,Pune,Kerala,2026-03-24 13:10:06.000
4605,Abigail White,poolechristopher@example.org,Coimbatore,Maharashtra,2025-08-15 05:04:55.000
4606,Lisa Vasquez,erin67@example.net,Kochi,Tamil Nadu,2025-06-22 15:05:43.000
4607,Tamara Ward,turnerjordan@example.com,Kochi,Delhi,2025-08-05 08:41:44.000
4608,James Ferguson,john97@example.org,Coimbatore,Telangana,2026-06-30 22:37:22.000
4609,Erik Howe,gharris@example.org,Mumbai,Maharashtra,2025-01-14 08:51:53.000
4610,Nancy King,jesseturner@example.com,Coimbatore,Kerala,2025-11-02 18:04:40.000
4611,Michele Howard,alex61@example.org,Delhi,Delhi,2026-07-10 00:42:47.000
4612,Isabel Bryant,fhebert@example.org,Bengaluru,Maharashtra,2025-06-24 00:47:49.000
4613,Amanda Hale,freeves@example.org,Chennai,Maharashtra,2026-08-23 00:19:04.000
4614,Katherine Bishop,monicayoder@example.net,Mumbai,Maharashtra,2025-10-15 05:58:29.000
4615,Timothy Charles,bnguyen@example.net,Coimbatore,Delhi,2025-03-26 14:56:46.000
4616,Ann Green,grahambrent@example.net,Pune,Telangana,2025-04-22 16:05:25.000
4617,Lee Barnes,hwagner@example.net,Bengaluru,Tamil Nadu,2026-03-12 15:39:43.000
4618,Robert David,davidclark@example.com,Hyderabad,Karnataka,2026-01-16 10:44:50.000
4619,James Moreno,sking@example.com,Mumbai,Tamil Nadu,2025-04-20 18:35:33.000
4620,Tina Khan,reynoldsrichard@example.net,Kochi,Delhi,2026-01-03 18:57:10.000
4621,Jerry Reed,chamberslori@example.com,Mumbai,Tamil Nadu,2026-08-20 01:31:51.000
4622,Debra Carr,melaniehernandez@example.net,Coimbatore,Telangana,2025-11-16 21:36:01.000
4623,Gregory Edwards,hmurray@example.org,Pune,Kerala,2025-09-20 10:19:29.000
4624,Jennifer Norton,kwells@example.net,Hyderabad,Tamil Nadu,2025-09-07 16:07:53.000
4625,Lori Pope,yoderjack@example.net,Kochi,Tamil Nadu,2025-07-28 06:34:59.000
4626,Rodney Mahoney,davisdana@example.org,Mumbai,Delhi,2026-01-15 14:31:46.000
4627,Kari Lewis,samantha28@example.net,Coimbatore,Telangana,2026-05-22 10:19:18.000
4628,Jennifer Colon,vcurtis@example.org,Mumbai,Telangana,2025-12-25 08:35:52.000
4629,Cameron Maldonado,jramirez@example.net,Coimbatore,Delhi,2026-03-07 22:21:23.000
4630,Tina Hernandez,joneswayne@example.net,Bengaluru,Tamil Nadu,2025-11-27 15:39:39.000
4631,Traci Gonzalez,ashley59@example.net,Bengaluru,Maharashtra,2025-04-09 20:43:02.000
4632,Derrick Martinez,rpatel@example.com,Chennai,Karnataka,2026-02-08 20:21:56.000
4633,Susan Bush,pbrown@example.net,Bengaluru,Karnataka,2025-06-03 07:11:56.000
4634,Alexander Martinez,amanda10@example.com,Coimbatore,Tamil Nadu,2025-01-31 08:10:02.000
4635,Lawrence Ibarra,mitchellmacias@example.com,Kochi,Maharashtra,2025-05-13 14:29:25.000
4636,Adam Wood,kimberlycarpenter@example.net,Coimbatore,Karnataka,2026-08-05 18:14:58.000
4637,Jeremy Smith,tinamartin@example.com,Kochi,Maharashtra,2025-01-08 04:35:29.000
4638,Erika Baker,umccarthy@example.org,Pune,Tamil Nadu,2025-12-05 05:55:27.000
4639,Jennifer Ramos,jamesjones@example.org,Pune,Kerala,2026-06-10 14:17:18.000
4640,Robert Morris,olara@example.org,Pune,Delhi,2025-09-08 09:42:47.000
4641,Sean Wise,angelablack@example.net,Delhi,Delhi,2026-05-21 00:59:33.000
4642,Randy Miller,osalas@example.net,Hyderabad,Karnataka,2025-08-14 09:39:36.000
4643,Stephen Haas,pneal@example.com,Mumbai,Delhi,2026-07-09 22:46:32.000
4644,Dawn Rogers,brandon98@example.net,Delhi,Delhi,2026-04-15 13:01:41.000
4645,Benjamin Levy,agray@example.org,Pune,Maharashtra,2025-12-26 12:42:42.000
4646,Jessica Thomas,glennwhite@example.org,Mumbai,Telangana,2026-08-04 00:41:39.000
4647,Alexandra Kerr,kennethhoward@example.org,Hyderabad,Karnataka,2026-02-12 07:07:22.000
4648,Ashley Curtis,torresedward@example.net,Coimbatore,Tamil Nadu,2025-09-04 18:08:02.000
4649,Rachel Gonzalez,nancy56@example.org,Kochi,Karnataka,2025-04-27 18:42:35.000
4650,Allison Deleon,marthaanderson@example.net,Coimbatore,Tamil Nadu,2025-01-05 08:26:12.000
4651,Martha Peck,davisrichard@example.com,Pune,Kerala,2025-05-26 18:30:17.000
4652,Matthew Brown,dudleykenneth@example.net,Mumbai,Kerala,2025-03-14 21:27:02.000
4653,Kara Rodriguez,hubbardsteve@example.org,Coimbatore,Telangana,2025-03-15 13:36:27.000
4654,Lauren Jordan,barbaralandry@example.com,Chennai,Delhi,2025-12-31 01:05:28.000
4655,Danielle Davis,jamesburns@example.org,Hyderabad,Tamil Nadu,2025-09-30 04:54:48.000
4656,Brenda Moses,travis14@example.org,Mumbai,Telangana,2026-05-04 10:05:13.000
4657,Jared Williams,mmiranda@example.net,Chennai,Karnataka,2025-08-02 06:33:13.000
4658,Sherri Garcia,igrant@example.org,Pune,Maharashtra,2026-03-30 23:16:49.000
4659,Kathy Smith,michael84@example.org,Pune,Telangana,2026-05-01 01:32:28.000
4660,Jordan Johnson,margaretwilliams@example.org,Kochi,Telangana,2026-03-12 19:53:28.000
4661,Emily Smith,ehernandez@example.net,Mumbai,Tamil Nadu,2026-04-06 07:35:38.000
4662,Kevin Davis,jason66@example.net,Hyderabad,Tamil Nadu,2026-07-22 12:27:13.000
4663,Larry Brown,joy02@example.com,Mumbai,Telangana,2025-05-19 12:13:25.000
4664,Joseph Jones,billsmith@example.net,Pune,Delhi,2025-03-21 11:25:21.000
4665,Richard Good,ysteele@example.org,Hyderabad,Delhi,2026-04-02 04:23:00.000
4666,Wesley Franco,billhodge@example.com,Kochi,Telangana,2026-03-24 03:00:00.000
4667,Daniel Klein,johneverett@example.com,Pune,Kerala,2026-04-24 08:58:09.000
4668,Henry Johnson,eric67@example.org,Coimbatore,Karnataka,2025-05-11 13:35:59.000
4669,Rebecca Murphy,marie57@example.com,Chennai,Karnataka,2025-06-18 02:47:54.000
4670,Adam Patton,ffrederick@example.net,Bengaluru,Delhi,2025-04-24 18:48:08.000
4671,Autumn Freeman,melissa36@example.org,Hyderabad,Karnataka,2026-01-05 07:17:28.000
4672,Harold Morales,charlesweiss@example.org,Chennai,Telangana,2025-03-02 10:03:45.000
4673,Amanda Allen,melissasheppard@example.net,Chennai,Karnataka,2026-02-02 10:52:38.000
4674,Holly Wells,santosbrenda@example.org,Coimbatore,Maharashtra,2026-06-01 09:33:26.000
4675,Justin Fuller,bradfordrachel@example.org,Coimbatore,Telangana,2025-08-24 00:05:45.000
4676,Phyllis Douglas,chad75@example.com,Bengaluru,Karnataka,2026-03-12 01:51:43.000
4677,Matthew Browning,mcgeeeric@example.com,Kochi,Maharashtra,2026-08-25 02:54:26.000
4678,Kelly Holmes,murphymichael@example.net,Kochi,Kerala,2026-01-04 12:54:39.000
4679,Steve Mueller,justin09@example.net,Delhi,Telangana,2026-02-10 10:31:07.000
4680,Paula Pierce,chrisvillanueva@example.com,Delhi,Delhi,2025-03-02 17:44:50.000
4681,Deanna Hill,christinadavis@example.org,Mumbai,Karnataka,2026-05-08 06:19:36.000
4682,Bradley Anderson,dkennedy@example.com,Pune,Kerala,2025-04-21 23:33:02.000
4683,Elizabeth Robinson,margaretbrock@example.net,Kochi,Delhi,2025-12-10 00:53:36.000
4684,Frank Williams,cynthiabaker@example.com,Coimbatore,Kerala,2025-07-14 14:23:10.000
4685,Anne Martin,mooremartha@example.org,Bengaluru,Delhi,2025-12-05 04:41:36.000
4686,Jason Hayes,anthony21@example.com,Delhi,Karnataka,2025-01-20 15:32:35.000
4687,Gregory Brooks,jadecase@example.org,Delhi,Maharashtra,2026-08-22 15:43:26.000
4688,Edward Patterson,thoover@example.org,Delhi,Kerala,2025-11-26 09:23:08.000
4689,Tony Baker,peter48@example.net,Mumbai,Delhi,2026-03-11 19:19:00.000
4690,Yvonne Thomas,michael20@example.com,Mumbai,Maharashtra,2025-10-18 15:42:10.000
4691,Jeff Fletcher,paulthompson@example.com,Hyderabad,Kerala,2025-01-09 06:56:54.000
4692,Michael Daniels,tamara78@example.org,Mumbai,Maharashtra,2025-10-08 09:22:01.000
4693,Andrew Martinez,dennispowers@example.net,Mumbai,Tamil Nadu,2026-04-01 07:20:38.000
4694,Denise Obrien,felicia08@example.net,Pune,Telangana,2025-03-15 02:18:33.000
4695,William Ryan,esmith@example.org,Delhi,Telangana,2026-01-26 12:44:50.000
4696,James Scott,paulwilson@example.com,Chennai,Delhi,2025-08-01 01:36:27.000
4697,Thomas Kennedy,thomas49@example.net,Chennai,Kerala,2025-08-02 13:27:57.000
4698,Jonathan Smith,jesse01@example.net,Coimbatore,Maharashtra,2025-02-04 02:40:45.000
4699,Alexis Rogers,monica19@example.com,Pune,Telangana,2026-05-01 15:53:07.000
4700,Carla Mcgee,david54@example.org,Chennai,Delhi,2025-01-24 15:11:27.000
4701,Kirsten Miller,jeffrey50@example.net,Coimbatore,Delhi,2026-05-07 01:48:33.000
4702,Melissa Lee,whart@example.net,Coimbatore,Maharashtra,2025-05-15 23:19:32.000
4703,Regina Montgomery,tyler64@example.org,Coimbatore,Kerala,2026-05-18 23:10:43.000
4704,Paige Jones,kristy42@example.net,Bengaluru,Tamil Nadu,2025-10-15 00:36:37.000
4705,Johnny Snyder,susan42@example.net,Chennai,Delhi,2026-07-09 01:04:14.000
4706,Mckenzie Cruz,stephaniemiller@example.net,Hyderabad,Kerala,2026-07-26 19:41:28.000
4707,Brian Lambert,jamiewood@example.org,Hyderabad,Karnataka,2025-03-06 07:57:46.000
4708,Tina Wilson,stephen39@example.net,Kochi,Tamil Nadu,2025-02-13 12:48:37.000
4709,Paul Gibbs,florespaul@example.net,Coimbatore,Kerala,2026-07-06 22:22:26.000
4710,Scott Smith,evelyn77@example.com,Chennai,Telangana,2025-03-17 17:04:27.000
4711,Michelle Myers,castrofernando@example.com,Pune,Karnataka,2026-05-24 20:02:47.000
4712,Jennifer Perkins,josephbrown@example.org,Chennai,Telangana,2026-06-06 22:49:07.000
4713,Charles White,johnsonmichelle@example.com,Delhi,Kerala,2025-05-12 10:22:08.000
4714,Robert Gill,williamspatrick@example.net,Delhi,Delhi,2025-01-12 00:10:13.000
4715,Michael Mason,johnnywhite@example.org,Kochi,Maharashtra,2026-06-03 15:14:55.000
4716,Ivan Carroll,zvalentine@example.org,Chennai,Tamil Nadu,2025-05-30 20:39:39.000
4717,Jonathan Anderson,hernandeztara@example.net,Hyderabad,Kerala,2025-07-27 02:27:14.000
4718,Ryan Benson,rogerfisher@example.org,Bengaluru,Karnataka,2025-12-11 09:33:14.000
4719,Katherine Monroe,elyons@example.net,Chennai,Telangana,2026-04-18 15:48:11.000
4720,Michael Ryan,meredith10@example.com,Mumbai,Kerala,2026-01-28 14:33:57.000
4721,Daniel Fuentes,mwoods@example.com,Kochi,Karnataka,2026-05-09 10:50:41.000
4722,Terry Woodard,joshuasmith@example.org,Chennai,Telangana,2025-08-01 15:18:53.000
4723,Emily Cooper,csmith@example.net,Delhi,Tamil Nadu,2025-09-23 05:08:08.000
4724,Ashley Hernandez,shafferjennifer@example.com,Coimbatore,Delhi,2026-06-25 19:49:37.000
4725,Jonathan Sanchez,tammymartin@example.org,Bengaluru,Delhi,2025-12-26 15:02:44.000
4726,Christine Tucker,ynguyen@example.com,Bengaluru,Tamil Nadu,2025-03-12 08:11:34.000
4727,Robert Ortiz,enovak@example.org,Hyderabad,Kerala,2025-03-09 02:56:30.000
4728,Sarah Ryan,grace93@example.org,Hyderabad,Telangana,2026-04-05 03:48:26.000
4729,Eric Miller,edwardslaurie@example.org,Chennai,Karnataka,2025-01-09 02:35:29.000
4730,Patricia Brown,jeffreytran@example.com,Mumbai,Kerala,2025-10-18 21:44:13.000
4731,Keith Yang,mmorris@example.net,Coimbatore,Tamil Nadu,2026-07-17 13:29:50.000
4732,Kristen Wilson,jenniferallen@example.org,Mumbai,Telangana,2026-06-13 20:43:14.000
4733,Edward Moore,rachel83@example.org,Mumbai,Kerala,2026-08-11 01:44:23.000
4734,Annette Velazquez,robert44@example.org,Hyderabad,Telangana,2025-02-11 10:14:31.000
4735,Sarah Murphy,brownthomas@example.com,Kochi,Kerala,2025-08-11 23:29:41.000
4736,Nicole Mendoza,jamienguyen@example.com,Hyderabad,Telangana,2025-04-20 01:43:54.000
4737,Elizabeth Wade,ashley58@example.net,Delhi,Maharashtra,2025-06-25 12:12:24.000
4738,Elizabeth Elliott,bsheppard@example.org,Mumbai,Telangana,2025-06-04 17:48:59.000
4739,Shannon Glover,raymondporter@example.net,Hyderabad,Telangana,2025-07-21 10:42:38.000
4740,Kristin Cowan,wanda36@example.org,Coimbatore,Telangana,2025-03-13 18:41:08.000
4741,Nicole Hicks,hayden65@example.org,Coimbatore,Telangana,2026-03-26 11:40:42.000
4742,Helen Turner,maria51@example.org,Delhi,Telangana,2026-08-23 22:01:49.000
4743,Robert Wright,webberika@example.org,Coimbatore,Kerala,2026-06-18 15:21:05.000
4744,Brian Hebert,josephgarcia@example.com,Hyderabad,Tamil Nadu,2026-03-31 13:20:49.000
4745,Roberto Ferguson,proctoramanda@example.org,Kochi,Karnataka,2026-02-22 20:05:31.000
4746,Sean Torres,peggy14@example.org,Mumbai,Kerala,2025-12-03 23:36:48.000
4747,James Ferguson,ywright@example.net,Delhi,Kerala,2026-06-14 17:43:56.000
4748,Stacy Wade,iharvey@example.com,Pune,Karnataka,2025-09-23 18:43:09.000
4749,Dr. James Miller,jamesshea@example.org,Pune,Tamil Nadu,2026-02-03 16:05:31.000
4750,Alyssa Moore,elliskenneth@example.net,Mumbai,Telangana,2025-06-19 12:33:59.000
4751,Kyle Schroeder,martinkennedy@example.net,Coimbatore,Telangana,2025-01-25 10:14:02.000
4752,Anne Calhoun,lindsaymartinez@example.net,Bengaluru,Delhi,2026-05-27 08:12:04.000
4753,Mark Rodriguez Jr.,stephanie40@example.net,Hyderabad,Maharashtra,2025-04-19 14:20:44.000
4754,Robin Baker,david99@example.net,Coimbatore,Delhi,2025-09-08 20:59:16.000
4755,Lisa Crane,allenmiller@example.com,Delhi,Delhi,2025-10-21 12:45:21.000
4756,Tara Hickman,lfreeman@example.com,Chennai,Telangana,2026-06-29 16:57:40.000
4757,Nicholas Knox,christina08@example.net,Bengaluru,Kerala,2025-10-06 18:05:07.000
4758,Patty Nunez,shepherddavid@example.net,Chennai,Karnataka,2025-11-24 07:36:36.000
4759,Jonathon Brown,mariebeck@example.com,Coimbatore,Telangana,2025-09-19 12:01:04.000
4760,Cynthia Ibarra,walkerchristopher@example.net,Bengaluru,Karnataka,2025-10-06 01:41:17.000
4761,Robin Finley,ymontoya@example.net,Pune,Karnataka,2025-12-29 14:33:04.000
4762,Ashley Porter,danielle14@example.net,Hyderabad,Tamil Nadu,2025-12-07 23:42:55.000
4763,Lisa Bryant,thompsonhailey@example.com,Coimbatore,Delhi,2026-03-24 08:46:10.000
4764,Stephanie Strickland,patricia54@example.net,Kochi,Kerala,2025-11-07 04:06:56.000
4765,Shane Valdez,ronaldmora@example.org,Coimbatore,Karnataka,2025-07-16 04:20:05.000
4766,Kevin Mcclain,williamslaura@example.com,Delhi,Delhi,2025-09-20 10:30:26.000
4767,Nathaniel Ramos,nicholas75@example.net,Coimbatore,Kerala,2025-11-08 14:02:09.000
4768,Bruce Shaw,vsuarez@example.net,Pune,Tamil Nadu,2025-07-01 23:43:31.000
4769,Melinda Johnson,zwelch@example.org,Bengaluru,Maharashtra,2025-11-27 19:14:37.000
4770,Tina Cox,benjamin96@example.com,Pune,Delhi,2025-11-08 06:31:25.000
4771,Joann White,montgomerygary@example.net,Chennai,Karnataka,2026-02-02 20:10:52.000
4772,Brian Jenkins,taylormark@example.org,Hyderabad,Telangana,2026-04-09 14:06:42.000
4773,Brett Larsen,ronald22@example.com,Mumbai,Delhi,2026-08-07 23:30:05.000
4774,David Beck,kristinahuffman@example.net,Hyderabad,Karnataka,2026-05-31 06:47:31.000
4775,Kelly Hodges,davidbullock@example.net,Delhi,Tamil Nadu,2025-03-12 05:09:10.000
4776,David Bright,lopezlisa@example.net,Pune,Karnataka,2025-09-26 19:49:02.000
4777,Jessica Young,cheyenne08@example.org,Coimbatore,Maharashtra,2025-05-09 10:11:59.000
4778,Tamara Johnson,smithjeremy@example.com,Coimbatore,Tamil Nadu,2026-05-27 13:21:15.000
4779,George Kelly,robert76@example.net,Hyderabad,Karnataka,2025-05-14 15:35:17.000
4780,Jessica Norman,olsonjulie@example.org,Pune,Telangana,2025-03-04 10:18:13.000
4781,Julie Webb,hgonzalez@example.net,Hyderabad,Karnataka,2025-06-07 22:11:47.000
4782,Erika Stone,perezjoseph@example.com,Kochi,Tamil Nadu,2026-07-17 10:50:36.000
4783,Joshua Oliver,tracy29@example.com,Mumbai,Karnataka,2026-06-16 19:59:10.000
4784,Jessica Aguirre,fnelson@example.net,Delhi,Tamil Nadu,2026-01-06 18:20:19.000
4785,Lisa Barnett,karen56@example.net,Hyderabad,Telangana,2025-03-19 14:31:19.000
4786,Kathy Anderson,cory02@example.net,Coimbatore,Delhi,2026-06-18 10:37:37.000
4787,Dawn West,kmahoney@example.net,Kochi,Kerala,2025-06-15 01:08:08.000
4788,Steven Ferguson,reneegordon@example.com,Coimbatore,Kerala,2025-10-20 06:35:00.000
4789,Robert Rice,kingcharles@example.net,Coimbatore,Kerala,2025-07-08 13:02:20.000
4790,Thomas Jones,mcdonaldjohn@example.net,Bengaluru,Maharashtra,2025-04-10 19:27:29.000
4791,Kathryn Richard,xrodriguez@example.net,Delhi,Karnataka,2025-11-07 14:22:11.000
4792,Craig Evans,veronicabrown@example.org,Delhi,Telangana,2026-06-09 02:14:39.000
4793,Ryan Crawford,rayalexa@example.com,Kochi,Delhi,2025-11-02 21:54:10.000
4794,Dr. Ann Torres MD,hamptonrichard@example.net,Bengaluru,Telangana,2026-01-15 06:44:44.000
4795,Nicole Cooper,christopher68@example.net,Chennai,Karnataka,2026-04-18 15:40:42.000
4796,Harry Buckley,dawndavenport@example.net,Hyderabad,Karnataka,2025-10-14 17:07:47.000
4797,Nichole Juarez,nicholassmith@example.net,Delhi,Telangana,2026-01-25 11:48:57.000
4798,Elijah Lane,jessicatucker@example.net,Chennai,Delhi,2026-04-11 09:20:30.000
4799,Christopher Lopez,hilljose@example.net,Kochi,Tamil Nadu,2026-05-17 10:25:57.000
4800,Brian Ortiz,kendrasmith@example.com,Mumbai,Karnataka,2026-01-24 07:44:15.000
4801,Jake Morris,watsoncody@example.com,Mumbai,Tamil Nadu,2025-06-14 01:39:22.000
4802,Laura Camacho,heatherhuffman@example.com,Pune,Maharashtra,2025-03-14 02:51:21.000
4803,Mark Macdonald,john84@example.org,Delhi,Maharashtra,2026-05-24 00:16:52.000
4804,Tammy Jordan,michealrichardson@example.com,Hyderabad,Maharashtra,2025-04-28 02:08:18.000
4805,Heather Clark,crawfordjulie@example.com,Pune,Telangana,2025-10-28 10:45:49.000
4806,Angela Landry,daniel48@example.net,Coimbatore,Tamil Nadu,2025-07-22 17:45:21.000
4807,Jennifer Powers,richardschristina@example.net,Kochi,Karnataka,2025-05-08 00:39:36.000
4808,Heather Wallace,swansonsarah@example.org,Kochi,Kerala,2026-02-06 20:04:34.000
4809,Tina Freeman,christine68@example.net,Bengaluru,Maharashtra,2025-03-06 04:31:48.000
4810,Carolyn Garcia,vhuffman@example.org,Delhi,Kerala,2026-07-24 01:58:15.000
4811,Jordan Thompson,sethsmith@example.net,Bengaluru,Kerala,2025-11-11 03:56:00.000
4812,Emily Owens,markthomas@example.com,Chennai,Karnataka,2025-09-05 19:04:17.000
4813,Kimberly Gomez,ryandowns@example.org,Hyderabad,Delhi,2026-01-29 18:36:49.000
4814,Sarah Hanson,ktaylor@example.org,Kochi,Kerala,2025-12-20 04:04:28.000
4815,Joshua Collier,amybailey@example.com,Chennai,Maharashtra,2026-05-23 20:02:11.000
4816,Manuel Nguyen,mollyevans@example.org,Kochi,Maharashtra,2026-08-23 03:11:10.000
4817,Nicholas Brown,richard88@example.org,Chennai,Telangana,2025-11-27 02:13:25.000
4818,Cathy Cortez,xjackson@example.net,Pune,Kerala,2026-05-08 12:48:03.000
4819,Kim White,sarah33@example.net,Bengaluru,Delhi,2025-12-16 17:38:24.000
4820,Wendy Ruiz,jeremy05@example.org,Delhi,Maharashtra,2026-07-08 01:04:46.000
4821,Lynn Scott,chapmancory@example.com,Delhi,Delhi,2025-10-11 09:31:00.000
4822,Shelby Mercer,alanvalencia@example.com,Bengaluru,Karnataka,2025-11-26 09:08:48.000
4823,Alexis Berry,rpacheco@example.net,Kochi,Kerala,2025-03-04 03:28:40.000
4824,Joshua Wilkerson,porterpaul@example.com,Hyderabad,Tamil Nadu,2025-09-19 20:17:30.000
4825,David Warner,troy21@example.com,Pune,Karnataka,2026-02-04 22:21:44.000
4826,Laura Shelton,aglover@example.net,Coimbatore,Maharashtra,2025-02-07 16:55:05.000
4827,Michael Leonard DDS,palmertaylor@example.org,Coimbatore,Telangana,2025-01-31 22:45:15.000
4828,Heather Price,jonnelson@example.com,Bengaluru,Maharashtra,2025-12-24 11:41:42.000
4829,Deborah Warren,larsenamy@example.com,Delhi,Tamil Nadu,2026-04-11 12:17:16.000
4830,Thomas Rodriguez,wellsdean@example.net,Delhi,Telangana,2025-11-27 15:40:13.000
4831,Christopher Thompson,russelllisa@example.org,Delhi,Kerala,2025-08-19 00:31:57.000
4832,Patricia Cook,sharonrogers@example.net,Chennai,Delhi,2025-07-27 13:37:52.000
4833,Margaret Griffin,michele99@example.org,Hyderabad,Telangana,2025-10-05 04:49:31.000
4834,Jennifer Campbell,conniegarner@example.com,Kochi,Tamil Nadu,2025-12-14 00:23:57.000
4835,Patrick Whitehead,marc98@example.org,Delhi,Telangana,2026-05-09 23:34:36.000
4836,Susan Contreras,larsenjacob@example.com,Chennai,Delhi,2025-03-28 17:55:38.000
4837,Edward Lawson,monica62@example.net,Delhi,Kerala,2025-01-29 10:30:13.000
4838,Nancy Martinez,michaelpratt@example.com,Kochi,Karnataka,2025-05-17 02:35:31.000
4839,Amy Potter,tiffanywang@example.org,Bengaluru,Delhi,2025-03-15 10:57:38.000
4840,Scott Lewis,mcmahonmichael@example.net,Hyderabad,Kerala,2025-04-23 08:21:55.000
4841,Jasmine Lowe,milleraustin@example.org,Coimbatore,Maharashtra,2025-08-02 08:42:32.000
4842,Darren Hudson,grimesalicia@example.net,Delhi,Maharashtra,2026-06-20 03:44:27.000
4843,Thomas Smith,hjensen@example.org,Mumbai,Kerala,2026-02-11 15:50:32.000
4844,Amber Simmons,silvachris@example.com,Coimbatore,Tamil Nadu,2025-03-01 10:44:13.000
4845,David Mosley,brittanywise@example.org,Delhi,Telangana,2025-01-30 17:43:42.000
4846,Alexandra Garrett,douglasjackson@example.com,Hyderabad,Delhi,2026-07-17 04:48:00.000
4847,Christopher Cruz,taylorstanley@example.org,Bengaluru,Maharashtra,2026-02-03 04:09:29.000
4848,Kelsey Baird,kvalenzuela@example.com,Bengaluru,Telangana,2026-05-10 13:42:49.000
4849,Roy Nelson,sandra58@example.net,Pune,Maharashtra,2025-11-08 06:19:38.000
4850,Robert Cisneros,john54@example.org,Chennai,Karnataka,2026-08-04 00:44:47.000
4851,Jeremy Chavez,meredithreid@example.com,Pune,Kerala,2026-05-23 02:51:10.000
4852,Stephen Jimenez,garymclaughlin@example.org,Bengaluru,Maharashtra,2025-04-01 10:19:38.000
4853,Jacob King,marissa58@example.net,Mumbai,Delhi,2025-07-22 16:56:25.000
4854,Emily Woods,andrewpaul@example.com,Pune,Delhi,2026-02-04 06:23:31.000
4855,Joseph Singh,mary26@example.org,Mumbai,Kerala,2025-02-07 22:16:47.000
4856,Drew Davis,robertsdustin@example.net,Delhi,Delhi,2026-01-03 07:50:16.000
4857,Jessica Patterson,matthew32@example.com,Mumbai,Maharashtra,2025-08-02 10:23:46.000
4858,Mr. Anthony Sanchez,keithpayne@example.com,Hyderabad,Telangana,2026-01-25 13:48:48.000
4859,Nicholas Avila,chensley@example.org,Chennai,Delhi,2025-11-06 15:45:33.000
4860,Michelle Santiago,derekhughes@example.org,Hyderabad,Kerala,2025-08-10 07:09:14.000
4861,Charles Bradley,kmiller@example.net,Pune,Tamil Nadu,2025-11-13 06:26:14.000
4862,Katherine Hill,kjenkins@example.org,Mumbai,Tamil Nadu,2026-08-31 10:28:45.000
4863,Bryan Williams,smithtravis@example.net,Kochi,Kerala,2025-04-11 19:01:52.000
4864,Matthew Cook,ernest52@example.com,Pune,Telangana,2025-12-26 04:31:45.000
4865,Diane Wolf,valerieburns@example.org,Delhi,Tamil Nadu,2025-06-21 21:46:21.000
4866,Michael Cannon,patriciawalker@example.org,Mumbai,Tamil Nadu,2026-07-05 16:52:35.000
4867,Sally Riley,debra60@example.net,Delhi,Karnataka,2025-02-19 11:52:21.000
4868,Crystal Clark MD,adamslinda@example.org,Pune,Kerala,2026-07-08 01:16:06.000
4869,Robert Olson,monicamiller@example.com,Coimbatore,Delhi,2025-11-23 19:37:26.000
4870,David Long,tara06@example.com,Delhi,Delhi,2025-10-30 04:13:19.000
4871,Rhonda Wiley,pughleon@example.com,Coimbatore,Delhi,2025-01-10 18:16:12.000
4872,John Rodriguez,sheilahughes@example.net,Delhi,Telangana,2025-09-06 06:34:25.000
4873,Mario Walsh,nicolejenkins@example.net,Delhi,Maharashtra,2025-04-28 21:21:31.000
4874,Jacob Williams,qrobinson@example.org,Coimbatore,Kerala,2026-01-23 13:33:41.000
4875,Justin Thornton,gdavidson@example.com,Mumbai,Delhi,2026-06-26 22:32:36.000
4876,James Morgan,bernardcontreras@example.net,Hyderabad,Kerala,2025-10-30 23:16:07.000
4877,Bradley Chambers,allenashley@example.net,Pune,Maharashtra,2025-01-26 01:29:28.000
4878,Jessica Wright,collinstiffany@example.net,Bengaluru,Kerala,2026-01-13 21:44:07.000
4879,Victoria Robinson,jacksonmichael@example.com,Delhi,Tamil Nadu,2025-06-11 05:02:05.000
4880,Sean Santana,rgardner@example.org,Delhi,Telangana,2025-08-15 15:58:32.000
4881,Patricia Crawford,justin15@example.com,Delhi,Maharashtra,2026-06-08 21:37:00.000
4882,Jeffrey Gibbs,douglas01@example.org,Coimbatore,Tamil Nadu,2025-05-02 02:11:45.000
4883,Danny Oconnell,daltonmark@example.org,Hyderabad,Delhi,2025-10-01 02:47:26.000
4884,Jennifer Guerrero,jackson17@example.org,Kochi,Maharashtra,2026-08-18 03:31:05.000
4885,Nancy Neal,abailey@example.net,Chennai,Telangana,2026-03-09 04:47:01.000
4886,Jessica Hill DDS,kristina59@example.net,Coimbatore,Karnataka,2025-10-19 11:48:25.000
4887,Charles Henry,cbarry@example.org,Hyderabad,Maharashtra,2026-04-17 13:34:10.000
4888,Scott Peterson,anthony08@example.org,Bengaluru,Tamil Nadu,2025-11-04 09:18:32.000
4889,Kimberly Schultz,rweeks@example.com,Mumbai,Karnataka,2025-03-27 22:20:39.000
4890,Jessica Davis,margaretramirez@example.org,Pune,Karnataka,2025-05-04 14:09:55.000
4891,James Roberts,caldwellarthur@example.org,Kochi,Delhi,2025-11-14 07:17:37.000
4892,Kyle Calderon,kristen73@example.com,Delhi,Karnataka,2025-11-21 19:26:24.000
4893,Ruth Patterson,christian81@example.net,Pune,Telangana,2026-08-22 11:09:17.000
4894,John Young,brianna78@example.net,Delhi,Kerala,2025-03-24 01:14:58.000
4895,Felicia Cox,leslieespinoza@example.org,Delhi,Delhi,2026-02-21 00:48:42.000
4896,Devin Watson,wrightamanda@example.org,Kochi,Karnataka,2025-11-10 18:28:17.000
4897,Adam Martinez,katrinahartman@example.net,Coimbatore,Maharashtra,2025-08-11 08:42:35.000
4898,Jesse Jones,xchan@example.com,Coimbatore,Karnataka,2025-05-18 23:12:01.000
4899,Yolanda Dixon,justin58@example.net,Kochi,Telangana,2025-01-03 14:12:47.000
4900,Joseph Soto,jacobmiller@example.com,Delhi,Maharashtra,2026-05-25 16:16:46.000
4901,Brenda Price,daniel82@example.net,Hyderabad,Kerala,2025-03-18 08:52:30.000
4902,Kristie Zimmerman,adam68@example.net,Kochi,Delhi,2026-05-23 06:44:43.000
4903,Brenda Barnett,patrick78@example.org,Kochi,Maharashtra,2025-11-15 16:25:51.000
4904,Holly Ward,janiceherrera@example.org,Mumbai,Kerala,2025-01-23 13:21:48.000
4905,Philip Valdez,robert37@example.net,Mumbai,Karnataka,2026-04-19 13:44:41.000
4906,Steven Martinez,aferrell@example.com,Bengaluru,Delhi,2026-03-20 04:28:11.000
4907,Andre Johnson,ryan01@example.org,Kochi,Tamil Nadu,2025-09-10 10:49:03.000
4908,Dana Hughes,burnettvincent@example.org,Mumbai,Karnataka,2026-03-19 04:38:08.000
4909,Jeffrey Carrillo,scowan@example.com,Coimbatore,Kerala,2025-03-12 15:44:14.000
4910,Amy Webb,michaelolson@example.org,Delhi,Tamil Nadu,2026-08-01 01:52:42.000
4911,Jasmine Gonzales,mramos@example.org,Kochi,Delhi,2026-02-02 03:59:01.000
4912,Mark Oneill,baileymorgan@example.org,Mumbai,Karnataka,2025-12-22 13:25:50.000
4913,Ian Ryan,shirleymatthews@example.com,Delhi,Kerala,2025-07-05 21:09:39.000
4914,Christopher Forbes,gonzalezwillie@example.com,Hyderabad,Maharashtra,2026-07-08 15:24:56.000
4915,Mary Brown,qwood@example.net,Mumbai,Telangana,2025-04-14 00:46:34.000
4916,Brian Norris,darren22@example.org,Pune,Tamil Nadu,2025-01-24 23:49:36.000
4917,Kaitlyn Mckinney MD,amanda76@example.net,Mumbai,Delhi,2025-12-25 05:00:38.000
4918,Lisa Long,fwilliams@example.org,Coimbatore,Karnataka,2026-06-16 00:33:10.000
4919,Travis Stout,jeremy65@example.com,Coimbatore,Karnataka,2025-05-18 09:14:34.000
4920,Wayne Gonzalez,bradley74@example.org,Coimbatore,Delhi,2026-05-14 04:10:33.000
4921,Angelica Garcia,xgonzalez@example.net,Bengaluru,Delhi,2025-09-15 07:07:10.000
4922,Marissa Rodriguez,lesliethornton@example.org,Hyderabad,Karnataka,2025-12-26 00:15:37.000
4923,Diane Warner,qcasey@example.org,Bengaluru,Tamil Nadu,2026-08-05 11:04:31.000
4924,Joanna Rivera,obrienjames@example.org,Chennai,Kerala,2026-06-10 17:48:56.000
4925,Karen Saunders,hunter97@example.org,Kochi,Delhi,2026-01-01 05:20:06.000
4926,Morgan Davis,billy77@example.com,Kochi,Tamil Nadu,2025-11-20 23:06:49.000
4927,Jennifer Moore,jasonchang@example.net,Pune,Kerala,2026-02-22 08:46:14.000
4928,Ian Miller Jr.,sanchezdiana@example.net,Bengaluru,Kerala,2026-08-27 04:48:30.000
4929,Edward Brown,charlottesteele@example.org,Chennai,Maharashtra,2026-01-09 10:54:09.000
4930,Peter Cobb,christopher16@example.com,Chennai,Telangana,2025-11-06 10:39:12.000
4931,Joshua Barber,aanderson@example.net,Chennai,Telangana,2025-11-07 05:54:15.000
4932,Teresa Rogers,smithkeith@example.net,Coimbatore,Maharashtra,2025-04-07 08:35:14.000
4933,Mark Lawrence,susanschaefer@example.org,Bengaluru,Karnataka,2025-07-23 21:20:16.000
4934,Steven Lowery,dpierce@example.net,Bengaluru,Kerala,2025-05-12 05:31:15.000
4935,Jeffrey Meadows MD,alexandria00@example.org,Delhi,Maharashtra,2026-05-25 22:44:12.000
4936,Brooke Brooks,catherinesmith@example.org,Delhi,Karnataka,2025-07-08 19:07:42.000
4937,Ryan Long,larsenelizabeth@example.org,Coimbatore,Karnataka,2025-07-25 10:46:51.000
4938,Denise Campbell,victor44@example.com,Bengaluru,Telangana,2026-05-14 16:24:37.000
4939,William Patton,fernandezjermaine@example.net,Bengaluru,Maharashtra,2026-07-05 18:15:46.000
4940,Joseph Moss,melissa33@example.net,Coimbatore,Karnataka,2026-08-11 23:08:26.000
4941,William Gonzalez,mathiskevin@example.com,Pune,Telangana,2025-08-18 08:38:35.000
4942,Cynthia Wilson,stacyrobinson@example.org,Coimbatore,Telangana,2025-12-16 19:37:12.000
4943,Kevin Pacheco,brownkelly@example.net,Pune,Delhi,2025-08-02 19:56:41.000
4944,Michael Wagner,ramosmatthew@example.net,Chennai,Karnataka,2025-04-25 23:22:00.000
4945,Troy Fox,paulmurray@example.com,Pune,Tamil Nadu,2025-06-21 16:08:24.000
4946,Thomas Dalton,collinsjason@example.org,Delhi,Delhi,2025-10-09 17:40:11.000
4947,Judy Underwood,sara62@example.com,Pune,Telangana,2026-07-11 00:09:46.000
4948,William Martin,wanglisa@example.net,Hyderabad,Delhi,2026-05-08 08:39:05.000
4949,Janice Sexton,brenda41@example.net,Pune,Maharashtra,2026-07-08 20:45:10.000
4950,Bryan Wilson,phillipgallegos@example.net,Coimbatore,Kerala,2025-08-18 00:57:16.000
4951,William Torres,susanpage@example.org,Hyderabad,Kerala,2026-06-24 21:16:38.000
4952,Justin Sweeney,qtorres@example.com,Hyderabad,Karnataka,2026-04-17 19:40:40.000
4953,Charles Rodriguez,marieserrano@example.net,Pune,Maharashtra,2025-07-19 20:31:37.000
4954,Colleen Lewis,williamssharon@example.org,Mumbai,Tamil Nadu,2025-06-14 09:39:59.000
4955,Jonathan Wells,tylerrocha@example.org,Pune,Karnataka,2026-03-30 18:55:32.000
4956,Joann Williams,rwatkins@example.net,Chennai,Telangana,2025-10-10 20:28:04.000
4957,Sara Hansen,colton77@example.com,Kochi,Maharashtra,2026-04-26 08:55:47.000
4958,Emily Trujillo,cindy40@example.org,Hyderabad,Telangana,2026-05-16 02:15:44.000
4959,Wanda Foster,austinhaney@example.com,Hyderabad,Delhi,2026-01-25 05:05:35.000
4960,Brad Landry,robertsphilip@example.com,Delhi,Delhi,2025-10-18 18:37:27.000
4961,Abigail Graham,ymorris@example.com,Kochi,Maharashtra,2026-05-19 14:36:50.000
4962,Edward Smith,buchanantyler@example.net,Hyderabad,Delhi,2026-01-10 10:06:34.000
4963,James Santos,mendozabrittany@example.net,Hyderabad,Maharashtra,2025-10-23 01:20:03.000
4964,Jennifer Schultz,stephaniethomas@example.org,Chennai,Kerala,2025-02-20 07:04:33.000
4965,John Gomez,vmartinez@example.com,Delhi,Karnataka,2025-08-29 05:55:27.000
4966,Russell Phillips,andreadavis@example.net,Mumbai,Karnataka,2025-04-27 13:51:10.000
4967,Michael Moore,vanessalarson@example.net,Pune,Delhi,2026-08-28 07:14:19.000
4968,Jodi Goodwin,crystalcrawford@example.net,Bengaluru,Kerala,2025-06-02 23:16:07.000
4969,Heather Lee,brandon49@example.com,Delhi,Maharashtra,2025-12-23 18:22:38.000
4970,Patrick Rodriguez,michelleriddle@example.net,Chennai,Kerala,2026-02-12 02:16:25.000
4971,Jessica Weber,lmaldonado@example.com,Mumbai,Kerala,2025-06-07 07:25:57.000
4972,David Hill,brittney60@example.com,Delhi,Kerala,2025-01-26 12:11:30.000
4973,John Wood,brittneycollins@example.com,Kochi,Kerala,2025-03-18 18:30:41.000
4974,Jason Evans,andrewbrown@example.org,Delhi,Delhi,2025-02-22 04:39:23.000
4975,Andrea Leonard,acevedokathleen@example.com,Pune,Delhi,2026-02-20 08:32:04.000
4976,Elizabeth Washington,eric98@example.org,Bengaluru,Tamil Nadu,2025-12-13 21:50:23.000
4977,Jasmine Jones,andreaboyd@example.org,Mumbai,Karnataka,2025-07-18 21:31:45.000
4978,Heather George,smithamber@example.org,Hyderabad,Kerala,2026-05-21 11:55:32.000
4979,Charles Scott,molinathomas@example.org,Mumbai,Karnataka,2026-06-20 15:46:25.000
4980,Debbie Hernandez,johngibbs@example.com,Coimbatore,Karnataka,2025-02-01 05:59:36.000
4981,Samantha Parker,steven25@example.org,Pune,Delhi,2025-08-04 12:32:16.000
4982,Brittany Hernandez,bphillips@example.com,Bengaluru,Kerala,2025-05-28 14:07:14.000
4983,Natalie Parks,reevesdylan@example.net,Bengaluru,Karnataka,2026-02-10 21:10:53.000
4984,Ashley Gentry,adamgonzalez@example.net,Pune,Tamil Nadu,2025-06-11 08:24:21.000
4985,Wendy Sandoval,gabriel55@example.net,Mumbai,Karnataka,2026-03-31 21:49:04.000
4986,Gregory Carter,ethan14@example.com,Coimbatore,Maharashtra,2025-03-18 07:53:23.000
4987,Frances Martin,deborahbartlett@example.net,Chennai,Telangana,2026-05-08 08:51:31.000
4988,Holly Dixon DDS,qallison@example.com,Bengaluru,Karnataka,2026-01-07 12:08:25.000
4989,Pamela Ramsey MD,howeshelly@example.net,Bengaluru,Maharashtra,2025-03-06 18:25:53.000
4990,Jeffrey Tucker,maria86@example.com,Coimbatore,Karnataka,2025-03-19 13:49:18.000
4991,Erica Robbins,hillcharles@example.net,Mumbai,Delhi,2026-01-14 10:38:16.000
4992,Erica Higgins,matthewwalker@example.com,Pune,Delhi,2025-01-08 11:00:11.000
4993,Patricia Black,smithsusan@example.org,Kochi,Tamil Nadu,2026-07-14 05:25:37.000
4994,Joshua Smith,zavalamelissa@example.org,Coimbatore,Kerala,2025-06-01 07:18:43.000
4995,James Gonzales,sperkins@example.com,Coimbatore,Tamil Nadu,2025-07-15 12:55:07.000
4996,Luis Colon,dcohen@example.net,Kochi,Delhi,2025-07-30 07:01:08.000
4997,Charles Kirk,brendajones@example.com,Coimbatore,Kerala,2025-05-18 02:47:33.000
4998,Noah Smith,fordmegan@example.org,Delhi,Delhi,2026-01-11 08:59:08.000
4999,Diane Miller,ambercurtis@example.org,Pune,Kerala,2025-08-21 17:38:36.000
5000,Seth Morales,mary07@example.com,Pune,Delhi,2025-07-13 10:06:23.000
